target,commit_id,oss_fuzz_commit,sanitizer
opensc,60b2fc8856df5ce51fed0c14a88cebef502f1b75,b1ebcf8698f692afbe2355af4c67e30dc779dba8,address
opensc,bec4f63c5b8308d7fdca842c5c0b62c3491d106a,b1ebcf8698f692afbe2355af4c67e30dc779dba8,address
opensc,3a3efe765e0c5d4828eec9eb7a2580c18db9a69e,b1ebcf8698f692afbe2355af4c67e30dc779dba8,address
opensc,58744abf2bb933b10729d36e5b43e469f6529f32,b1ebcf8698f692afbe2355af4c67e30dc779dba8,address
opensc,6aba21ecf347bed70c713156c452c40572d48e41,b1ebcf8698f692afbe2355af4c67e30dc779dba8,address
opensc,e48902f146494b5a27bf8a193ef2e08d0be7c3a2,b1ebcf8698f692afbe2355af4c67e30dc779dba8,address
opensc,35734aebc8868f353eed4a19d48a8f86a0d8a53b,b1ebcf8698f692afbe2355af4c67e30dc779dba8,address
opensc,45bb8c961daa5e91eaa6a2072b3b6ace9787a388,b1ebcf8698f692afbe2355af4c67e30dc779dba8,address
opensc,11f271e49af67acab8aff1c49b709c8d7d72fa2f,b1ebcf8698f692afbe2355af4c67e30dc779dba8,address
opensc,8a6e4948566d00876eda35a8ee9810115534c1f4,b1ebcf8698f692afbe2355af4c67e30dc779dba8,address
opensc,32d7b0bbe4ea753cc2d4171b11abd918efe87f99,b1ebcf8698f692afbe2355af4c67e30dc779dba8,address
opensc,8b11780b4788e9a304c5e743b50c1c608eee4d41,b1ebcf8698f692afbe2355af4c67e30dc779dba8,address
opensc,f77732aa8a51bdc8eb77b303fb7f713db67b49d8,b1ebcf8698f692afbe2355af4c67e30dc779dba8,address
opensc,8b2aaac9b2435134c5d234acef1be739fd1019ba,b1ebcf8698f692afbe2355af4c67e30dc779dba8,address
opensc,2420852ee0706c4d1a49c3ba5ae4e3d277199bb5,b1ebcf8698f692afbe2355af4c67e30dc779dba8,address
opensc,ac8d87751607fcc8669bd63891ecaad1a466f718,b1ebcf8698f692afbe2355af4c67e30dc779dba8,address
opensc,dbe4af17713b7a7b0c036f86486dc21e639e955f,b1ebcf8698f692afbe2355af4c67e30dc779dba8,address
opensc,5202602e101d02d9c8106b421f731423a6d8e39f,b1ebcf8698f692afbe2355af4c67e30dc779dba8,address
opensc,0773f4098ad424582af9f367fd7627fcdefba66e,b1ebcf8698f692afbe2355af4c67e30dc779dba8,address
opensc,53fd03f63ec35d526524621178e00027ec0cef29,b1ebcf8698f692afbe2355af4c67e30dc779dba8,address
opensc,ae4fb20f19f755115f68b598f1c0461595840865,b1ebcf8698f692afbe2355af4c67e30dc779dba8,address
opensc,c63b553c6f9c98e3089b35c1043ab5577698cb4f,b1ebcf8698f692afbe2355af4c67e30dc779dba8,address
opensc,d67e42b73516d488cd306b1c3d2adbe17c0ca3b2,b1ebcf8698f692afbe2355af4c67e30dc779dba8,address
opensc,c3789173c1874452318d7fc1c97c385eb225ee9c,b1ebcf8698f692afbe2355af4c67e30dc779dba8,address
opensc,4c487abeddc20ec9f7c16a5f8be785ebd3c57a64,b1ebcf8698f692afbe2355af4c67e30dc779dba8,address
opensc,2b9da90b5112e21aa42c1fe22f56966d2ee02d9e,b1ebcf8698f692afbe2355af4c67e30dc779dba8,address
opensc,328290ec72163f0082962a79a0e26788380be145,b1ebcf8698f692afbe2355af4c67e30dc779dba8,address
opensc,1060d0d6405cc3414d29e3378546ed9e91a0419f,b1ebcf8698f692afbe2355af4c67e30dc779dba8,address
opensc,bee06eded10b5225c74758b50edfa7050de5ba71,b1ebcf8698f692afbe2355af4c67e30dc779dba8,address
opensc,bbacd77067cb8a49dd53f1d63cbeba757c8a338d,b1ebcf8698f692afbe2355af4c67e30dc779dba8,address
opensc,97a30c320055da4da7fd97d6a01afee15e6846b7,b1ebcf8698f692afbe2355af4c67e30dc779dba8,address
opensc,5f8abf14335540963e2648f51c6b33fa8b8ee279,b1ebcf8698f692afbe2355af4c67e30dc779dba8,address
opensc,741ad259bd7d4ed862b8021bb6742eb65c498ffe,b1ebcf8698f692afbe2355af4c67e30dc779dba8,address
opensc,3d1acdf7d82eb2c532b525cc8d9229d6d0bdf72c,b1ebcf8698f692afbe2355af4c67e30dc779dba8,address
opensc,348f65ce230fb926686eb181101726bc93b38973,979e3a4430aa029524ccec7a904379549c7cbfa2,address
opensc,fac9bbe562df6722c521c044d6bbbd13fe437724,979e3a4430aa029524ccec7a904379549c7cbfa2,address
opensc,cf583886eae6a511363ba84531fa6967526a3875,979e3a4430aa029524ccec7a904379549c7cbfa2,address
opensc,6b8cabd2106ab448c820aab07f8b001db164b1f0,979e3a4430aa029524ccec7a904379549c7cbfa2,address
opensc,5e1aa4a82332c48ac1bfbc0e9bab88f5fe81a985,979e3a4430aa029524ccec7a904379549c7cbfa2,address
opensc,42d9d5d5e86254edb879c7b38f5506424279575a,5eb8a0b23851dcefd780b7298dd7ad3d1fefc2dd,address
opensc,f49aec093075560fa5240bd6696d5554f844043f,5eb8a0b23851dcefd780b7298dd7ad3d1fefc2dd,address
opensc,2d0ddf9fc521820af88099f309c7848230684da4,5eb8a0b23851dcefd780b7298dd7ad3d1fefc2dd,address
opensc,2192a2a0668a0675c6633e2d5a4f6c8f624160e8,5eb8a0b23851dcefd780b7298dd7ad3d1fefc2dd,address
opensc,e96dbe9a59b30f00eefa823b731c85e89d5aa960,5eb8a0b23851dcefd780b7298dd7ad3d1fefc2dd,address
opensc,a2aeff856a8a22c743f2dc7ce8232346511ee493,5eb8a0b23851dcefd780b7298dd7ad3d1fefc2dd,address
opensc,24b182c3769f6418e20b938b6dadcac01784f7b8,5eb8a0b23851dcefd780b7298dd7ad3d1fefc2dd,address
opensc,4db93abfb7c6db89cf05577e971ce5d8544b502c,5eb8a0b23851dcefd780b7298dd7ad3d1fefc2dd,address
opensc,39b9b0721bfcea2a0e75ee6a1445d3df3d21129e,f24b166ca27857a96122c70af20da8aed0a31e91,address
opensc,65892da2360fe74e872c54ae8137fc96773341b4,f24b166ca27857a96122c70af20da8aed0a31e91,address
opensc,0d1f6f70d65ae6ae625f53d2209fe928db3185c0,97ad471f06204756e9d1b2cf9b727d90fe93bda4,address
opensc,b2e17b3d1eeb8fcd58aeb44f50b976260353e06b,97ad471f06204756e9d1b2cf9b727d90fe93bda4,address
opensc,cff378a47305cd7e3520a5063239a0ae542658dc,3630c50e11a415fe2d85c83123df56db74ea5a39,address
opensc,5e952bca7a10a26eb679000e54e2533be09848d3,3630c50e11a415fe2d85c83123df56db74ea5a39,address
opensc,847ccabd898f31d2ade49cbfd11fef083ee9e84a,3630c50e11a415fe2d85c83123df56db74ea5a39,address
opensc,b4fd86cdbdb06d022b9a03bca6e2b43b4906fbd6,3630c50e11a415fe2d85c83123df56db74ea5a39,address
opensc,b35993db095c14be95fc0f40b96b44e2850b7990,3630c50e11a415fe2d85c83123df56db74ea5a39,address
opensc,aaaf1826f8fbd251871c0dc47bd55c206f7e9433,fd772dcbb51c694f76839bf1760beb756fae59cf,address
opensc,5e05636ba6765b83bdf8bb9d1d87e7a89fa4de8b,fd772dcbb51c694f76839bf1760beb756fae59cf,address
opensc,84c7c57f4a12a3df39c5e8e11a968218d6003dca,fd772dcbb51c694f76839bf1760beb756fae59cf,address
opensc,2a4da3533eee8b7d34e9ac1cfcfb9fd8e4200385,fd772dcbb51c694f76839bf1760beb756fae59cf,address
opensc,fb0b15a675e7959fb31c3c1be44d8878c6dc868d,fd772dcbb51c694f76839bf1760beb756fae59cf,address
opensc,59682b743e6bd89af4a1f7501043d0eff0204efc,fd772dcbb51c694f76839bf1760beb756fae59cf,address
opensc,4c121cfcf4b63b610f3cb3f475d7fe03db147299,fd772dcbb51c694f76839bf1760beb756fae59cf,address
opensc,6c4f42e8f36f983d30354403317e298b040554c3,fd772dcbb51c694f76839bf1760beb756fae59cf,address
opensc,b70d8ea756f2202d6f3ecb2bf5d0bc77ad793c74,fd772dcbb51c694f76839bf1760beb756fae59cf,address
opensc,2c9dddc7386dbb57844cf17688859e735a783fd8,fd772dcbb51c694f76839bf1760beb756fae59cf,address
opensc,4d7368fd3519a4778765b8eb818af0941a8d4f25,fd772dcbb51c694f76839bf1760beb756fae59cf,address
opensc,dd4876d262be4c1ec089c7a64edf3b524c8ebe0e,fd772dcbb51c694f76839bf1760beb756fae59cf,address
opensc,089cedc7520fbb9e0e4a912c4c3866a1aa429de6,fd772dcbb51c694f76839bf1760beb756fae59cf,address
opensc,da37a0d5ece632080351c529ac87f00495eddbfa,fd772dcbb51c694f76839bf1760beb756fae59cf,address
opensc,901310c7b4a0a5f00105660e37dee971367366eb,72e3e0741184ed3f68ba18c462e661c8c8cd1f53,address
opensc,9056b5115a472f19440a9f243be3c7caa8a8c055,72e3e0741184ed3f68ba18c462e661c8c8cd1f53,address
opensc,058873646d0aacd831e6b8c85e1ad31fa4b750f1,72e3e0741184ed3f68ba18c462e661c8c8cd1f53,address
opensc,f776ee3c90a47376be631989d4972623a2a61aa7,72e3e0741184ed3f68ba18c462e661c8c8cd1f53,address
opensc,3acda3511bca43496e4dd90d7e9772cccc26f9bf,72e3e0741184ed3f68ba18c462e661c8c8cd1f53,address
opensc,d5b6539b3b34694a701dc6dca996f06dbcc172db,72e3e0741184ed3f68ba18c462e661c8c8cd1f53,address
opensc,01cccbdc6332d9ea4bc7f8a68a22fa39e6251800,72e3e0741184ed3f68ba18c462e661c8c8cd1f53,address
opensc,44f75b3e44758a523374dd8bea0df693932a0e03,54be28b8fb22580b4c05a597c2eeb4ba5e541b56,address
opensc,296b0cdde14fa61f5cfd51c6f33ed39fb38e3ddb,54be28b8fb22580b4c05a597c2eeb4ba5e541b56,address
opensc,e1003a976c43b220f32dc1e4719dfadbb8f60690,54be28b8fb22580b4c05a597c2eeb4ba5e541b56,address
opensc,bbf33539967ddd9e88a482b701b63640a532b968,54be28b8fb22580b4c05a597c2eeb4ba5e541b56,address
opensc,6b5b40f504c814a969135fd166b211189d064890,54be28b8fb22580b4c05a597c2eeb4ba5e541b56,address
opensc,1b05d7664801d33f43475dfebb8741935977ad73,54be28b8fb22580b4c05a597c2eeb4ba5e541b56,address
opensc,d095bb757707339fdee862901c877c50bf115505,c5be869e4ee7d87066758eee7a668d0e1c0ed228,address
opensc,973d76dffe1b6b570111a57c995ac913a65f1ffd,c5be869e4ee7d87066758eee7a668d0e1c0ed228,address
opensc,10477a6f8757da16bb36ba7ab65ff07765697319,c5be869e4ee7d87066758eee7a668d0e1c0ed228,address
opensc,4e2adc8fe3fb859c5657f93288bfb073b4b92241,a5d3ab8cb0c9e3102c01d7c6daaa28d5c1fd3d97,address
opensc,cfa2d038ad484303b772180d9497113e6de24c55,a5d3ab8cb0c9e3102c01d7c6daaa28d5c1fd3d97,address
opensc,345541dfa9a90a8432490912b763a91bf87be3e9,a5d3ab8cb0c9e3102c01d7c6daaa28d5c1fd3d97,address
opensc,eb3185712a3bfbfc42f4503c12461200d3e57bfb,a5d3ab8cb0c9e3102c01d7c6daaa28d5c1fd3d97,address
opensc,cc55f918da4e6ded09eeb215f1843e1bc4d44da2,a5d3ab8cb0c9e3102c01d7c6daaa28d5c1fd3d97,address
opensc,c5a8f1c55085a5a635e75d6bab2524572ac3d633,a5d3ab8cb0c9e3102c01d7c6daaa28d5c1fd3d97,address
opensc,2c1550332caa899453e834c5b22bb56ed4e6763d,a5d3ab8cb0c9e3102c01d7c6daaa28d5c1fd3d97,address
opensc,6465263143379833bdaf69606c496ccb508ff35f,a5d3ab8cb0c9e3102c01d7c6daaa28d5c1fd3d97,address
opensc,217590ce6d0d02bb9abe20ac26bde8774cf8c8a4,a5d3ab8cb0c9e3102c01d7c6daaa28d5c1fd3d97,address
opensc,42bf95076dc8177c1925443cfc383126688df5e2,a5d3ab8cb0c9e3102c01d7c6daaa28d5c1fd3d97,address
opensc,0513c7dc48966f56c5299b40fa319010160823bd,a5d3ab8cb0c9e3102c01d7c6daaa28d5c1fd3d97,address
opensc,b3b241c1ad420d747090bedea90c8a81a10f1340,a5d3ab8cb0c9e3102c01d7c6daaa28d5c1fd3d97,address
opensc,77f2d9a7a92add7ad032c2f2b9d4889a0b3404cd,a5d3ab8cb0c9e3102c01d7c6daaa28d5c1fd3d97,address
opensc,df1b854ae4cf9aa7421c87670e489fe8fca953a7,a5d3ab8cb0c9e3102c01d7c6daaa28d5c1fd3d97,address
opensc,2fb6133e11bb458108bd328fcefe93f68a3a2358,a5d3ab8cb0c9e3102c01d7c6daaa28d5c1fd3d97,address
opensc,044ac94d810437af1af26aca62c76cbdb9a4b831,a5d3ab8cb0c9e3102c01d7c6daaa28d5c1fd3d97,address
opensc,b67be317821cd70906f2e81cfdfb18b6a6ad00fb,a5d3ab8cb0c9e3102c01d7c6daaa28d5c1fd3d97,address
opensc,a763d03ada77a84ae88358b5dea659a2d3984f6a,a5d3ab8cb0c9e3102c01d7c6daaa28d5c1fd3d97,address
opensc,4ebf005d4b04757beaf7c239799afbf84b137957,a5d3ab8cb0c9e3102c01d7c6daaa28d5c1fd3d97,address
opensc,34d3dfa33d257cae15e1177524be181124ed0c82,a5d3ab8cb0c9e3102c01d7c6daaa28d5c1fd3d97,address
opensc,4edb7ceffb6d704688be20a71c77d302dea0e82a,a5d3ab8cb0c9e3102c01d7c6daaa28d5c1fd3d97,address
opensc,e35238c398d668fa98b150371498909dba7d443c,f0f58d51eecf4b622b78ca1b33829f6eff34e6d2,address
opensc,2f0860409fa5f104836ea331f66f5d7de3fa2239,f0f58d51eecf4b622b78ca1b33829f6eff34e6d2,address
opensc,05e23bf8bd7014030b32647baad5fcbcb220f928,f0f58d51eecf4b622b78ca1b33829f6eff34e6d2,address
opensc,64be6695cee03655e489ffc11a9fd97f2b534285,f0f58d51eecf4b622b78ca1b33829f6eff34e6d2,address
opensc,0ed4b62ae9cd7104706b779fd50bb65385443310,5af82b8e388a3455690c40d3d99c92d4a213a602,address
opensc,9035200bb931ef11a422854435079824fb9ae580,5af82b8e388a3455690c40d3d99c92d4a213a602,address
opensc,1e6558ad6fb4cb508bd6a9d115e0899eaf6d3926,5af82b8e388a3455690c40d3d99c92d4a213a602,address
opensc,8697a01850d5e02a3099acd5160d0a0ee2d31077,5af82b8e388a3455690c40d3d99c92d4a213a602,address
opensc,fdf343bfcd80d8041f6d199492cf5508dec7b2f8,5af82b8e388a3455690c40d3d99c92d4a213a602,address
opensc,a6f363b92963b635d14897c9fef18c5354be4ff5,ae83c88a5430859378c420afacd1d43a768831af,address
opensc,d336f7f95e44b8797dd6e160e72c99f3b66eebdf,e9570a3adb41390b4a59bbe58c918dd7411617bb,address
opensc,67f73b6f69ea2e2cc2ee5386a9bddcbd77df346a,e9570a3adb41390b4a59bbe58c918dd7411617bb,address
opensc,522d9410cb0e03b76d60a3a0aac1593bd134458a,e9570a3adb41390b4a59bbe58c918dd7411617bb,address
opensc,8bb15107a0495e2e0e9ffbc6673e39f04e304674,e9570a3adb41390b4a59bbe58c918dd7411617bb,address
opensc,fd1976c8dd791da8dee6fff6c8bacde24ae709e6,e9570a3adb41390b4a59bbe58c918dd7411617bb,address
opensc,36a5db9817b6d301a598035f6322b85a31444cb4,e9570a3adb41390b4a59bbe58c918dd7411617bb,address
opensc,28996dc6c920ab39a242c58e0b652309d8bf3bec,e9570a3adb41390b4a59bbe58c918dd7411617bb,address
opensc,e8fb2db93442d02eb3e5df28e1c7de1432aa7a85,e9570a3adb41390b4a59bbe58c918dd7411617bb,address
opensc,46708b78554147d1a57b9112eae145053e85602a,e9570a3adb41390b4a59bbe58c918dd7411617bb,address
opensc,c4371fac9e5b5a5505d9f9f2ca6f8cc7a5d61a24,0eaf9d940e72f3bd3df02f62711ab12d5fe822ae,address
opensc,622e6e2469c67b4fdbbf7c9268bf865e77e61f85,189d30dbe5991f7092b414819f523d5f8c2f6aca,address
opensc,9f99a31ab580bad1ca1e67db3ee4f9830e830f48,189d30dbe5991f7092b414819f523d5f8c2f6aca,address
opensc,b48e53e6d93f1e9d6cc30f58da7e4a4e9fc3d529,189d30dbe5991f7092b414819f523d5f8c2f6aca,address
opensc,1fa87fc22f453bada84802595be01d0f9da24504,189d30dbe5991f7092b414819f523d5f8c2f6aca,address
opensc,0f77266f53729c8de3e1bead987d7d03ae261389,189d30dbe5991f7092b414819f523d5f8c2f6aca,address
opensc,03471974491367317a4827f39f85c495c32f2836,189d30dbe5991f7092b414819f523d5f8c2f6aca,address
opensc,ee5ee9c5af48a83eeac4545febac0931db38f127,189d30dbe5991f7092b414819f523d5f8c2f6aca,address
opensc,5d6f7cbfef47746fe60ccb5e89ed6101ac20f543,189d30dbe5991f7092b414819f523d5f8c2f6aca,address
opensc,9ca0f61363941a8acbd8607fac1ad87f7185110a,45023e3a63a19719e42bbf265db1851ee2ab1eb0,address
opensc,5b811caa617f7ce0a57a84bd6710328d72701662,45023e3a63a19719e42bbf265db1851ee2ab1eb0,address
opensc,4f5d4000549dc8382a22feb07e02fb8aa4f79423,45023e3a63a19719e42bbf265db1851ee2ab1eb0,address
opensc,3ac2fa475c6576f11a4f8305ae78300d5012410e,45023e3a63a19719e42bbf265db1851ee2ab1eb0,address
opensc,3d261b9a7f4b056b5b342c8b6ca1a5b1d91ee01e,45023e3a63a19719e42bbf265db1851ee2ab1eb0,address
opensc,3577feefe7cf522d7e7aa6554cafd95441a9e4dc,45023e3a63a19719e42bbf265db1851ee2ab1eb0,address
opensc,6dd0ea8999a0251b018b7a1be8cc088eeeb5f513,45023e3a63a19719e42bbf265db1851ee2ab1eb0,address
opensc,26a7dceb7b2adb8162a3a8cd888d3ef16b24c76b,45023e3a63a19719e42bbf265db1851ee2ab1eb0,address
opensc,74a8f296e0f195916d28e1c928f457e04aa22892,45023e3a63a19719e42bbf265db1851ee2ab1eb0,address
opensc,d72b0df64ac5f7c6065b2ff9a2564ec859c1e725,45023e3a63a19719e42bbf265db1851ee2ab1eb0,address
opensc,381c4c093399142f35c7ed60bd589421e28582ce,45023e3a63a19719e42bbf265db1851ee2ab1eb0,address
opensc,e455e2eac635a3ad47ff820de9026304690f9fa3,45023e3a63a19719e42bbf265db1851ee2ab1eb0,address
opensc,e141a0d436ed06cd075c92015fc42aaa6c2c5a95,45023e3a63a19719e42bbf265db1851ee2ab1eb0,address
opensc,45b599995c3a9d6a7f066e6f81fb61b43964d2de,45023e3a63a19719e42bbf265db1851ee2ab1eb0,address
opensc,b349ad5b98fab0410f37fa5d7208770a40559b11,45023e3a63a19719e42bbf265db1851ee2ab1eb0,address
opensc,c2e00e9071952b30ed6d58d9b7670eb3d93ea6fb,cf816c3244f022fc0eac0a32e3e344991cd802a8,address
opensc,b134623713057c672e40bbe91af2c8ac94a859c3,a5352add98f844a556bf7ecf8ec6b6de12f8461a,address
opensc,972d3292eee44e9b4c61769365a3ec651ec18f39,8ce7f22782b1e90f29f5169d51d03efa5f5b5070,address
opensc,92d1486e1eb03752a064af20bb718654beaac7d9,16d7deebd67092b579dd4209394474fcee4915e3,address
opensc,56d1abee4d35bf4a90ebb2bebb417890c534aec0,a32b5e927af7d60c217570c203ff13738b5bc742,address
opensc,331abb3faeee4fdfca4b269af11ea55acd6372d8,69588a42b790bf1e38223c9ab98dc9161ff94660,address
opensc,aa6bc38d6d0d6cafc4e4b05cdeb16ed8de01062b,69588a42b790bf1e38223c9ab98dc9161ff94660,address
opensc,150f6274fd2a882bc3f240a89057ff655782f9af,69588a42b790bf1e38223c9ab98dc9161ff94660,address
opensc,0863f2a2e70c5462e099f8a930b587f0d0526221,69588a42b790bf1e38223c9ab98dc9161ff94660,address
opensc,27e3db8b142522d7367cc446283fb07d855443d7,69588a42b790bf1e38223c9ab98dc9161ff94660,address
opensc,a558d5d5c0ad39f5a4da20c58b5994ce4d9a39f9,69588a42b790bf1e38223c9ab98dc9161ff94660,address
opensc,3065bb803e10af08352f4eb7c2056f6a5a21efa8,69588a42b790bf1e38223c9ab98dc9161ff94660,address
opensc,367c3ad2ef2c10cb29602f72163e7fb23c3f5827,69588a42b790bf1e38223c9ab98dc9161ff94660,address
opensc,d1a3039c350bf081cae132d6ffc1781d01fd55c6,69588a42b790bf1e38223c9ab98dc9161ff94660,address
opensc,f974627fc9ac734fa7e82b844e32b4d525700a05,69588a42b790bf1e38223c9ab98dc9161ff94660,address
opensc,1e37d171d1cfb253f9c724a8276f8c06855a8b54,69588a42b790bf1e38223c9ab98dc9161ff94660,address
opensc,3afb3f4e007e896e3c818bbacbe909795022a34e,69588a42b790bf1e38223c9ab98dc9161ff94660,address
opensc,2762c44a96fbc4a49799cc79c983c0bbfd89857e,69588a42b790bf1e38223c9ab98dc9161ff94660,address
opensc,187fa1a254b088b5ed4d74f3050baf5d4c5c6286,ddd25e3c3f6990c3f2d32c7b7787092bbdcf7ea4,address
opensc,9c5a880ea089b090cd8db44568fbe98e7667e843,ac2f797f40cb5fcf6e3c2f9b5507190c154fb227,address
opensc,2b01d2b963295332f2db1877090061dfbe675019,ac2f797f40cb5fcf6e3c2f9b5507190c154fb227,address
opensc,9ac0583e91b1b59bd9dc55b2376ff0be944afe55,ac2f797f40cb5fcf6e3c2f9b5507190c154fb227,address
opensc,ca4d63ecf625a9c01f2829089a9b2b121a6ea59d,ac2f797f40cb5fcf6e3c2f9b5507190c154fb227,address
opensc,fa378dadb5ee62c5dc1119639ddae797c166a08f,ac2f797f40cb5fcf6e3c2f9b5507190c154fb227,address
opensc,fae908729155d378acb62edba933a51c49bc39ed,d7b7141068f82c946b991410b934c7d3ed4515c5,address
opensc,ec808839dc421b4a65ace5212e8f584f86297d9c,50f16863230eeaa36f4dd6749ad56d4cc4b51c91,address
opensc,2b2ad1276dc878482172185b3ee3ce15a9ef50c9,50f16863230eeaa36f4dd6749ad56d4cc4b51c91,address
opensc,b0f962aa6fcd3dc2788d6cf2678d0f87b5bd02c2,50f16863230eeaa36f4dd6749ad56d4cc4b51c91,address
opensc,3cd7e44447cd64ca7168647e3f7149eacd57025c,50f16863230eeaa36f4dd6749ad56d4cc4b51c91,address
opensc,b550e572754e597b7963796e1c535f0b085e0e89,50f16863230eeaa36f4dd6749ad56d4cc4b51c91,address
opensc,21ae5f6eeed693cdbfef3cf9e921bcc7929ef3df,50f16863230eeaa36f4dd6749ad56d4cc4b51c91,address
opensc,93fac3f0b7ff17767bb4ddd78523a978302362c6,50f16863230eeaa36f4dd6749ad56d4cc4b51c91,address
opensc,39a006432e6fcd1349e17f2699e124516a372f42,50f16863230eeaa36f4dd6749ad56d4cc4b51c91,address
opensc,1dc22b145a63192dbf2c8577d052e8fe5816023a,50f16863230eeaa36f4dd6749ad56d4cc4b51c91,address
opensc,0d09c096a1796203e3a8cc85d060ffedfbc81394,50f16863230eeaa36f4dd6749ad56d4cc4b51c91,address
opensc,08696d5bfcc7bffa88acdb4f1b0d38fe83480ab4,50f16863230eeaa36f4dd6749ad56d4cc4b51c91,address
opensc,7789abaee6e1d0c633206e83d8373ca6ab410c95,50f16863230eeaa36f4dd6749ad56d4cc4b51c91,address
opensc,89299329dfd2220bb3b6f66dd66a60b6dd5bb7ff,50f16863230eeaa36f4dd6749ad56d4cc4b51c91,address
opensc,b4d106a7ab41b2531ee6387a573d48f3b88bac1b,50f16863230eeaa36f4dd6749ad56d4cc4b51c91,address
opensc,cd50544ec09d17e3ffaacff1803498d1bb6925aa,37cf22b6c7d353e34e16d35a124382fb3dd4fc66,address
opensc,e0378c281dd32d3257431259e92c6a81415cce85,37cf22b6c7d353e34e16d35a124382fb3dd4fc66,address
opensc,2cd3d547d595f053e70fd42e3bebde104bcb2345,37cf22b6c7d353e34e16d35a124382fb3dd4fc66,address
opensc,d6155fc8db6fbb04c844ee0cb836c449d8db382f,37cf22b6c7d353e34e16d35a124382fb3dd4fc66,address
opensc,8335120a8e9fb8c9fbdbdef4fd22f0b83cdf3aa2,37cf22b6c7d353e34e16d35a124382fb3dd4fc66,address
opensc,159c67588d46da1b568a39b1431e3143f565be62,d514b2b349e9e7795ebcb0f23d290925a59dfc46,address
opensc,217199cfb387bc87bacbb0a45d98a806053691b2,d514b2b349e9e7795ebcb0f23d290925a59dfc46,address
opensc,141ef84a36cb755699a78d67591a4db4f98355a5,d514b2b349e9e7795ebcb0f23d290925a59dfc46,address
opensc,b6e01bd7c67efd93356b045218fd8710eae4c544,d514b2b349e9e7795ebcb0f23d290925a59dfc46,address
opensc,e84cf49336f18564348da11002619557275de21a,d514b2b349e9e7795ebcb0f23d290925a59dfc46,address
opensc,238eff7dee0cd1a699b9b01fe875ce1276397931,674a4e29d07fa15106695f07d75c2111ae01362f,address
opensc,e0ba233e54ad2c2d1e146f11d2eafa5f02a43b95,3c9ea55a0a7e76cafe39a6881ac87c849c00026f,address
opensc,279f7f51b79f99193fa9b14bd214135efa5dcd47,3c9ea55a0a7e76cafe39a6881ac87c849c00026f,address
opensc,58d8099cb65d02589b4c54fbb5c820b0f4183aa5,3c9ea55a0a7e76cafe39a6881ac87c849c00026f,address
opensc,b8b700ade90d93bbf9c68f09375ad270b1dd63ab,b13cf7a510393b5269e183a9c00e09857867736b,address
opensc,d06608675c2c02bb8c8f0bc4fc67f7536314585b,b13cf7a510393b5269e183a9c00e09857867736b,address
opensc,a7bcc49e371ce6beaa4073accd61c5b75d027133,b13cf7a510393b5269e183a9c00e09857867736b,address
opensc,80556eaa6f1740153c768cbe6bfe22b7f911fa35,b13cf7a510393b5269e183a9c00e09857867736b,address
opensc,9178a4260b4948300539f6bb06ea04497163a0fc,b13cf7a510393b5269e183a9c00e09857867736b,address
opensc,05160ab91c50ba6be8321a57aa4fb1501a8099fe,b13cf7a510393b5269e183a9c00e09857867736b,address
opensc,f9253644c91f4fd1f143423961d3586bfd1178e4,b13cf7a510393b5269e183a9c00e09857867736b,address
opensc,bb62074b86e55b3e0b5d430bd6ba130881ab2d59,b13cf7a510393b5269e183a9c00e09857867736b,address
opensc,0790d79a414e60f90a20e26898f77e935d050781,b13cf7a510393b5269e183a9c00e09857867736b,address
opensc,49f48f57211508997131dd52c689ee8cdea42468,b13cf7a510393b5269e183a9c00e09857867736b,address
opensc,7f883f8b2d315ba9981dd056b957613ae4728f74,b13cf7a510393b5269e183a9c00e09857867736b,address
opensc,cc5564ffbe24c81d1caaf60bc0dc80dce5236ce6,b13cf7a510393b5269e183a9c00e09857867736b,address
opensc,ca1bf057fa8649031f1b65f7f3de0641b3fee312,b13cf7a510393b5269e183a9c00e09857867736b,address
opensc,56df8f520bd91c2fc1c9d5367e7a2160003a9af9,b13cf7a510393b5269e183a9c00e09857867736b,address
opensc,f7b7ebc05df94c307ff180316e80d2076f8a3852,b13cf7a510393b5269e183a9c00e09857867736b,address
opensc,786d0ac7c26456b8e73e06a2ba1d3414e78d57b9,b13cf7a510393b5269e183a9c00e09857867736b,address
opensc,e3f5156c40bc912354446de4603781420d375ca4,b13cf7a510393b5269e183a9c00e09857867736b,address
opensc,1d9333ec6fa32de6cf3eb3794b9b74a575a10113,12c881f772c524a697c1aac66180494ef8e0c25f,address
opensc,fbddac37ee43322c55741dad831c4a9168fd5c16,12c881f772c524a697c1aac66180494ef8e0c25f,address
opensc,ed949ed6b99eb6041c9309e061269c71540aabd5,12c881f772c524a697c1aac66180494ef8e0c25f,address
opensc,e2c36463ea83c9e9362200f6caa54ae91f531c98,12c881f772c524a697c1aac66180494ef8e0c25f,address
opensc,4f6a4c580501e067fcf45c2dd4f03c3226282014,12c881f772c524a697c1aac66180494ef8e0c25f,address
opensc,ed2a7ca896bc097f1294cd5f84187dce2a815c8f,12c881f772c524a697c1aac66180494ef8e0c25f,address
opensc,d29fd8f4ea0870e5e2a6d650d22a01d1c50d5967,12c881f772c524a697c1aac66180494ef8e0c25f,address
opensc,a5f708b1cd67ad5d0fc0512b77605fd3455ef788,12c881f772c524a697c1aac66180494ef8e0c25f,address
opensc,af5dea4c789077fea7fce5a54f0cd1a2baf722ed,12c881f772c524a697c1aac66180494ef8e0c25f,address
opensc,abfe5fa208bef939820e2d7c2c0d46ed37f7cbd1,12c881f772c524a697c1aac66180494ef8e0c25f,address
opensc,f5e13431419a43eb8df07ee0801a5b21d372adce,2757ed6601544a59c8b386161beac0fe535ff79a,address
opensc,d06c66a76c5ac40e75954254cc7b5f96d216e7a7,08e3cd017586d6f3877204168cfcc54e0cc9f350,address
opensc,c852236e8368b47b38d89b1b7fb2dbd78753e109,08e3cd017586d6f3877204168cfcc54e0cc9f350,address
opensc,3cea3d0a3a68565673f1d6310283bf95164ba98f,08e3cd017586d6f3877204168cfcc54e0cc9f350,address
opensc,549432d5e051e29b4dff04131748692a2c48db3a,08e3cd017586d6f3877204168cfcc54e0cc9f350,address
opensc,d55ed8a950b24a27170de7b5d4dd48cbec7c78a4,5894333df1a16a60b95a565bd03a70f856a0b7b5,address
opensc,ad7709725447c07697ed3f6eaf1de7e5e466be6d,5894333df1a16a60b95a565bd03a70f856a0b7b5,address
opensc,669f677e4c4e27203c69c901bac0b1887106db2f,5894333df1a16a60b95a565bd03a70f856a0b7b5,address
opensc,b774a15862774da8f5aa48153ff57583e5430407,5894333df1a16a60b95a565bd03a70f856a0b7b5,address
opensc,fa2eab861714a64371a3e2317e096862f1d9e4c8,5894333df1a16a60b95a565bd03a70f856a0b7b5,address
opensc,ac0f9473d0f000e6064f4d7778a524234581af88,b658818f433db39a762b0fcd60caf5f5f108afaf,address
opensc,79752170ca68b1f2fa3b2931bd2ae51421e47d0c,dfdbbb93351fc8d2f33ee5e07af7b2f66f4edcbd,address
opensc,01af6dc541828df5c64e47faf95e710f4a90a23d,dfdbbb93351fc8d2f33ee5e07af7b2f66f4edcbd,address
opensc,b51471439d880fda3098a3d5f2ea3db44096e5fc,dfdbbb93351fc8d2f33ee5e07af7b2f66f4edcbd,address
opensc,256802805b5706ed5cf09851a652c3ecee2f9c05,dfdbbb93351fc8d2f33ee5e07af7b2f66f4edcbd,address
opensc,87db8d763c4817a40c208dd382ba4089999e27b9,dfdbbb93351fc8d2f33ee5e07af7b2f66f4edcbd,address
opensc,f65746bb2a96113637528687e1675c51adcf01db,dfdbbb93351fc8d2f33ee5e07af7b2f66f4edcbd,address
opensc,be7dd6fe65057acb47e2e7499d5f7bae228723c7,dfdbbb93351fc8d2f33ee5e07af7b2f66f4edcbd,address
opensc,d22f0e57f47ea36d54fdf5f6f06fc4bb936142db,4195b68795a61f34140047083868f70048bb90e4,address
opensc,d6371b68739080a17420d187b0355d495f58d01b,4195b68795a61f34140047083868f70048bb90e4,address
opensc,c475a2a04a1a8501520ea380af0b5811971e803f,4195b68795a61f34140047083868f70048bb90e4,address
opensc,aa589f079acf2701fc76a8c0e68253e4b4a7bbce,4195b68795a61f34140047083868f70048bb90e4,address
opensc,c2765b1eccf3dee69ee1b4b7ba296b9faf01c980,4195b68795a61f34140047083868f70048bb90e4,address
opensc,35aac0ec2714836443fe7e5e98b03d5859f85fc3,4195b68795a61f34140047083868f70048bb90e4,address
opensc,674faf9b2f38e9b0c85749da889294801ab15348,4195b68795a61f34140047083868f70048bb90e4,address
opensc,4cff66c44e0195d1feb5103f3107baa419dab557,4195b68795a61f34140047083868f70048bb90e4,address
opensc,0d89605502b1bd53feffd54f9fefaa15b8855a42,4195b68795a61f34140047083868f70048bb90e4,address
opensc,a39d70b5327429a6e26cab82513265a339ecda0e,3e614b76f31581ad15df40ddf6aa8f524483f5f7,address
opensc,2158e709b7636e0b6fcf5f31705d455b31efb014,3e614b76f31581ad15df40ddf6aa8f524483f5f7,address
opensc,a3b5f8d0ae10c8db8f9ee1a9c5ea481dd01ded9f,1d505842f3d063dfb12a8e7b891a209c7a333ff3,address
opensc,6317b8aa98d33f3934b7405170c2366b20c3ed66,37824508297eed9212f4e84094184a8ca9e16160,address
opensc,1e4222efcf6d889adaab9d28f32623e5e1055042,37824508297eed9212f4e84094184a8ca9e16160,address
opensc,516dc1836ff4dfba72c8227c4e403b5a9dc46a5c,37824508297eed9212f4e84094184a8ca9e16160,address
opensc,cbe8bbefea36e8980d5a65bc350b317bc0244bb9,37824508297eed9212f4e84094184a8ca9e16160,address
opensc,581b93543abbeda6c17a5da11e2cf82401824bef,37824508297eed9212f4e84094184a8ca9e16160,address
opensc,9aeecabaddefd5ca1166dca1e9b9e7bccb2aeb09,e9a6842d47f2b38dc4862c06e517e7abe9c70e9d,address
opensc,26cd7f227720a560df113be1c7d620b1fb7cd98a,e9a6842d47f2b38dc4862c06e517e7abe9c70e9d,address
opensc,10dca3b425dcb15bdc5005f8a2671cdb7c268820,7623da9d819abe55bda96af38d1eb58acb243610,address
opensc,45e3daacb2380f38b7d09b3cfd6ec1e3240e24fb,7623da9d819abe55bda96af38d1eb58acb243610,address
opensc,f0bd269251ff64dc2b260059254b1374a91b0c87,a59176184f1db3fb9f565ae6cc9838f3db133912,address
opensc,97feb205ccaf0552f542f82e5bdb90c96db83aeb,a59176184f1db3fb9f565ae6cc9838f3db133912,address
opensc,e9f20c49eb94c05bae4b63d8e79b514dc0ffbc92,3c526620bdd391353bdc9e9a39738ba0a206a5e2,address
opensc,0b5f8130303e810e8291ecaed24646680777ab51,3c526620bdd391353bdc9e9a39738ba0a206a5e2,address
opensc,deb1234fe1eb8f457eff5c923e28c9ed4a8d9430,3c526620bdd391353bdc9e9a39738ba0a206a5e2,address
opensc,299dd6eea4312d552a474c6232fb7ef7a8cd6c5b,3c526620bdd391353bdc9e9a39738ba0a206a5e2,address
opensc,7aedf9cad5f21e74e9afeaf43e08b016e3772a4c,3c526620bdd391353bdc9e9a39738ba0a206a5e2,address
opensc,97479e4df9952e3ec7122ff7d288e61499db9130,3c526620bdd391353bdc9e9a39738ba0a206a5e2,address
opensc,f9944bd47365e1698eb8cc0627ad7e6ad3c56450,3c526620bdd391353bdc9e9a39738ba0a206a5e2,address
opensc,cb7183c1049be9ae1612130fd8ed9260f1444bd1,3c526620bdd391353bdc9e9a39738ba0a206a5e2,address
opensc,f43169a8d7dc9dc9df99c15bcec0c804b8efd856,3c526620bdd391353bdc9e9a39738ba0a206a5e2,address
opensc,74768e5c6ab4d86a1cbf6a979f5796a9d9504c3e,3c526620bdd391353bdc9e9a39738ba0a206a5e2,address
opensc,c17bd11bd4bd9c708c2b7ccf5db828d491bbefc0,3c526620bdd391353bdc9e9a39738ba0a206a5e2,address
opensc,0e315cea6112110fa618d366d9268787c4f9ae34,c56573eef7f8c8044ef44b1c08e55c08e3dcc989,address
opensc,4e2713e6210a9da3fda0a150cbc12d635ef9d3fa,c56573eef7f8c8044ef44b1c08e55c08e3dcc989,address
opensc,aafe3c1db4aceef4c0da4e359b456771ededfb0b,c56573eef7f8c8044ef44b1c08e55c08e3dcc989,address
opensc,854f68c6fcdd1be5ee56672ae69e2266bcd9467a,c56573eef7f8c8044ef44b1c08e55c08e3dcc989,address
opensc,8045aa37475917f4ce7ffd1180942282c6f298b9,c56573eef7f8c8044ef44b1c08e55c08e3dcc989,address
opensc,e9a2de55dc9fbfbe987709f0d54497ae40004daa,c56573eef7f8c8044ef44b1c08e55c08e3dcc989,address
opensc,ec6d7b198d51c3c9f4b01fe7791137eded1a76b2,c56573eef7f8c8044ef44b1c08e55c08e3dcc989,address
opensc,a82f7fac0af94b46abe83f11edf052390227ace8,f8088ef0eff2c27789511701f554965db8296459,address
opensc,1e46ef9cd581acdbbb624626f2cb2174a5e9f1cb,f8088ef0eff2c27789511701f554965db8296459,address
opensc,782e93e54dc250259f6db14eb7c459ee6996d09f,f8088ef0eff2c27789511701f554965db8296459,address
opensc,7eb0ec34c87fee640d977fdc396feca3bbb30217,2fed2b598585c7812b19ed9ca7a9ff0b5b5a9213,address
opensc,123accfab0fcb727f1c8414efdceea7ff0055361,8acb150e82898ef0df3fba229d800ecb3b300336,address
opensc,9661a9fb4e3bb2d47797379ada5f278975c7ddf6,8acb150e82898ef0df3fba229d800ecb3b300336,address
opensc,1d1f0c0a1c0a72604f8a571adffa0e147855052b,8acb150e82898ef0df3fba229d800ecb3b300336,address
opensc,d12eda0e5b99af45e41953f8019a419899648edc,8acb150e82898ef0df3fba229d800ecb3b300336,address
opensc,a2cc2d14727b47f33888e001a7fb0d59fca26662,8acb150e82898ef0df3fba229d800ecb3b300336,address
opensc,cb8f78ce5e9cc3e5ecc47163c3ec89f6c8e4a203,8acb150e82898ef0df3fba229d800ecb3b300336,address
opensc,97dc5997a20e51331982d767774382898e4549f2,99b565c9a9699a0a4811dc93fdeda60db5159813,address
opensc,a48d7cbbcbc4b0ab7b567b82a0d8c797d5744318,99b565c9a9699a0a4811dc93fdeda60db5159813,address
opensc,298879ac97a4227fdb2ab20b1d264473575bf4dc,99b565c9a9699a0a4811dc93fdeda60db5159813,address
opensc,a3063dee49e9afa29aae1068588676bd490c94f3,99b565c9a9699a0a4811dc93fdeda60db5159813,address
opensc,2e2c683327787d39e41e8ec7aa09bfbbf3508829,99b565c9a9699a0a4811dc93fdeda60db5159813,address
opensc,80ec11f8e6a73ba644e1348b0f27e20747aef9e0,102c52351d0dcc70a89c922c4b000abf13114c20,address
opensc,f8ad86cd7df9ddeee1fbd528225d99344a1c431d,102c52351d0dcc70a89c922c4b000abf13114c20,address
opensc,f12c766309bcaa4ca1321835938e4dc85ac9535f,974f255c2952dfd24ba6bbf1e59da0af3dd67dba,address
opensc,0ab6233d0c051624c0d91e41347e352ea0a19201,974f255c2952dfd24ba6bbf1e59da0af3dd67dba,address
opensc,cff00cadf40d312bf1b6063d8b237c6638b8280c,974f255c2952dfd24ba6bbf1e59da0af3dd67dba,address
opensc,5115785acace52bb4e98ade69258b823aa209d9a,974f255c2952dfd24ba6bbf1e59da0af3dd67dba,address
opensc,a4eed9597729d7d73f7b17a9264b05ae40b78606,974f255c2952dfd24ba6bbf1e59da0af3dd67dba,address
opensc,1708c065f1ff2f754e9756de69ab3a3139a255bb,974f255c2952dfd24ba6bbf1e59da0af3dd67dba,address
opensc,659aeea5a4673b2daafcd1627d29210c47c7d9fe,29460d2212209595616d52619c33201dc7264b00,address
opensc,93628426f64989c95bd83acd766831529c658ac5,29460d2212209595616d52619c33201dc7264b00,address
opensc,c06587ac6520acffa256f4f2cce1d1d7f4032096,29460d2212209595616d52619c33201dc7264b00,address
opensc,a52786bcd9016b231b34faea33e5eef73fc56e16,29460d2212209595616d52619c33201dc7264b00,address
opensc,32db85d0669f562c18503960730f3dedb132f6dd,29460d2212209595616d52619c33201dc7264b00,address
opensc,2ea0fe49e8354f6f571a0762755f263f4ea05dce,9ed2ddb0a307d539d6e3d0db8239f80de9798df7,address
opensc,e6593b237eea851072e0d545795ee23ec0b4b524,40ed51071e171d8d17543e76ce194257d7ba3b64,address
opensc,2e5ead9d2e3776bd8c7e24ccf1695d062f7c3d14,40ed51071e171d8d17543e76ce194257d7ba3b64,address
opensc,4ac3539c3794c050001e38e23df6c51db8bfeb9b,40ed51071e171d8d17543e76ce194257d7ba3b64,address
opensc,c8a5a5f938cadb6847bd42b6c7f1d5accd35f1a9,40ed51071e171d8d17543e76ce194257d7ba3b64,address
opensc,c5feda3715adb6072b538fbc3d3f1592728ac4c0,40ed51071e171d8d17543e76ce194257d7ba3b64,address
opensc,e4cbf6a412f97c0770f612c0cd6a49ae2062204d,40ed51071e171d8d17543e76ce194257d7ba3b64,address
opensc,efd4eff7f9934134e404ffc12445da997cde6b11,40ed51071e171d8d17543e76ce194257d7ba3b64,address
opensc,d18c85add229dd79d65b2a8989cf2e366d7df388,40ed51071e171d8d17543e76ce194257d7ba3b64,address
opensc,a6eecaa30fc0323967bbd4d82093a45c7ef2d422,40ed51071e171d8d17543e76ce194257d7ba3b64,address
opensc,1e776994b9bfdabfb102fe81fa82b4d26b3a6de9,3b98924bdbda3b06ca765e60f1c696f381afb326,address
opensc,f547dbee126ab749783bf968972fa03597eea0b8,3b98924bdbda3b06ca765e60f1c696f381afb326,address
opensc,05b76552248f78b40b24237b06b2f0211ee65b58,3b98924bdbda3b06ca765e60f1c696f381afb326,address
opensc,0114bb38ae79397ac251425e4e2f8ae43e3adf42,3b98924bdbda3b06ca765e60f1c696f381afb326,address
opensc,454d8b575da57552be4d45a85384e8efa11764d6,3b98924bdbda3b06ca765e60f1c696f381afb326,address
opensc,e8233a8cba2af206fa44d040a0f22d9776580ef5,3b98924bdbda3b06ca765e60f1c696f381afb326,address
opensc,9e33f53c82dd9d218eda194812ee7c48de5adb04,f1593612c7711c088ad870a79725f4b6fdd44316,address
opensc,bb9bd627462af4d61943a33d6e54308e103618f0,044a0b05cb5c3cd67778c8825407714953d1f917,address
opensc,839f266b5a81fab3e18650f768484ca0e8792680,044a0b05cb5c3cd67778c8825407714953d1f917,address
opensc,cb4e46a176087a970af5e6ff62a740b3b70d7d7b,044a0b05cb5c3cd67778c8825407714953d1f917,address
opensc,8eda7587958b4bdb8afd2556f6e56398b0cc6db4,044a0b05cb5c3cd67778c8825407714953d1f917,address
opensc,ecd057bab93ab3493aede4f57feee221465e78a0,dbf4d1181ac4ead4ed4468b997b1400cedda3c68,address
opensc,d3c393c21a95333e0109aa115779f8a5064c3bfc,dbf4d1181ac4ead4ed4468b997b1400cedda3c68,address
opensc,5497519ea6b4af596628f8f8f2f904bacaa3148f,dbf4d1181ac4ead4ed4468b997b1400cedda3c68,address
opensc,72acb01f570711ac62dbb2b1ef8198651d7b6d81,2b8285edd4613bd3ecec9e0c92b597eab33caaed,address
opensc,9294183e07ff4944e3f5e590f343f5727636767e,807a4f92484d2f6c6df6f9f95e01fbe4dc9e9c29,address
opensc,cff91cf6167743bdd59285150c4ef19802ed2644,807a4f92484d2f6c6df6f9f95e01fbe4dc9e9c29,address
opensc,a8b95a8dc1ff3bb69ed66fa17f8f02c35792c760,807a4f92484d2f6c6df6f9f95e01fbe4dc9e9c29,address
opensc,7b2b50591622a0fd1e388440ca5f56f354da6fa3,807a4f92484d2f6c6df6f9f95e01fbe4dc9e9c29,address
opensc,6a3448861769d365bbf62edd22930e7f677a1a78,807a4f92484d2f6c6df6f9f95e01fbe4dc9e9c29,address
opensc,5f6f619d8f2b5b412da9f38e4e713e78c9b5f67d,807a4f92484d2f6c6df6f9f95e01fbe4dc9e9c29,address
opensc,a1c8841f2d2554bd237c17f03987b1266bb1a01b,807a4f92484d2f6c6df6f9f95e01fbe4dc9e9c29,address
opensc,cc147181c22251b6478dd421c6c8bee62be7144f,dfede1ec348a78ef3785c57d5ef678e2879d7ecf,address
opensc,50099a90efa98cb92e861f6938d5a8a66a14101b,dfede1ec348a78ef3785c57d5ef678e2879d7ecf,address
opensc,ec7889e4b8403f173d4589f38daf50cf3d869db8,dfede1ec348a78ef3785c57d5ef678e2879d7ecf,address
opensc,e7693226a31f02a48e01203d7f0d22ba56f8d68e,dfede1ec348a78ef3785c57d5ef678e2879d7ecf,address
opensc,f7f90c4856a30854a85bca0aba4b90b3109ef821,703b51dc6ee45e55d4bdd78160d77d44ee16e748,address
opensc,b4e7a381e368ce9f0088c0479e3c7986546d0730,703b51dc6ee45e55d4bdd78160d77d44ee16e748,address
opensc,578aed8391ef117ca64a9e0cba8e5c264368a0ec,703b51dc6ee45e55d4bdd78160d77d44ee16e748,address
opensc,e7f81d86dcdc751f4737f4b29a99bfc54d29c5c9,703b51dc6ee45e55d4bdd78160d77d44ee16e748,address
opensc,a0aef25c7f2ce0ec2c7e1014f959f0fe86ff0479,d053a8bf793653f01ef6a77f27d2d4d24fb19ec9,address
opensc,d9253551301d21942ed825cc835eb809c1063bbc,3e7af92428b851ded20215c9e4a2d5d636b64416,address
opensc,93a6daa4317bfa59fb68cc85fbef04fe83c3d638,3e7af92428b851ded20215c9e4a2d5d636b64416,address
opensc,da01e5fab9be9865db1aac203e574e0edbfd6584,3e7af92428b851ded20215c9e4a2d5d636b64416,address
opensc,98ad0f93b0a7673cdce82e1b3faa7dc314c64dd6,3e7af92428b851ded20215c9e4a2d5d636b64416,address
opensc,4e52cebeeda823709aa31f684125f1ce92b4c67d,3e7af92428b851ded20215c9e4a2d5d636b64416,address
opensc,ad33a3ac9bbe0b3c9978f154e5ff66190b4043e4,3e7af92428b851ded20215c9e4a2d5d636b64416,address
opensc,ce773aaaaedd37a66329e0eea3c45f30cb567fe2,3e7af92428b851ded20215c9e4a2d5d636b64416,address
opensc,0cc7f841616eddd5b02008f25b5c1422cac1b072,3e7af92428b851ded20215c9e4a2d5d636b64416,address
opensc,beaffda81006b27d0076e3d9f57038615b995bd1,3e7af92428b851ded20215c9e4a2d5d636b64416,address
opensc,a231201393367aa281cbc4a5b6c52422b3a6d942,3e7af92428b851ded20215c9e4a2d5d636b64416,address
opensc,93d033b1bd85a481126b987892063a07ba908910,91d35e7d393982a6a286d996a75fe7daf118622a,address
opensc,dd7db66af32ace5ab0206d6236361362833feea3,91d35e7d393982a6a286d996a75fe7daf118622a,address
opensc,cd85348c652ac1e1a36ef0b2aa8f1a9ec02ed388,91d35e7d393982a6a286d996a75fe7daf118622a,address
opensc,790a94f09924f4968732392fcf31640033f22ad6,91d35e7d393982a6a286d996a75fe7daf118622a,address
opensc,739fa81050989c3f85ca883ec76542b71cae7edc,91d35e7d393982a6a286d996a75fe7daf118622a,address
opensc,83380d06348738164b58c60b6020c004ed7b50f2,91d35e7d393982a6a286d996a75fe7daf118622a,address
opensc,1e1c1b27692a54a943ab99a21f5896d8005386f5,91d35e7d393982a6a286d996a75fe7daf118622a,address
opensc,2b83b55985a433b6ff06bb27f264a3ba66192af7,91d35e7d393982a6a286d996a75fe7daf118622a,address
opensc,c358fc4dac4f32bb0fa04e5c05ebf4b3070ff7e3,91d35e7d393982a6a286d996a75fe7daf118622a,address
opensc,70771735ae10180bb039043b9a1b00b66bf00fc1,91d35e7d393982a6a286d996a75fe7daf118622a,address
opensc,b6ee58e15bcb15c96cdbe66a5bd003ee7ee1ae82,9bc20d9ff69ad5824e3c77d21d978c8578853617,address
opensc,cb925b6949ee6cb05b4812aea99e1bc23a06d2f7,335d8533513c1ef3368f9e9496e6070a4b97355d,address
opensc,cdf868ca1a0a7afe67e03472ace42e31fac4d437,335d8533513c1ef3368f9e9496e6070a4b97355d,address
opensc,5e59daacd502ffa7618486e81840e8d2c605a836,335d8533513c1ef3368f9e9496e6070a4b97355d,address
opensc,4b5f922890ad4d371ca652ea344096a8949fa1a6,335d8533513c1ef3368f9e9496e6070a4b97355d,address
opensc,9869c896135ba4d5d69df4731d31b8a14804b964,335d8533513c1ef3368f9e9496e6070a4b97355d,address
opensc,53c1e730c10a2d53f6eb4a003c9e12dcf6643b20,335d8533513c1ef3368f9e9496e6070a4b97355d,address
opensc,c4236720008f94b234cc8f58b0f885dab1180396,335d8533513c1ef3368f9e9496e6070a4b97355d,address
opensc,ac8e50e2a464e5f9ad47dd823bfead19476e8cdc,335d8533513c1ef3368f9e9496e6070a4b97355d,address
opensc,688712859db734a1c4dc60301d91b685e18686f9,335d8533513c1ef3368f9e9496e6070a4b97355d,address
opensc,076a8856a6565e4d8b7be77f15d02db13b4c70c9,335d8533513c1ef3368f9e9496e6070a4b97355d,address
opensc,f11c26db71250da429d0e839620fc744b7b20c17,c7680381a692d9cfe9715583cdb77e6865a307f3,address
opensc,511bd4c75e1a0cdc5b4b1e567f18db2ec2a2ae5b,c7680381a692d9cfe9715583cdb77e6865a307f3,address
opensc,d9a4267522adafa3e37bf813f7d0b00e745fcd09,c7680381a692d9cfe9715583cdb77e6865a307f3,address
opensc,c45aa4bb00d009972efcc9cb0867556e8c2a93be,c7680381a692d9cfe9715583cdb77e6865a307f3,address
opensc,7e30ecc09356fbb0aee05a547ae6879a441d5eff,c7680381a692d9cfe9715583cdb77e6865a307f3,address
opensc,023aa0de982bd1d1f402bc698c5bd95cac8cf1fa,c7680381a692d9cfe9715583cdb77e6865a307f3,address
opensc,f2497d97f406a2810de9cbeaea5117cbc0d7eed8,c7680381a692d9cfe9715583cdb77e6865a307f3,address
opensc,945b692cb61e7248e76fccf9fdac7186d8cc3e77,2e9874f21209889c41e0041c20136d60dc764aee,address
opensc,1e606bc884cee466e79e3bf99bc91caf935d03d8,2e9874f21209889c41e0041c20136d60dc764aee,address
opensc,3f4c4dd7acd8d113256550c4a28a495bb6977295,2e9874f21209889c41e0041c20136d60dc764aee,address
opensc,51182a268cc4bea90d1c86ba0aa55993cc1d3bf2,2e9874f21209889c41e0041c20136d60dc764aee,address
opensc,7af2f4e0cd14a5bd363e8b5367b6860de4664f79,2e9874f21209889c41e0041c20136d60dc764aee,address
opensc,6d61c8f1bc677c7eb90b67e95c6c46a81ab977fd,2e9874f21209889c41e0041c20136d60dc764aee,address
opensc,b08f6cd639b4dc46c3545760df80b687b53e2cf0,2e9874f21209889c41e0041c20136d60dc764aee,address
opensc,bda08048bfb47e7b1d52c777cdd1fc598a2cbfa9,2e9874f21209889c41e0041c20136d60dc764aee,address
opensc,5103aad51d60ca15edf5ba0290aae3fe447897a4,2e9874f21209889c41e0041c20136d60dc764aee,address
opensc,4e59e4eec17386377e926430866d303156b56e82,2e9874f21209889c41e0041c20136d60dc764aee,address
opensc,abc67e6eaa1658e8f0d4198c2e47a761f8e746f4,2e9874f21209889c41e0041c20136d60dc764aee,address
opensc,71080f87fafca949ae86aff3ead775b77daaae56,2e9874f21209889c41e0041c20136d60dc764aee,address
opensc,fb1370aac0c1d953d4db9a429bd30e1a03b6e679,2e9874f21209889c41e0041c20136d60dc764aee,address
opensc,e1eab74179a35ac592317d63bdd2081e8132a09d,2e9874f21209889c41e0041c20136d60dc764aee,address
opensc,8a59e0d390b3d5d56ae75f736eb9ef5c99afb51c,2e9874f21209889c41e0041c20136d60dc764aee,address
opensc,bbedfa48d53830fb5dabe82ca4d08c3e67cd457a,2e9874f21209889c41e0041c20136d60dc764aee,address
opensc,84320d2f6d2b05e54286ca565617d010d73a2adb,2e9874f21209889c41e0041c20136d60dc764aee,address
opensc,4c951104205757a24ec475d507598c1dea4afb22,2e9874f21209889c41e0041c20136d60dc764aee,address
opensc,9dd5a8bd62a356091bb8e67492ca9171c4deba34,2e9874f21209889c41e0041c20136d60dc764aee,address
opensc,20899a14a38a8be036e284573a4b4c3908793b1c,ab8a178e84b17e7eb2a2e7cd78a22f40debf650c,address
opensc,aadd82bb071e574fc57263a103e3bf06ebbd8de7,866b525c8b394105abafd29f21e31f965ca2be87,address
opensc,2655e9e01bc58062d2f9cd83384fa0355e4bed4b,705a6331d4ff838ac301067f3ee980a285723a07,address
opensc,87bb953b519b875458f81aa07df7b9d37c3da959,705a6331d4ff838ac301067f3ee980a285723a07,address
opensc,fe7cc6982abd81b3c5a1b566434bcb05adf6d026,705a6331d4ff838ac301067f3ee980a285723a07,address
opensc,7e882ae62d923cb65ecabd5f7d9f542f3f0f2434,705a6331d4ff838ac301067f3ee980a285723a07,address
opensc,1b2ab29c908e559c3919a443ac5da7f6f7e4cfb3,705a6331d4ff838ac301067f3ee980a285723a07,address
opensc,9581294ad71efb18201ae135df8ece9df33ea4a7,705a6331d4ff838ac301067f3ee980a285723a07,address
opensc,49379b0f0fa6895f2ab0e12462cc6ef9f7512b5c,c09f7890738b5b9bcd22b832fb35ab1f8717229d,address
opensc,b53fc5cdb326d2a3f101980be2a0ae3537617037,58bff0d272e4adf696f264d04b0008e116033fbb,address
opensc,282ff95532b2479e2316937f5fab734147330bd2,00b9370873edcb3464734a72f7a98928899d7433,address
opensc,c18fb0978ecb9080f82d14e546e43e51ad0e9cad,d51040279fdeea4d56c0db72d7615c89a2ebaded,address
opensc,01ccd42a6624be0127c090631b8f702a8bb70870,d51040279fdeea4d56c0db72d7615c89a2ebaded,address
opensc,88ff714e0ea16a462ff5538d3634a10ed729a1d5,08e4e6eb11e68792ac589292d02216a5e30d6afe,address
opensc,7013628c9e1167fd21d087eebc6b01091ff28726,08e4e6eb11e68792ac589292d02216a5e30d6afe,address
opensc,3fdba8821239e3131ad834f2d23d2f86d319c32d,08e4e6eb11e68792ac589292d02216a5e30d6afe,address
opensc,396856843f887f1f524fe76cf91ec6027c9a9a5b,08e4e6eb11e68792ac589292d02216a5e30d6afe,address
opensc,16fdd70a7e02bc87c14d363ca21777b293cdcf2c,32c77ef128aec793f5675a1a64c60021f497e24a,address
opensc,9e1b5b2836cadde19cbf58e771f6a93c7811f977,2007eca5b7d9c6d6e46fd3af9b9f698c202d4264,address
opensc,beeb83a120bc8ab9e22db31906d17b4795e8f67b,2007eca5b7d9c6d6e46fd3af9b9f698c202d4264,address
opensc,c16d4e6588a19f4b85aa584174335f62efe28aaf,717270e5a8d6d248154ef486a9cec44a52170369,address
opensc,cfb35259357c210bfea461dac4ca31dae7faaa7d,717270e5a8d6d248154ef486a9cec44a52170369,address
opensc,df5a176bfdf8c52ba89c7fef1f82f6f3b9312bc1,717270e5a8d6d248154ef486a9cec44a52170369,address
opensc,475b4fce8fc4d2bbb4d42c446877820539413d85,717270e5a8d6d248154ef486a9cec44a52170369,address
opensc,4bed31d9f88e92e1466d25c1ccd2b83f7ad805c1,717270e5a8d6d248154ef486a9cec44a52170369,address
opensc,4a4836b936150e129ce0e525aae1ed64b74caa89,717270e5a8d6d248154ef486a9cec44a52170369,address
opensc,3cc75727177bcabf7dbcf34d0f3177e5d66ef7f3,717270e5a8d6d248154ef486a9cec44a52170369,address
opensc,bdb89174cd5441a279feea258c2792abbbe024ac,717270e5a8d6d248154ef486a9cec44a52170369,address
opensc,4985762eaff529afcb4f7ac8e85e0d9f8c4d2ffb,6809bfb9bcda7f8367b39de1bd8b99074d40429f,address
opensc,df81788d3bbaa179c577c21b335cf1f06bc1da78,6809bfb9bcda7f8367b39de1bd8b99074d40429f,address
opensc,0d34432a9150491c1d3fe9c9bcb0029e2ac59f59,6809bfb9bcda7f8367b39de1bd8b99074d40429f,address
opensc,30fad6e1243f7442bda9a0326515624fc90a0cf7,6809bfb9bcda7f8367b39de1bd8b99074d40429f,address
opensc,4b793c3ca055f3d05c2044e5e87fd880287f5f1d,6809bfb9bcda7f8367b39de1bd8b99074d40429f,address
opensc,870b47fb22fd4fa720b6feb6c83854f3aeb66ff3,6809bfb9bcda7f8367b39de1bd8b99074d40429f,address
opensc,84a3552fef90b87bc20366b6bdf04618123b7586,6809bfb9bcda7f8367b39de1bd8b99074d40429f,address
opensc,d5029d41e0dee3e84ed5ac70f5cc7759f696c9f1,6809bfb9bcda7f8367b39de1bd8b99074d40429f,address
opensc,23c71da7647d84a6e28ea836ada9c05646cb30de,6809bfb9bcda7f8367b39de1bd8b99074d40429f,address
opensc,48e92e467bd52e0d520f854b39c50471e5b5cd7b,6809bfb9bcda7f8367b39de1bd8b99074d40429f,address
opensc,2de1a7171171c960528e419e7dc754b75a00c545,6809bfb9bcda7f8367b39de1bd8b99074d40429f,address
opensc,410b9b4c451f8b360468b921faa5a186f62c3dea,6809bfb9bcda7f8367b39de1bd8b99074d40429f,address
opensc,bbb53979a57b1ec384806a499f54e3ad79c2be44,6809bfb9bcda7f8367b39de1bd8b99074d40429f,address
opensc,264b23aff5b01acebe9627dff4468fa42eb5a825,6809bfb9bcda7f8367b39de1bd8b99074d40429f,address
opensc,fceeca13e9fb811896648456d44ef9c5d1c7ffcd,6809bfb9bcda7f8367b39de1bd8b99074d40429f,address
opensc,75dc92a57d53268fe6b549e840a3e278ad7bf03e,6809bfb9bcda7f8367b39de1bd8b99074d40429f,address
opensc,a931d8835f0ddc1f2aba31421e9274f4c347d525,6809bfb9bcda7f8367b39de1bd8b99074d40429f,address
opensc,3934f6febc5b951b0b4d1f804c9ba22ec4f84ef7,6809bfb9bcda7f8367b39de1bd8b99074d40429f,address
opensc,fe58e93d6d55537649e687ccc4cbf5f13e2af92d,6809bfb9bcda7f8367b39de1bd8b99074d40429f,address
opensc,b09e371906f49a40b7886b440cb3b937094fd8b4,6809bfb9bcda7f8367b39de1bd8b99074d40429f,address
opensc,37045afc6dd7cf9f98ca056acfca972e2be5c2e7,6809bfb9bcda7f8367b39de1bd8b99074d40429f,address
opensc,7aa06c15c2e977ad0df834245b14ca2c4c90c9bc,6809bfb9bcda7f8367b39de1bd8b99074d40429f,address
opensc,7937f694b9ee6cbd426b76ec35c193bf2d22c35a,6809bfb9bcda7f8367b39de1bd8b99074d40429f,address
opensc,a100df00298153e3317a3c1d69176be403f125f7,6809bfb9bcda7f8367b39de1bd8b99074d40429f,address
opensc,0b333575c9796bf5ce32c6c820d78b08b69c0d4c,6809bfb9bcda7f8367b39de1bd8b99074d40429f,address
opensc,d61adef2b656bcf174eb271911e432942203c972,6809bfb9bcda7f8367b39de1bd8b99074d40429f,address
opensc,4c95817d4090f6cd50066b4a38b6de441466b200,6809bfb9bcda7f8367b39de1bd8b99074d40429f,address
opensc,6677dbecd61492b4e1ca4abfcc380875dd915b01,6809bfb9bcda7f8367b39de1bd8b99074d40429f,address
opensc,a97e702bb8e66b4f5b6230b9962b7d36869237bc,6809bfb9bcda7f8367b39de1bd8b99074d40429f,address
opensc,930fa0acb483e2e67fe6ff39a8c149c94e8339b2,81f8c1034f45cba0edd395420657e56ee78101b1,address
opensc,540f3da3db3ced6fd8586223faee27e5ca7d958c,81f8c1034f45cba0edd395420657e56ee78101b1,address
opensc,58a1cbd0f2cdc08a9d1cff6e1232441c54fdabee,81f8c1034f45cba0edd395420657e56ee78101b1,address
opensc,eba22f2135924c0471e6c408e9150ae5ddb77443,81f8c1034f45cba0edd395420657e56ee78101b1,address
opensc,5d3657f76b0f0645a41bde948aa5adb6d1826995,81f8c1034f45cba0edd395420657e56ee78101b1,address
opensc,a285b300305ab19a706dac158695c8d92b96d1ff,7e664533834b558a859b0f8eb1f2c2caf676c12a,address
opensc,fd4754b101a50541d41216ba4d9d57bc9e2991cc,7e664533834b558a859b0f8eb1f2c2caf676c12a,address
opensc,b6dc20b29ba5da4cac6ebb0a4539233e58fa5fcc,7e664533834b558a859b0f8eb1f2c2caf676c12a,address
opensc,f169e3f56b4e061267d188c66c7223ba12177211,7e664533834b558a859b0f8eb1f2c2caf676c12a,address
opensc,5631e9843c832a99769def85b7b9b68b4e3e3959,7e664533834b558a859b0f8eb1f2c2caf676c12a,address
opensc,eac9f21202377cb2b34246f2920504dfbd92b139,7e664533834b558a859b0f8eb1f2c2caf676c12a,address
opensc,d0a2bdaac5dcecc905c7aad6579c46624cc0ebde,7e664533834b558a859b0f8eb1f2c2caf676c12a,address
opensc,34f6ca6ed1cdd6eeb0faac4087634467ff604a26,7e664533834b558a859b0f8eb1f2c2caf676c12a,address
opensc,d952a9fa3d0e2becc684c3a2529173d3d151f817,7e664533834b558a859b0f8eb1f2c2caf676c12a,address
opensc,dd138d0600a1acd7991989127f36827e5836b24e,7e664533834b558a859b0f8eb1f2c2caf676c12a,address
opensc,12a9122aada77f5dc11bed8b9ac76ca954ea2704,6f9a3572af6ebcebe5c06a62f35d543e1b16c88e,address
opensc,63f67576dd44905c8af243ecdf9186f0d2cede91,6f9a3572af6ebcebe5c06a62f35d543e1b16c88e,address
opensc,d4a42acc4d79f26f351686d26845939ffa331a0f,6f9a3572af6ebcebe5c06a62f35d543e1b16c88e,address
opensc,f947652b3fa806c9964ca9a3db644c7cf64a7f4a,6f9a3572af6ebcebe5c06a62f35d543e1b16c88e,address
opensc,c17b432d9814d7a32526b35ae7107cead60c2425,1fd15bde384c6f09d602e5097ca72573da25954f,address
opensc,a7b3ea3e70ee197f9c0f8aa57e56308b1e9b5fa3,1fd15bde384c6f09d602e5097ca72573da25954f,address
opensc,49887a0e6a6dcf119b7db26114aa18a505cb69b9,1fd15bde384c6f09d602e5097ca72573da25954f,address
opensc,0d214c423ef093f9374c1ed677c4c835ab8435dc,1fd15bde384c6f09d602e5097ca72573da25954f,address
opensc,3843ffd2bdca264a32f1fa1418f8b5493fcd81d8,1fd15bde384c6f09d602e5097ca72573da25954f,address
opensc,440376bfecad30ada077425139ac615bfd35272a,1fd15bde384c6f09d602e5097ca72573da25954f,address
opensc,3d5bf0bc0cfdb44c9fe005a3e4c8a6f3261bad30,1fd15bde384c6f09d602e5097ca72573da25954f,address
opensc,5e06acb3f2e95448248b75aaf2e033131e46510d,1fd15bde384c6f09d602e5097ca72573da25954f,address
opensc,6af6bdf1b16e5855f7061899a39bf7f9cd173574,a1a3ff94ed4176977c37d7b9b6692a64a2a408ba,address
opensc,1d5c81e85baaa82973e1080dfb34876830bee067,a1a3ff94ed4176977c37d7b9b6692a64a2a408ba,address
opensc,4a4fbeb472fbd273f436d42a90b48cfeda81a9ea,a1a3ff94ed4176977c37d7b9b6692a64a2a408ba,address
opensc,d58e261a91617bbb393853cf386cf26966c966e5,a1a3ff94ed4176977c37d7b9b6692a64a2a408ba,address
opensc,4b2ef66cd254c6c3743897ded241cc39be19fdba,a1a3ff94ed4176977c37d7b9b6692a64a2a408ba,address
opensc,4340b757e0d93e5593f8a6062ed2b93b38f3e303,a1a3ff94ed4176977c37d7b9b6692a64a2a408ba,address
opensc,5499acb3767e0e01ea7f3485321dc734c59be2e6,4ac6a645a197a695fe76532251feb5067076b3f3,address
opensc,fd474fb7a1de7494c513b4b5df8bd6b135e79cea,e6317afa3fc6944c235f8b2b64a6cf757d642cdc,address
opensc,b9d5ac45f111910fc9e32600ce26b58350c81790,e6317afa3fc6944c235f8b2b64a6cf757d642cdc,address
opensc,d449feeda6b3d8ec27a184417d9b5d1ba73df6d7,e6317afa3fc6944c235f8b2b64a6cf757d642cdc,address
opensc,cf753d53b07b28f2a89ac51be29c42519afec143,e6317afa3fc6944c235f8b2b64a6cf757d642cdc,address
opensc,ee7fb476d6c72fc53cf6d844be24a4f42a4e9cb5,e6317afa3fc6944c235f8b2b64a6cf757d642cdc,address
opensc,22aa65ca51674f0c2921aa4d8a2b5d9e4ff549a8,e6317afa3fc6944c235f8b2b64a6cf757d642cdc,address
opensc,7b1729a1bc69f3139500246d807098d43994cbc4,e6317afa3fc6944c235f8b2b64a6cf757d642cdc,address
opensc,aa394f2576adf9950d98f4994e7680574139854b,e6317afa3fc6944c235f8b2b64a6cf757d642cdc,address
opensc,3f485ff28cecf0cdddecef369442df2efed80a99,e6317afa3fc6944c235f8b2b64a6cf757d642cdc,address
opensc,47ac0917db94631a10f97112fed69344e6aa2587,b1d48a3df7354c5abffd2c7fec36b45c9b2a90c0,address
opensc,ac226451e777850b48da36ad54b77799ddc0257d,b1d48a3df7354c5abffd2c7fec36b45c9b2a90c0,address
opensc,076567a9cf16a9cc2dbda4b57d65d970ce624ae9,b1d48a3df7354c5abffd2c7fec36b45c9b2a90c0,address
opensc,01acc11439d92e537dc2d61b6b5d50e604cf5dc4,b1d48a3df7354c5abffd2c7fec36b45c9b2a90c0,address
opensc,9d18f3dd71ae878a4a33727222e0106ba72fed9b,b1d48a3df7354c5abffd2c7fec36b45c9b2a90c0,address
opensc,cbf4ecdce87a3ce2a706496720802c21d97d1699,b1d48a3df7354c5abffd2c7fec36b45c9b2a90c0,address
opensc,ee578a10669f9ede73e7325c0c5312aa96684faa,b1d48a3df7354c5abffd2c7fec36b45c9b2a90c0,address
opensc,dec16d62cafc036ac882e62c2a6234019e1f0704,b1d48a3df7354c5abffd2c7fec36b45c9b2a90c0,address
opensc,4e9f4e0ed2955b4ab52f829309ef51d8900564f9,25946a544856413d31d9cbb3a366a4aef5a8fd60,address
opensc,b83c3586a23856c1cd984725b97e78cdd7c2f622,25946a544856413d31d9cbb3a366a4aef5a8fd60,address
opensc,0e0c125a2f05ff32fb4670eec7902ed66a765ff7,ca2a3dbf31720ac7bf0355fbc5867ccc77da1035,address
opensc,c615380d6d1409ae1d16add86c81d2ebbc045cd4,ca2a3dbf31720ac7bf0355fbc5867ccc77da1035,address
opensc,aedf3e7acfbd5e4acfc25d9392cf5d7fda033b29,ca2a3dbf31720ac7bf0355fbc5867ccc77da1035,address
opensc,895e07c9160973f170b3040792bf0911c9ee28c2,10473b74484a51c2d8c1031e56c3f228cd9637a8,address
opensc,3f4e32f24b4b72a023a430c52bc5dccc8bfee796,10473b74484a51c2d8c1031e56c3f228cd9637a8,address
opensc,76ebe42d4e75d85c2a4197938f203311e2f3222a,10473b74484a51c2d8c1031e56c3f228cd9637a8,address
opensc,b9b5dc99223d74ad0e0df5ca38b48b41190346d4,10473b74484a51c2d8c1031e56c3f228cd9637a8,address
opensc,ef8a6abb9584f134c54348c93e79a2e29a5af6ac,10473b74484a51c2d8c1031e56c3f228cd9637a8,address
opensc,234fcf48b98cf75703708381025d39bcc5e4a6e9,10473b74484a51c2d8c1031e56c3f228cd9637a8,address
opensc,55c40af86e791ace1a14ab56c38bbeb3d1ad7191,10473b74484a51c2d8c1031e56c3f228cd9637a8,address
opensc,c787c1ff6ef2d786fa0635a4be568d7cde505fdc,10473b74484a51c2d8c1031e56c3f228cd9637a8,address
opensc,71c0936c595561eed0a4d7671aa23917597b17c3,10473b74484a51c2d8c1031e56c3f228cd9637a8,address
opensc,889ad2aba6ebcd704173e8a853e13d7da4631e9c,10473b74484a51c2d8c1031e56c3f228cd9637a8,address
opensc,b1f7233a8bb42f5a23197de04d9a77e71edf9383,10473b74484a51c2d8c1031e56c3f228cd9637a8,address
opensc,e58bca0a33e1e972728902566ee2641c5f1430d0,0d87554295ad1ebaa3450db2c897e8cba90ec0df,address
opensc,34d1b06997ac65f1e7cbfe8c4456579d2d9fdba3,e0d89187f3707d47572e47dbbbd172df22ee2def,address
opensc,7b782d5ce3ec1b1d78251332ab391122b6da0cc6,1eada8e08cd45c02f180af550cc43c097b9934ef,address
opensc,cdb6905e0f7356b59c23368cb759c99c2cd769ed,ed7a556402abcba71c86de3ecefeda602483a0fa,address
opensc,1e6f2334e9b9d0ac21ef5abbffb268fa3d352fb9,ed7a556402abcba71c86de3ecefeda602483a0fa,address
opensc,36178c8188521f2627d2eea428a7e53d149eed58,ed7a556402abcba71c86de3ecefeda602483a0fa,address
opensc,961bd8c68d328bad44c99912ff7057e10cbb138f,ed7a556402abcba71c86de3ecefeda602483a0fa,address
opensc,cde2e050ec4f2f1b7db38429aa4e9c0f4656308c,ed7a556402abcba71c86de3ecefeda602483a0fa,address
opensc,b45549373520287bc1bb62feb79d1e59519b6871,702ceb8cd431065a5cf92a144576e3f5f324adc4,address
opensc,f26363f66c38aa09a46c88f0aff5bd04a2216ab8,702ceb8cd431065a5cf92a144576e3f5f324adc4,address
opensc,12ac33d6e0f01a334c792b341b7ea27f10ba0b98,7ecfd475b6b102e69b513c64c4d51e6dd8754938,address
opensc,2dcb0ee396c5283380a76fa1c4518176e832e6c0,7ecfd475b6b102e69b513c64c4d51e6dd8754938,address
opensc,c528c27616881e6cc3afef2da50193603a572c00,7ecfd475b6b102e69b513c64c4d51e6dd8754938,address
opensc,3d21cba957cc6972a1a672e8a508e1e6b5f5bba1,7ecfd475b6b102e69b513c64c4d51e6dd8754938,address
opensc,ecd845c2f7190afc46f39ebbae0dda7b55019994,7ecfd475b6b102e69b513c64c4d51e6dd8754938,address
opensc,f7e5c05d1217c2c62835ad4416454e0ee7879cf0,7ecfd475b6b102e69b513c64c4d51e6dd8754938,address
opensc,f0a5c62b85ae93a73c97c353f481e66f97c7395f,7ecfd475b6b102e69b513c64c4d51e6dd8754938,address
opensc,493a3d4b5c99b282e0ec5304021041a22e0ae0c2,c729652c7b36e65fad9e58e947f8299a77414dd1,address
opensc,33b7736c7dbae8c15809a97fee644da574e2823a,89901fae76456678447e48ccfad949e97b4915e9,address
opensc,d04ec3ea3c7cb3b47de28492b4eea5ed1be2cc0c,4f27f997b742bbf14bc4158622b3c1dab9758276,address
opensc,3fa1c6685d645582fb5f77e45e4d59b22c46f662,4f27f997b742bbf14bc4158622b3c1dab9758276,address
opensc,8d62e28426720cfe07b5fe25f8ab5ac8c0bff04e,4f27f997b742bbf14bc4158622b3c1dab9758276,address
opensc,ec03221e60704fe18de957fdc709a7b3cf255b84,4f27f997b742bbf14bc4158622b3c1dab9758276,address
opensc,c3366e2dc968a2500585f76482e75d7afafd6e07,4f27f997b742bbf14bc4158622b3c1dab9758276,address
opensc,d20578676226c39ad64d6faf2e0c117b174a8170,4f27f997b742bbf14bc4158622b3c1dab9758276,address
opensc,26d8315746fc6d1b8d0338eee3ffeeff94a121dd,4f27f997b742bbf14bc4158622b3c1dab9758276,address
opensc,ab9451b903c620e0d5f115d57e5796c8978b370c,4f27f997b742bbf14bc4158622b3c1dab9758276,address
opensc,83524863d48b1fa8bae2d49d72cd39baeab4a236,4f27f997b742bbf14bc4158622b3c1dab9758276,address
opensc,0fa815e1f314b9b0865095c44a52ae2ac4fa542c,4f27f997b742bbf14bc4158622b3c1dab9758276,address
opensc,e9d7b52b7483299ee259c0f0a2b3b8ae6aa5c543,4f27f997b742bbf14bc4158622b3c1dab9758276,address
opensc,eb9c14c99e9dae38c20190cd86ab4e012a9dd5a7,4f27f997b742bbf14bc4158622b3c1dab9758276,address
opensc,a7a30b7805c3c68ad519a54291f0fc0bd830461f,54fcd7868c562458a8f269fa0fd47de21cfb4d91,address
opensc,839d96825bbe2b7447bab5ece3a985832f6dc60a,54fcd7868c562458a8f269fa0fd47de21cfb4d91,address
opensc,350fa68146c4384b4b9b4500e4de55726d39e7a1,54fcd7868c562458a8f269fa0fd47de21cfb4d91,address
opensc,9a15da8ee6a5222abd4c97ee83dffbd2b7f53917,54fcd7868c562458a8f269fa0fd47de21cfb4d91,address
opensc,b5f6370a35f151497838628f78111087eb8e7ff1,54fcd7868c562458a8f269fa0fd47de21cfb4d91,address
opensc,2e63a80c8a08d4259152638eb3f8c008e57b3218,54fcd7868c562458a8f269fa0fd47de21cfb4d91,address
opensc,8609fcc5083a66a64f3e3604f897e08b3ddc49cc,54fcd7868c562458a8f269fa0fd47de21cfb4d91,address
opensc,a1f6887e4bd31143747a6c738e34a979cd003fca,54fcd7868c562458a8f269fa0fd47de21cfb4d91,address
opensc,1e41ed32d1d4a4a9656cf18bbc6b40fdcd2cc2db,54fcd7868c562458a8f269fa0fd47de21cfb4d91,address
opensc,fe7cb4983d8c019705ced409b4a7339d73c7b4d3,54fcd7868c562458a8f269fa0fd47de21cfb4d91,address
opensc,81944d1529202bd28359bede57c0a15deb65ba8a,6922c8c1ac27c9a459ce41201991e296a6bace54,address
opensc,ea6273f4b9fb0082857f6dfd54f30ba00ba81d1d,d49ba9b9cc92bc1997f51dc625071819be5ec81e,address
opensc,e0f737f1dcbb7cb643afc0c1d6ab8f6cc002b7f0,d49ba9b9cc92bc1997f51dc625071819be5ec81e,address
opensc,b53977a5274e86c6a58b5939367b8496a2ec84f9,d49ba9b9cc92bc1997f51dc625071819be5ec81e,address
opensc,352aba0e3794c46a98232a50572f285106f5d8a0,d49ba9b9cc92bc1997f51dc625071819be5ec81e,address
opensc,c6d461c2d19ae07adb1a2604384bf0fccb9e7a4a,d49ba9b9cc92bc1997f51dc625071819be5ec81e,address
opensc,d42d10c88e7e3456f19fc083e30543958e3cb2f8,d49ba9b9cc92bc1997f51dc625071819be5ec81e,address
opensc,5241ce853403da775e37ecb36fb6a968001ef115,d49ba9b9cc92bc1997f51dc625071819be5ec81e,address
opensc,afae9fcc2f4ead520fdb2de4b768e260b7c97a2b,d49ba9b9cc92bc1997f51dc625071819be5ec81e,address
opensc,e1d7e967b550b3e66ceacc0ca7decc3fd6cb8452,d49ba9b9cc92bc1997f51dc625071819be5ec81e,address
opensc,2b2bf39feb8ad899364b563e7c588efbca68f419,d49ba9b9cc92bc1997f51dc625071819be5ec81e,address
opensc,b46d387019dbe8ea658f422dcb87c61355713d16,d49ba9b9cc92bc1997f51dc625071819be5ec81e,address
opensc,fbc8bd114a549b347255391d26259207b66d1c6b,d49ba9b9cc92bc1997f51dc625071819be5ec81e,address
opensc,79efc06fe2aff9313fa587c09190109aaeb521b5,d49ba9b9cc92bc1997f51dc625071819be5ec81e,address
opensc,d5fbee7a7b502c796fa89da61c87a0dff1ad229a,d49ba9b9cc92bc1997f51dc625071819be5ec81e,address
opensc,b8a0c6dd10308ddcd4d878d1a9029fe2d93bd3da,d49ba9b9cc92bc1997f51dc625071819be5ec81e,address
opensc,478d5911e56352e2a3ac69693da8355b284c7a66,d49ba9b9cc92bc1997f51dc625071819be5ec81e,address
opensc,18b63d279aa65133429b2b5024f4eddf6c87e42c,d49ba9b9cc92bc1997f51dc625071819be5ec81e,address
opensc,f4891aabd169a2c72ea97110d46f093570d48679,d49ba9b9cc92bc1997f51dc625071819be5ec81e,address
opensc,1952e2e2b249c109049c050c141001fdceda84e1,d49ba9b9cc92bc1997f51dc625071819be5ec81e,address
opensc,6a1ff88d5c45e0b927922928cd947a95caccd4ed,d49ba9b9cc92bc1997f51dc625071819be5ec81e,address
opensc,28a1bf19833d95aa759b8f8984edbea6234fd10c,d49ba9b9cc92bc1997f51dc625071819be5ec81e,address
opensc,fbc4ebbc8ebdb5f15663576e33b97f7588a90643,d49ba9b9cc92bc1997f51dc625071819be5ec81e,address
opensc,2b4958e49e00b064ad91475a55897a3d63033a1d,d49ba9b9cc92bc1997f51dc625071819be5ec81e,address
opensc,c80d63a3d080ffabfba069b4a9114a3c7f2afae3,d49ba9b9cc92bc1997f51dc625071819be5ec81e,address
opensc,3cca65baa152ce327970e5892417f65a09a464a8,d49ba9b9cc92bc1997f51dc625071819be5ec81e,address
opensc,ef56df67eee3f84ee91d0b283a6206515c88a5bb,d49ba9b9cc92bc1997f51dc625071819be5ec81e,address
opensc,e8fba322a2f4d06ec5c74fe80f9e2b0e9fdefec6,d49ba9b9cc92bc1997f51dc625071819be5ec81e,address
opensc,6f4c270060f556ff01ebc53fac4e6d4ab5249c91,d49ba9b9cc92bc1997f51dc625071819be5ec81e,address
opensc,9a8a442d482865f88e70dd3d7b9b916fdfc297ed,d49ba9b9cc92bc1997f51dc625071819be5ec81e,address
opensc,891f10e49de1a5ee038b1cb2fb59dce40429e6c2,d49ba9b9cc92bc1997f51dc625071819be5ec81e,address
opensc,f38ea19d33f5799232795d6d9b471287b782c140,d49ba9b9cc92bc1997f51dc625071819be5ec81e,address
opensc,bc114501faacfc69eaa98b789463d180a1b71da7,d49ba9b9cc92bc1997f51dc625071819be5ec81e,address
opensc,481951b90b042b43fb5bd92cd3cd8d0f7e200b89,d49ba9b9cc92bc1997f51dc625071819be5ec81e,address
opensc,63d4bd3d3900682c8d2511e259abec63ce904895,d49ba9b9cc92bc1997f51dc625071819be5ec81e,address
opensc,e53f61ff145ea9de49c0858c0067078da68d6373,d49ba9b9cc92bc1997f51dc625071819be5ec81e,address
opensc,646d8f5d5f02c7e472a3390d9b24177b19a556c7,d49ba9b9cc92bc1997f51dc625071819be5ec81e,address
opensc,9f7e83fed024a18333bd4e7a31286cec104bb0bf,d49ba9b9cc92bc1997f51dc625071819be5ec81e,address
opensc,be5061303e7d6291e980082dc8896eef8fd78feb,bfb47fc07ca845186cdbf938f7f01c137500996d,address
opensc,00305636c3733e96e97a587f2cce75592fb6db36,bfb47fc07ca845186cdbf938f7f01c137500996d,address
opensc,a28f4092004bc82f0ea6db2cc22064529b8d8b96,bfb47fc07ca845186cdbf938f7f01c137500996d,address
opensc,506d7f646f6dee02f08ff1a112062b7149421b19,bfb47fc07ca845186cdbf938f7f01c137500996d,address
opensc,6341c1984c043dbd68dd7d62b743c02f3534301b,bfb47fc07ca845186cdbf938f7f01c137500996d,address
opensc,2e20ff68f38671b10856387c040500987eafaa88,bfb47fc07ca845186cdbf938f7f01c137500996d,address
opensc,d7e099db49921193c66a12d2fd7ae1f5e55d944f,14bcd4215ed959424f405cf8340d3e856d7b942b,address
opensc,8d5c2c26577247fb1cfdf94c83c009ede9424a84,14bcd4215ed959424f405cf8340d3e856d7b942b,address
opensc,f70a302a418c0eaecac90330e1a9c2557e7e45db,14bcd4215ed959424f405cf8340d3e856d7b942b,address
opensc,23cf827e934824e70221079fbbbb89afcb0ae490,14bcd4215ed959424f405cf8340d3e856d7b942b,address
opensc,969ca74001fded9fe2b7901032549e81c01e920d,14bcd4215ed959424f405cf8340d3e856d7b942b,address
opensc,a4b469f19ed497b12bf71059841bed92dd9e7835,14bcd4215ed959424f405cf8340d3e856d7b942b,address
opensc,570d66d6d8ea807cd5718eb1b348c41e8ca52868,14bcd4215ed959424f405cf8340d3e856d7b942b,address
opensc,c1828520d0c1e234eb848e3a5c9f46e8ed49553a,14bcd4215ed959424f405cf8340d3e856d7b942b,address
opensc,5a394b7b5d3db251d21638b34b9d5dbae8771019,14bcd4215ed959424f405cf8340d3e856d7b942b,address
opensc,0e9a74fa01dc473723e3adbbba5da7a180ee634e,14bcd4215ed959424f405cf8340d3e856d7b942b,address
opensc,e2c6313af0e43e64483ce39ae58b8dc43ac4b5b3,14bcd4215ed959424f405cf8340d3e856d7b942b,address
opensc,50711a5154a807293dc0a106b4baf1b403442da8,14bcd4215ed959424f405cf8340d3e856d7b942b,address
opensc,42d30ecee796352284f64c8d004270bccdadd9e5,14bcd4215ed959424f405cf8340d3e856d7b942b,address
opensc,848eafe7cd7831e6d56835e3aedd693d06efe94a,14bcd4215ed959424f405cf8340d3e856d7b942b,address
opensc,fc659ab65b3b1501903bf24b7e3add7b615e55ff,14bcd4215ed959424f405cf8340d3e856d7b942b,address
opensc,38b73902a3975e6383c185ec584e66241efe391f,14bcd4215ed959424f405cf8340d3e856d7b942b,address
opensc,32e1fa7619fbb02eb423c92ae614f69bcd64bc7c,14bcd4215ed959424f405cf8340d3e856d7b942b,address
opensc,957fd5c5f18140c87b75d3aea4ccd6aae89303bb,14bcd4215ed959424f405cf8340d3e856d7b942b,address
opensc,17f2d2e839d348d5f46e9933fe6f154fc5c4c001,14bcd4215ed959424f405cf8340d3e856d7b942b,address
opensc,61927fd3692a081d940f98867ce1371a33052b20,14bcd4215ed959424f405cf8340d3e856d7b942b,address
opensc,f1a81e11caaf9fac426f9d755c5efc58eb9d8d75,14bcd4215ed959424f405cf8340d3e856d7b942b,address
opensc,eb1257dafcb541792af4aa069ae05c9b4fee5e90,14bcd4215ed959424f405cf8340d3e856d7b942b,address
opensc,75c791a2dba293cbdb99cd347f7bb5b71260129b,14bcd4215ed959424f405cf8340d3e856d7b942b,address
opensc,b94fbcd49c161f367d33328dbc5693494c4ffaaf,14bcd4215ed959424f405cf8340d3e856d7b942b,address
opensc,e62b874f18947e81f13e3fa23f95ebd5eb75dfe6,14bcd4215ed959424f405cf8340d3e856d7b942b,address
opensc,87aedd3a940b8ea0cb7b1b7e93a3883aa22adb04,14bcd4215ed959424f405cf8340d3e856d7b942b,address
opensc,df0975eb39c83513b90fffa392cb118ab3c2446b,be7e42bd4f56055d8a38a14e9d817f79c33e0c0c,address
opensc,3e461badc99b75e07c302f0078d12498521b1a72,be7e42bd4f56055d8a38a14e9d817f79c33e0c0c,address
opensc,8df28efe9a742ae1d0a4aaa88fe7675fd381070a,be7e42bd4f56055d8a38a14e9d817f79c33e0c0c,address
opensc,3f34c3208a902f33726ac23d55b724bd3a7cb309,be7e42bd4f56055d8a38a14e9d817f79c33e0c0c,address
opensc,6f29e41e383d127d5afe2cb3effe144f4a27bb13,be7e42bd4f56055d8a38a14e9d817f79c33e0c0c,address
opensc,e0ca63eccb12868f8a518ce952ecc814eec08e78,be7e42bd4f56055d8a38a14e9d817f79c33e0c0c,address
opensc,83c468d33726a9db422f0f9013fa8c6c86bad82f,be7e42bd4f56055d8a38a14e9d817f79c33e0c0c,address
opensc,e86a30d6dfb068a63707d0ed729203f5a01a5076,08a8efb87dc84eee86873a2828681af8efff7ae6,address
opensc,d5e7459a3580a5486b43fffb66bd1aabddf5f504,08a8efb87dc84eee86873a2828681af8efff7ae6,address
opensc,df693351f8ca823d6e118ff751b649eeb3f540d5,08a8efb87dc84eee86873a2828681af8efff7ae6,address
opensc,aa4b47e33c43716877b8fa6e671125530d5b12ec,f27007487c44c9de3950de2048ca5ca79392cebe,address
opensc,ccb6f3c71995e262487b764abb4b0b9d035d8431,f27007487c44c9de3950de2048ca5ca79392cebe,address
opensc,6237ed7673f5b5d05f4c20eb8b001e017827d0eb,f27007487c44c9de3950de2048ca5ca79392cebe,address
opensc,06d58f1fe581b03aab02670b04e133d859618458,f27007487c44c9de3950de2048ca5ca79392cebe,address
opensc,6d1fcd,f27007487c44c9de3950de2048ca5ca79392cebe,address