commit id,OSV-2022-1021,OSV-2022-1097,OSV-2022-1148,OSV-2022-1194,OSV-2022-1208,OSV-2022-522,OSV-2022-523,OSV-2022-719,OSV-2022-724,OSV-2022-726,OSV-2022-727,OSV-2022-744,OSV-2022-751,OSV-2022-757,OSV-2022-772,OSV-2022-797,OSV-2022-818,OSV-2022-855,OSV-2022-866,OSV-2022-888,OSV-2022-949,OSV-2023-1079,OSV-2023-88,OSV-2023-970,OSV-2024-1391,OSV-2024-503,OSV-2025-174,poc count
4c4dcc85ce4f3c7fe53f72dd0098cd7906312dbd,0|0,0|0,0|0,0|0,0|0,0|0,0|0,0|0,0|0,0|0,0|0,0|0,0|0,0|0,0|0,0|0,0|0,0|0,0|0,0|0,0|0,0|0,0|0,0|0,0|0,0|0,0|0,0
5fd5b25d76abe2f9e8d12833e3f8be109474f2ee,0|0,0|0,0|0,0|0,0|0,0|0,0|0,0|0,0|0,0|0,0|0,0|0,0|0,0|0,0|0,0|0,0|0,0|0,0|0,0|0,0|0,0|0,0|0,0|0,0.5|1,0|0,0|0,1
f8da0b920e7c66736ac8c6d867e18d1bc0778c23,0|0,0|0,0|0,0|0,0|0,0|0,0|0,0|0,0|0,0|0,0|0,0|0,0|0,0|0,0|0,0|0,0|0,0|0,0|0,0|0,0|0,0|0,0|0,0|0,0.5|1,0|0,0|0,1
3b50321e20de35dc10fbc103b0be3a086e916253,0|0,0|0,0|0,0|0,0|0,0|0,0|0,0|0,0|0,0|0,0|0,0|0,0|0,0|0,0|0,0|0,0|0,0|0,0|0,0|0,0|0,0|0,0|0,0|0,0.5|1,0|0,0|0,1
36f3048a1daa17a5d7cb1bd5483a304a40cbaf32,0|0,0|0,0|0,0|0,0|0,0|0,0|0,0|0,0|0,0|0,0|0,0|0,0|0,0|0,0|0,0|0,0|0,0|0,0|0,0|0,0|0,0|0,0|0,0|0,0.5|1,0|0,0|0,1
ffd1a786ffaf19c74f770cf4c5a772b8b7c58e0d,0|0,0|0,0|0,0|0,0|0,0|0,0|0,0|0,0|0,0|0,0|0,0|0,0|0,0|0,0|0,0|0,0|0,0|0,0|0,0|0,0|0,0|0,0|0,0|0,0.5|1,0|0,0|0,1
a97ef88960a02d26246c06230725a4831ec9e5aa,0|0,0|0,0|0,0|0,0|0,0|0,0|0,0|0,0|0,0|0,0|0,0|0,0|0,0|0,0|0,0|0,0|0,0|0,0|0,0|0,0|0,0|0,0|0,0|0,0.5|1,0|0,0|0,1
bb7da8e7f1a9e21e78a7d6b79079e73c4fc90b5e,0|0,0|0,0|0,0|0,0|0,0|0,0|0,0|0,0|0,0|0,0|0,0|0,0|0,0|0,0|0,0|0,0|0,0|0,0|0,0|0,0|0,0|0,0|0,0|0,0.5|1,0|0,0|0,1
58d93d87dfc0edaffdde8b093df8acc11a6a6066,0|0,0|0,0|0,0|0,0|0,0|0,0|0,0|0,0|0,0|0,0|0,0|0,0|0,0|0,0|0,0|0,0|0,0|0,0|0,0|0,0|0,0|0,0|0,0|0,0.5|1,0|0,0|0,1
ef1846e5491368a023e6b1f3a6ed1b26c9c2d9e8,0|0,0|0,0|0,0|0,0|0,0|0,0|0,0|0,0|0,0|0,0|0,0|0,0|0,0|0,0|0,0|0,0|0,0|0,0|0,0|0,0|0,0|0,0|0,0|0,0.5|1,0|0,0|0,1
dffe984d4b859c0580c4055696e886efc73cad97,0|0,0|0,0|0,0|0,0|0,0|0,0|0,0|0,0|0,0|0,0|0,0|0,0|0,0|0,0|0,0|0,0|0,0|0,0|0,0|0,0|0,0|0,0|0,0|0,0.5|1,0|0,0|0,1
409b4c44b863d277b93700ec505141b9984cb65f,0|0,0|0,0|0,0|0,0|0,0|0,0|0,0|0,0|0,0|0,0|0,0|0,0|0,0|0,0|0,0|0,0|0,0|0,0|0,0|0,0|0,0|0,0|0,0|0,0.5|1,0|0,0|0,1
55f587dd039282316f512e1bea64218fd991f934,0|0,0|0,0|0,0|0,0|0,0|0,0|0,0|0,0|0,0|0,0|0,0|0,0|0,0|0,0|0,0|0,0|0,0|0,0|0,0|0,0|0,0|0,0|0,0|0,0.5|1,0|0,0|0,1
61df82f8d632b4b3157a26b67f99230ce6048761,0|0,0|0,0|0,0|0,0|0,0|0,0|0,0|0,0|0,0|0,0|0,0|0,0|0,0|0,0|0,0|0,0|0,0|0,0|0,0|0,0|0,0|0,0|0,0|0,0.5|1,0|0,0|0,1
a139a2fd15efe13ca0c873f2488b712cab9c667b,0|0,0|0,0|0,0|0,0|0,0|0,0|0,0|0,0|0,0|0,0|0,0|0,0|0,0|0,0|0,0|0,0|0,0|0,0|0,0|0,0|0,0|0,0|0,0|0,0.5|1,0|0,0|0,1
e92690e2570e69af244a44adc9d2efce1fccfbe4,0|0,0|0,0|0,0|0,0|0,0|0,0|0,0|0,0|0,0|0,0|0,0|0,0|0,0|0,0|0,0|0,0|0,0|0,0|0,0|0,0|0,0|0,0|0,0|0,0.5|1,0|0,0|0,1
671e5133680e68046ca776e72001a6c0f512eb72,0|0,0|0,0|0,0|0,0|0,0|0,0|0,0|0,0|0,0|0,0|0,0|0,0|0,0|0,0|0,0|0,0|0,0|0,0|0,0|0,0|0,0|0,0|0,0|0,0.5|1,0|0,0|0,1
df2a814878718d95a9b3a1f799f1e360e35851b2,0|0,0|0,0|0,0|0,0|0,0|0,0|0,0|0,0|0,0|0,0|0,0|0,0|0,0|0,0|0,0|0,0|0,0|0,0|0,0|0,0|0,0|0,0|0,0|0,0.5|1,0|0,0|0,1
c1d2dcc1455682bbe87ca46812bc0a49e3239044,0|0,0|0,0|0,0|0,0|0,0|0,0|0,0|0,0|0,0|0,0|0,0|0,0|0,0|0,0|0,0|0,0|0,0|0,0|0,0|0,0|0,0|0,0|0,0|0,0.5|1,0|0,0|0,1
f9e46268eaed2933db32b97205387252c4d200ca,0|0,0|0,0|0,0|0,0|0,0|0,0|0,0|0,0|0,0|0,0|0,0|0,0|0,0|0,0|0,0|0,0|0,0|0,0|0,0|0,0|0,0|0,0|0,0|0,0.5|1,0|0,0|0,1
947cbd4c428861ad5cafd4b495250e92811eb25b,0|0,0|0,0|0,0|0,0|0,0|0,0|0,0|0,0|0,0|0,0|0,0|0,0|0,0|0,0|0,0|0,0|0,0|0,0|0,0|0,0|0,0|0,0|0,0|0,0.5|1,0|0,0|0,1
6dd76dc4233608bbbd337cecd38cbbc503fd8b76,0|0,0|0,0|0,0|0,0|0,0|0,0|0,0|0,0|0,0|0,0|0,0|0,0|0,0|0,0|0,0|0,0|0,0|0,0|0,0|0,0|0,0|0,0|0,0|0,0.5|1,0|0,0|0,1
0e475253e853c92dd6573ca1f7f671e2fda09790,0|0,0|0,0|0,0|0,0|0,0|0,0|0,0|0,0|0,0|0,0|0,0|0,0|0,0|0,0|0,0|0,0|0,0|0,0|0,0|0,0|0,0|0,0|0,0|0,0.5|1,0|0,0|0,1
63587accf51435078f3f9c696fcf6138798acfc6,0|0,0|0,0|0,0|0,0|0,0|0,0|0,0|0,0|0,0|0,0|0,0|0,0|0,0|0,0|0,0|0,0|0,0|0,0|0,0|0,0|0,0|0,0|0,0|0,0.5|1,0|0,0|0,1
2d7b268236fe4086f3fd24beeac32f7586554766,0|0,0|0,0|0,0|0,0|0,0|0,0|0,0|0,0|0,0|0,0|0,0|0,0|0,0|0,0|0,0|0,0|0,0|0,0|0,0|0,0|0,0|0,0|0,0|0,0.5|1,0|0,0|0,1
ed6b1bdb59c1991ae9648a51d26d46fb47553a4f,0|0,0|0,0|0,0|0,0|0,0|0,0|0,0|0,0|0,0|0,0|0,0|0,0|0,0|0,0|0,0|0,0|0,0|0,0|0,0|0,0|0,0|0,0|0,0|0,0.5|1,0|0,0|0,1
93dc12d4b599e49a106968eb3b526c468971652d,0|0,0|0,0|0,0|0,0|0,0|0,0|0,0|0,0|0,0|0,0|0,0|0,0|0,0|0,0|0,0|0,0|0,0|0,0|0,0|0,0|0,0|0,0|0,0|0,0.5|1,0|0,0|0,1
00264e69ed974afcc9d4790c3e615fcfc2a39833,0|0,0|0,0|0,0|0,0|0,0|0,0|0,0|0,0|0,0|0,0|0,0|0,0|0,0|0,0|0,0|0,0|0,0|0,0|0,0|0,0|0,0|0,0|0,0|0,0.5|1,0.5|1,0|0,2
8a76bb4035fa3cdb5b9f618af6469a326ab43b31,0|0,0|0,0|0,0|0,0|0,0|0,0|0,0|0,0|0,0|0,0|0,0|0,0|0,0|0,0|0,0|0,0|0,0|0,0|0,0|0,0|0,0|0,0|0,0|0,0.5|1,0|0,0|0,1
fc0e9fb4eb4e46cda03d7829a538d762ca38fbd0,0|0,0|0,0|0,0|0,0|0,0|0,0|0,0|0,0|0,0|0,0|0,0|0,0|0,0|0,0|0,0|0,0|0,0|0,0|0,0|0,0|0,0|0,0|0,0|0,0.5|1,0|0,0|0,1
6e3108b270e926a2dcf3a632e6a298753d935b0c,0|0,0|0,0|0,0|0,0|0,0|0,0|0,0|0,0|0,0|0,0|0,0|0,0|0,0|0,0|0,0|0,0|0,0|0,0|0,0|0,0|0,0|0,0|0,0|0,0.5|1,0|0,0|0,1
4c8ded763017611bb9479a027dc2cc1ae5fe01cb,0|0,0|0,0|0,0|0,0|0,0|0,0|0,0|0,0|0,0|0,0|0,0|0,0|0,0|0,0|0,0|0,0|0,0|0,0|0,0|0,0|0,0|0,0|0,0|0,0.5|1,0|0,0|0,1
0733f3c565faea01fc03a1757de05b6d71021264,0|0,0|0,0|0,0|0,0|0,0|0,0|0,0|0,0|0,0|0,0|0,0|0,0|0,0|0,0|0,0|0,0|0,0|0,0|0,0|0,0|0,0|0,0|0,0|0,0.5|1,0|0,0|0,1
194d2d495a247f9f1631fe68ea22e1b62a027e4f,0|0,0|0,0|0,0|0,0|0,0|0,0|0,0|0,0|0,0|0,0|0,0|0,0|0,0|0,0|0,0|0,0|0,0|0,0|0,0|0,0|0,0|0,0|0,0|0,0.5|1,0|0,0|0,1
5fb7114f814645ebf679a8228350e9770bf3f009,0|0,0|0,0|0,0|0,0|0,0|0,0|0,0|0,0|0,0|0,0|0,0|0,0|0,0|0,0|0,0|0,0|0,0|0,0|0,0|0,0|0,0|0,0|0,0|0,0.5|1,0|0,0|0,1
f8e659bd165bccc8679c96f542e3ea46475cd26a,0|0,0|0,0|0,0|0,0|0,0|0,0|0,0|0,0|0,0|0,0|0,0|0,0|0,0|0,0|0,0|0,0|0,0|0,0|0,0|0,0|0,0|0,0|0,0|0,0.5|1,0|0,0|0,1
07886880f80fc17def7cf2b61583dfbd80d0ff42,0|0,0|0,0|0,0|0,0|0,0|0,0|0,0|0,0|0,0|0,0|0,0|0,0|0,0|0,0|0,0|0,0|0,0|0,0|0,0|0,0|0,0|0,0|0,0|0,0.5|1,0|0,0|0,1
a1d34fa2f8d74cd79303f88465c75462699dee0f,0|0,0|0,0|0,0|0,0|0,0|0,0|0,0|0,0|0,0|0,0|0,0|0,0|0,0|0,0|0,0|0,0|0,0|0,0|0,0|0,0|0,0|0,0|0,0|0,0.5|1,0|0,0|0,1
e12b8487283979ab454a32888a3c37d4d9492480,0|0,0|0,0|0,0|0,0|0,0|0,0|0,0|0,0|0,0|0,0|0,0|0,0|0,0|0,0|0,0|0,0|0,0|0,0|0,0|0,0|0,0|0,0|0,0|0,0.5|1,0|0,0|0,1
09510084f9480e836be8bedc010e87276d5d8aa5,0|0,0|0,0|0,0|0,0|0,0|0,0|0,0|0,0|0,0|0,0|0,0|0,0|0,0|0,0|0,0|0,0|0,0|0,0|0,0|0,0|0,0|0,0|0,0|0,0.5|1,0|0,0|0,1
3e54056d37c94deaea151e72451d8443495e60ad,0|0,0|0,0|0,0|0,0|0,0|0,0|0,0|0,0|0,0|0,0|0,0|0,0|0,0|0,0|0,0|0,0|0,0|0,0|0,0|0,0|0,0|0,0|0,0|0,0.5|1,0|0,0|0,1
e87301895059e244460549eb78c36f474f474e64,0|0,0|0,0|0,0|0,0|0,0|0,0|0,0|0,0|0,0|0,0|0,0|0,0|0,0|0,0|0,0|0,0|0,0|0,0|0,0|0,0|0,0|0,0|0,0|0,0.5|1,0|0,0|0,1
4931ab0f9e2f210a69c364ce0748194534e800a4,0|0,0|0,0|0,0|0,0|0,0|0,0|0,0|0,0|0,0|0,0|0,0|0,0|0,0|0,0|0,0|0,0|0,0|0,0|0,0|0,0|0,0|0,0|0,0|0,0.5|1,0|0,0|0,1
141bb5dcee15de8c13e54732a66f564756ff309b,0|0,0|0,0|0,0|0,0|0,0|0,0|0,0|0,0|0,0|0,0|0,0|0,0|0,0|0,0|0,0|0,0|0,0|0,0|0,0|0,0|0,0|0,0|0,0|0,0.5|1,0|0,0|0,1
d29d663407b8a20eb14e5af9a2193ad9b25182bb,0|0,0|0,0|0,0|0,0|0,0|0,0|0,0|0,0|0,0|0,0|0,0|0,0|0,0|0,0|0,0|0,0|0,0|0,0|0,0|0,0|0,0|0,0|0,0|0,0.5|1,0|0,0|0,1
917b3a71fb20748965254631199ad98210d6c2fb,0|0,0|0,0|0,0|0,0|0,0|0,0|0,0|0,0|0,0|0,0|0,0|0,0|0,0|0,0|0,0|0,0|0,0|0,0|0,0|0,0|0,0|0,0|0,0|0,0.5|1,0|0,0|0,1
8f5c77af6c0b84bdea719010cf4f67877e857b2b,0|0,0|0,0|0,0|0,0|0,0|0,0|0,0|0,0|0,0|0,0|0,0|0,0|0,0|0,0|0,0|0,0|0,0|0,0|0,0|0,0|0,0|0,0|0,0|0,0.5|1,0|0,0|0,1
12e53756f2851b2315d825c04f755f68fc4b10fe,0|0,0|0,0|0,0|0,0|0,0|0,0|0,0|0,0|0,0|0,0|0,0|0,0|0,0|0,0|0,0|0,0|0,0|0,0|0,0|0,0|0,0|0,0|0,0|0,0.5|1,0|0,0|0,1
5410a64e6a0b0b974802569852ac143df8a13424,0|0,0|0,0|0,0|0,0|0,0|0,0|0,0|0,0|0,0|0,0|0,0|0,0|0,0|0,0|0,0|0,0|0,0|0,0|0,0|0,0|0,0|0,0|0,0|0,0.5|1,0|0,0|0,1
20e58ee14f6fd7de59b38e66d6c65f7ee43e9b28,0|0,0|0,0|0,0|0,0|0,0|0,0|0,0|0,0|0,0|0,0|0,0|0,0|0,0|0,0|0,0|0,0|0,0|0,0|0,0|0,0|0,0|0,0|0,0|0,0.5|1,0|0,0|0,1
cbd4c58a4203ffe0b1a9d712bf0ada295aaadedd,0|0,0|0,0|0,0|0,0|0,0|0,0|0,0|0,0|0,0|0,0|0,0|0,0|0,0|0,0|0,0|0,0|0,0|0,0|0,0|0,0|0,0|0,0|0,0|0,0.5|1,0|0,0|0,1
5ff71a3e57050f9bf543999fd697e861e89c28ed,0|0,0|0,0|0,0|0,0|0,0|0,0|0,0|0,0|0,0|0,0|0,0|0,0|0,0|0,0|0,0|0,0|0,0|0,0|0,0|0,0|0,0|0,0|0,0|0,0.5|1,0|0,0|0,1
18e84a3e550bdff081d7f7f42b7094abe063b5db,0|0,0|0,0|0,0|0,0|0,0|0,0|0,0|0,0|0,0|0,0|0,0|0,0|0,0|0,0|0,0|0,0|0,0|0,0|0,0|0,0|0,0|0,0|0,0|0,0.5|1,0|0,0|0,1
873433d01536945386eeb08059f34f611143a29d,0|0,0|0,0|0,0|0,0|0,0|0,0|0,0|0,0|0,0|0,0|0,0|0,0|0,0|0,0|0,0|0,0|0,0|0,0|0,0|0,0|0,0.5|1,0|0,0|0,0.5|1,0|0,0|0,2
17b42d0bbea26b36d5954dd27325ef5b93caa915,0|0,0|0,0|0,0|0,0|0,0|0,0|0,0|0,0|0,0|0,0|0,0|0,0|0,0|0,0|0,0|0,0|0,0|0,0|0,0|0,0|0,0.5|1,0|0,0.5|0,0.5|1,0|0,0|0,2
4cb2e5ff261d260487913e3e075377b51b075db5,0|0,0|0,0|0,0|0,0|0,0|0,0|0,0|0,0|0,0|0,0|0,0|0,0|0,0|0,0|0,0|0,0|0,0|0,0|0,0|0,0|0,0.5|1,0|0,0.5|1,0.5|1,0|0,0|0,3
849d1d7cbdef3750285a0ca2f5ad166a8bc4c085,0|0,0|0,0|0,0|0,0|0,0|0,0|0,0|0,0|0,0|0,0|0,0|0,0|0,0|0,0|0,0|0,0|0,0|0,0|0,0|0,0|0,0.5|1,0|0,0.5|1,0.5|1,0|0,0|0,3
088f3cd6e58cff5fa51e072d1829f7691a5f6681,0|0,0|0,0|0,0|0,0|0,0|0,0|0,0|0,0|0,0|0,0|0,0|0,0|0,0|0,0|0,0|0,0|0,0|0,0|0,0|0,0|0,0.5|1,0|0,0.5|1,0.5|1,0|0,0|0,3
9b6fe6e1008f1b9b7fc3109b5f94db8d970fbcaa,0|0,0|0,0|0,0|0,0|0,0|0,0|0,0|0,0|0,0|0,0|0,0|0,0|0,0|0,0|0,0|0,0|0,0|0,0|0,0|0,0|0,0.5|1,0|0,0.5|1,0.5|1,0|0,0|0,3
876825f0861606b732ba0200bcf32cbcffee1df4,0|0,0|0,0|0,0|0,0|0,0|0,0|0,0|0,0|0,0|0,0|0,0|0,0|0,0|0,0|0,0|0,0|0,0|0,0|0,0|0,0|0,0.5|1,0|0,0.5|1,0.5|1,0|0,0|0,3
960372dbd9ea51cf7746b634941a27bd24c0505a,0|0,0|0,0|0,0|0,0|0,0|0,0|0,0|0,0|0,0|0,0|0,0|0,0|0,0|0,0|0,0|0,0|0,0|0,0|0,0|0,0|0,0.5|1,0|0,0.5|1,0.5|1,0|0,0|0,3
174e3640b5c5e13c7f2eb122db6d5259ea0cf14d,0|0,0|0,0|0,0|0,0|0,0|0,0|0,0|0,0|0,0|0,0|0,0|0,0|0,0|0,0|0,0|0,0|0,0|0,0|0,0|0,0|0,0.5|1,0|0,0.5|1,0.5|1,0|0,0|0,3
d25858ca1c3acc8a62fa6d54d7e2eb56d45d353c,0|0,0|0,0|0,0|0,0|0,0|0,0|0,0|0,0|0,0|0,0|0,0|0,0|0,0|0,0|0,0|0,0|0,0|0,0|0,0|0,0|0,0.5|1,0|0,0.5|1,0.5|1,0|0,0|0,3
dd51f04378e5ad6a8f04d05370066d5d54f141c9,0|0,0|0,0|0,0|0,0|0,0|0,0|0,0|0,0|0,0|0,0|0,0|0,0|0,0|0,0|0,0|0,0|0,0|0,0|0,0|0,0|0,0.5|1,0|0,0.5|1,0.5|1,0|0,0|0,3
74c0eaa08b3ba38fcb42e7778e52281c64c38324,0|0,0|0,0|0,0|0,0|0,0|0,0|0,0|0,0|0,0|0,0|0,0|0,0|0,0|0,0|0,0|0,0|0,0|0,0|0,0|0,0|0,0.5|1,0|0,0.5|1,0.5|1,0|0,0|0,3
14ecc9193043423b68bb3beecc7f2f7fe71b504c,0|0,0|0,0|0,0|0,0|0,0|0,0|0,0|0,0|0,0|0,0|0,0|0,0|0,0|0,0|0,0|0,0|0,0|0,0|0,0|0,0|0,0.5|1,0|0,0.5|1,0.5|1,0|0,0|0,3
44d690c9f6501ebe2416c6fa66c57babe6585a77,0|0,0|0,0|0,0|0,0|0,0|0,0|0,0|0,0|0,0|0,0|0,0|0,0|0,0|0,0|0,0|0,0|0,0|0,0|0,0|0,0|0,0.5|1,0|0,0.5|1,0.5|1,0|0,0|0,3
6c9bc907ee70b148b6b018df559681b07aed9c72,0|0,0|0,0|0,0|0,0|0,0|0,0|0,0|0,0|0,0|0,0|0,0|0,0|0,0|0,0|0,0|0,0|0,0|0,0|0,0|0,0|0,0.5|1,0|0,0.5|1,0.5|1,0|0,0|0,3
9c24aae232be19ab4e5174578009e8b519d4f3bd,0|0,0|0,0|0,0|0,0|0,0|0,0|0,0|0,0|0,0|0,0|0,0|0,0|0,0|0,0|0,0|0,0|0,0|0,0|0,0|0,0|0,0.5|1,0|0,0.5|1,0.5|1,0|0,0|0,3
38ead17f0c2735873ebac6f1519b9bdb113bba97,0|0,0|0,0|0,0|0,0|0,0|0,0|0,0|0,0|0,0|0,0|0,0|0,0|0,0|0,0|0,0|0,0|0,0|0,0|0,0|0,0|0,0.5|1,0|0,0.5|1,0.5|1,0|0,0|0,3
1d21dd2a584ffe9408802f32e233de6a7a41dc17,0|0,0|0,0|0,0|0,0|0,0|0,0|0,0|0,0|0,0|0,0|0,0|0,0|0,0|0,0|0,0|0,0|0,0|0,0|0,0|0,0|0,0.5|1,0|0,0.5|1,0.5|1,0|0,0|0,3
81a30f5921135dfafb214c8f21fac857e58045c3,0|0,0|0,0|0,0|0,0|0,0|0,0|0,0|0,0|0,0|0,0|0,0|0,0|0,0|0,0|0,0|0,0|0,0|0,0|0,0|0,0|0,0.5|1,0|0,0.5|1,0.5|1,0|0,0|0,3
3e2865d95b66fd2239f4bafcba12cb3d2ec8b937,0|0,0|0,0|0,0|0,0|0,0|0,0|0,0|0,0|0,0|0,0|0,0|0,0|0,0|0,0|0,0|0,0|0,0|0,0|0,0|0,0|0,0.5|1,0|0,0.5|1,0.5|1,0|0,0|0,3
4407834f3d88c45d22da91cdda9386338088f0f5,0|0,0|0,0|0,0|0,0|0,0|0,0|0,0|0,0|0,0|0,0|0,0|0,0|0,0|0,0|0,0|0,0|0,0|0,0|0,0|0,0|0,0.5|1,0|0,0.5|1,0.5|1,0|0,0|0,3
d8bf48533eb214a394b0a27def01d0ddbdfdeac7,0|0,0|0,0|0,0|0,0|0,0|0,0|0,0|0,0|0,0|0,0|0,0|0,0|0,0|0,0|0,0|0,0|0,0|0,0|0,0|0,0|0,0.5|1,0|0,0.5|1,0.5|1,0|0,0|0,3
83fcad4faf4b3fe1dc8580ca9059899a54132b13,0|0,0|0,0|0,0|0,0|0,0|0,0|0,0|0,0|0,0|0,0|0,0|0,0|0,0|0,0|0,0|0,0|0,0|0,0|0,0|0,0|0,0.5|1,0|0,0.5|1,0.5|1,0|0,0|0,3
53c3ace68b1b1eae928e0aade960bac651ce3aea,0|0,0|0,0|0,0|0,0|0,0|0,0|0,0|0,0|0,0|0,0|0,0|0,0|0,0|0,0|0,0|0,0|0,0|0,0|0,0|0,0|0,0.5|1,0|0,0.5|1,0.5|1,0|0,0|0,3
cd3143c71173e67226dc8102b49a3b304162dcdf,0|0,0|0,0|0,0|0,0|0,0|0,0|0,0|0,0|0,0|0,0|0,0|0,0|0,0|0,0|0,0|0,0|0,0|0,0|0,0|0,0|0,0.5|1,0|0,0.5|1,0.5|1,0|0,0|0,3
dd77f8f2ca8e13d4e2e469c023f947344009f232,0|0,0|0,0|0,0|0,0|0,0|0,0|0,0|0,0|0,0|0,0|0,0|0,0|0,0|0,0|0,0|0,0|0,0|0,0|0,0|0,0|0,0.5|1,0|0,0.5|1,0.5|1,0|0,0|0,3
486965c3a6f0e92989d70de041a587f2cf8672aa,0|0,0|0,0|0,0|0,0|0,0|0,0|0,0|0,0|0,0|0,0|0,0|0,0|0,0|0,0|0,0|0,0|0,0|0,0|0,0|0,0|0,0.5|1,0|0,0.5|1,0.5|1,0|0,0|0,3
dbdd15ee895081dc8b9c16a6cedb11c75daa5a16,0|0,0|0,0|0,0|0,0|0,0|0,0|0,0|0,0|0,0|0,0|0,0|0,0|0,0|0,0|0,0|0,0|0,0|0,0|0,0|0,0|0,0.5|1,0|0,0.5|1,0.5|1,0|0,0|0,3
8f79ea13d66bb3ad68772c288914a7eee1dac3e8,0|0,0|0,0|0,0|0,0|0,0|0,0|0,0|0,0|0,0|0,0|0,0|0,0|0,0|0,0|0,0|0,0|0,0|0,0|0,0|0,0|0,0.5|1,0|0,0.5|1,0.5|1,0|0,0|0,3
a71375c5287705a042e5e3f493d53071f0b0d65d,0|0,0|0,0|0,0|0,0|0,0|0,0|0,0|0,0|0,0|0,0|0,0|0,0|0,0|0,0|0,0|0,0|0,0|0,0|0,0|0,0|0,0.5|1,0|0,0.5|1,0.5|1,0|0,0|0,3
cb65460faf6fea43d7489943656bc78c157e203a,0|0,0|0,0|0,0|0,0|0,0|0,0|0,0|0,0|0,0|0,0|0,0|0,0|0,0|0,0|0,0|0,0|0,0|0,0|0,0|0,0|0,0.5|1,0|0,0.5|1,0.5|1,0|0,0|0,3
e4c1b3803930645ce481a8025b8fc8dc80720c27,0|0,0|0,0|0,0|0,0|0,0|0,0|0,0|0,0|0,0|0,0|0,0|0,0|0,0|0,0|0,0|0,0|0,0|0,0|0,0|0,0|0,0.5|1,0|0,0.5|1,0.5|1,0|0,0|0,3
fb7a6565ec3a66def0edbbf6c93f73df96dd4d4a,0|0,0|0,0|0,0|0,0|0,0|0,0|0,0|0,0|0,0|0,0|0,0|0,0|0,0|0,0|0,0|0,0|0,0|0,0|0,0|0,0|0,0.5|1,0|0,0.5|1,0.5|1,0|0,0|0,3
95e687807f47e59f1860c4c0ddc65080a354bd0b,0|0,0|0,0|0,0|0,0|0,0|0,0|0,0|0,0|0,0|0,0|0,0|0,0|0,0|0,0|0,0|0,0|0,0|0,0|0,0|0,0|0,0.5|1,0|0,0.5|1,0.5|1,0|0,0|0,3
f62a3f606db3163b85666a0b8997e52987c87e97,0|0,0|0,0|0,0|0,0|0,0|0,0|0,0|0,0|0,0|0,0|0,0|0,0|0,0|0,0|0,0|0,0|0,0|0,0|0,0|0,0|0,0.5|1,0|0,0.5|1,0.5|1,0|0,0|0,3
b0739b945394ec81a5420cf02e951fae26923dce,0|0,0|0,0|0,0|0,0|0,0|0,0|0,0|0,0|0,0|0,0|0,0|0,0|0,0|0,0|0,0|0,0|0,0|0,0|0,0|0,0|0,0.5|1,0|0,0.5|1,0.5|1,0|0,0|0,3
91943811904f562b101b0ac410da60974b4186f2,0|0,0|0,0|0,0|0,0|0,0|0,0|0,0|0,0|0,0|0,0|0,0|0,0|0,0|0,0|0,0|0,0|0,0|0,0|0,0|0,0|0,0.5|1,0|0,0.5|1,0.5|1,0|0,0|0,3
81eedb262e019faf2819cff89b23bc57fe776c21,0|0,0|0,0|0,0|0,0|0,0|0,0|0,0|0,0|0,0|0,0|0,0|0,0|0,0|0,0|0,0|0,0|0,0|0,0|0,0|0,0|0,0.5|1,0|0,0.5|1,0.5|1,0|0,0|0,3
3df0523f3da7536554c3f932a18c8d2fbd7cd5ec,0|0,0|0,0|0,0|0,0|0,0|0,0|0,0|0,0|0,0|0,0|0,0|0,0|0,0|0,0|0,0|0,0|0,0|0,0|0,0|0,0|0,0.5|1,0|0,0.5|1,0.5|1,0|0,0|0,3
b87acd85cd7c0f0ca2fbcb894bd9048ceac755b4,0|0,0|0,0|0,0|0,0|0,0|0,0|0,0|0,0|0,0|0,0|0,0|0,0|0,0|0,0|0,0|0,0|0,0|0,0|0,0|0,0|0,0.5|1,0|0,0.5|1,0.5|1,0|0,0|0,3
280165d922732e13d21958ae645f654812f25cfc,0|0,0|0,0|0,0|0,0|0,0|0,0|0,0|0,0|0,0|0,0|0,0|0,0|0,0|0,0|0,0|0,0|0,0|0,0|0,0|0,0|0,0.5|1,0|0,0.5|1,0.5|1,0|0,0|0,3
7c8a46b827063bea9318f30479eb7d6e519970c3,0|0,0|0,0|0,0|0,0|0,0|0,0|0,0|0,0|0,0|0,0|0,0|0,0|0,0|0,0|0,0|0,0|0,0|0,0|0,0|0,0|0,0.5|1,0|0,0.5|1,0.5|1,0|0,0|0,3
8cdcf2377f8cd2657acfce409f56c105f64a0a15,0|0,0|0,0|0,0|0,0|0,0|0,0|0,0|0,0|0,0|0,0|0,0|0,0|0,0|0,0|0,0|0,0|0,0|0,0|0,0|0,0|0,0.5|1,0|0,0.5|1,0.5|1,0|0,0|0,3
3853fc8f7323f609b68907c214443e983eb514e7,0|0,0|0,0|0,0|0,0|0,0|0,0|0,0|0,0|0,0|0,0|0,0|0,0|0,0|0,0|0,0|0,0|0,0|0,0|0,0|0,0|0,0.5|1,0|0,0.5|1,0.5|1,0|0,0|0,3
c229322420f29be4f75f88d6c2058ffaab12ff94,0|0,0|0,0|0,0|0,0|0,0|0,0|0,0|0,0|0,0|0,0|0,0|0,0|0,0|0,0|0,0|0,0|0,0|0,0|0,0|0,0|0,0.5|1,0|0,0.5|1,0.5|1,0|0,0|0,3
f36bb2f9f5b518d1ba23370f6e17c27a62489142,0|0,0|0,0|0,0|0,0|0,0|0,0|0,0|0,0|0,0|0,0|0,0|0,0|0,0|0,0|0,0|0,0|0,0|0,0|0,0|0,0|0,0.5|1,0|0,0.5|1,0.5|1,0|0,0|0,3
a412aad1c19ef3bcf286a465f615bb5e3a9ad526,0|0,0|0,0|0,0|0,0|0,0|0,0|0,0|0,0|0,0|0,0|0,0|0,0|0,0|0,0|0,0|0,0|0,0|0,0|0,0|0,0|0,0.5|1,0.5|1,0.5|1,0.5|1,0|0,0|0,4
03e485b0a99d4cd94011f3d217be77de25ac8c4c,0|0,0|0,0|0,0|0,0|0,0|0,0|0,0|0,0|0,0|0,0|0,0|0,0|0,0|0,0|0,0|0,0|0,0|0,0|0,0|0,0|0,0.5|1,0.5|1,0.5|1,0.5|1,0|0,0|0,4
36add0c0844e69c8ab3befde784ca46874bc619e,0|0,0|0,0|0,0|0,0|0,0|0,0|0,0|0,0|0,0|0,0|0,0|0,0|0,0|0,0|0,0|0,0|0,0|0,0|0,0|0,0|0,0.5|1,0.5|1,0.5|1,0.5|1,0|0,0|0,4
71d572e6b72d209b99f34b311298d51eac32fbb1,0|0,0|0,0|0,0|0,0|0,0|0,0|0,0|0,0|0,0|0,0|0,0|0,0|0,0|0,0|0,0|0,0|0,0|0,0|0,0|0,0|0,0.5|1,0.5|1,0.5|1,0.5|1,0|0,0|0,4
6860f08f96d14bdc9e8d477f16c965de2533d07c,0|0,0|0,0|0,0|0,0|0,0|0,0|0,0|0,0|0,0|0,0|0,0|0,0|0,0|0,0|0,0|0,0|0,0|0,0|0,0|0,0|0,0.5|1,0.5|1,0.5|1,0.5|1,0|0,0|0,4
18aea60d191e2007366912a31f436eb725542438,0|0,0|0,0|0,0|0,0|0,0|0,0|0,0|0,0|0,0|0,0|0,0|0,0|0,0|0,0|0,0|0,0|0,0|0,0|0,0|0,0|0,0.5|1,0.5|1,0.5|1,0.5|1,0|0,0|0,4
2414331e669dde44c69d2a82c00a4f58cb148aa0,0|0,0|0,0|0,0|0,0|0,0|0,0|0,0|0,0|0,0|0,0|0,0|0,0|0,0|0,0|0,0|0,0|0,0|0,0|0,0|0,0|0,0.5|1,0.5|1,0.5|1,0.5|1,0|0,0|0,4
729ddf1fe109c8a7e6695e8f8c5ec36e97ec082d,0|0,0|0,0|0,0|0,0|0,0|0,0|0,0|0,0|0,0|0,0|0,0|0,0|0,0|0,0|0,0|0,0|0,0|0,0|0,0|0,0|0,0.5|1,0.5|1,0.5|1,0.5|1,0|0,0|0,4
aae2e146ba7f39cfa13b665286abce3bff8a6c6e,0|0,0|0,0|0,0|0,0|0,0|0,0|0,0|0,0|0,0|0,0|0,0|0,0|0,0|0,0|0,0|0,0|0,0|0,0|0,0|0,0|0,0.5|1,0.5|1,0.5|1,0.5|1,0|0,0|0,4
1f69e67da9cd2b985558232874a9941e5c301b76,0|0,0|0,0|0,0|0,0|0,0|0,0|0,0|0,0|0,0|0,0|0,0|0,0|0,0|0,0|0,0|0,0|0,0|0,0|0,0|0,0|0,0.5|1,0.5|1,0.5|1,0.5|1,0|0,0|0,4
3eb52c7635d508b2dcbce8a52e554e80af4bae28,0|0,0|0,0|0,0|0,0|0,0|0,0|0,0|0,0|0,0|0,0|0,0|0,0|0,0|0,0|0,0|0,0|0,0|0,0|0,0|0,0|0,0.5|1,0.5|1,0.5|1,0.5|1,0|0,0|0,4
3036b841bd960d7e5ee4e855821bef4ece1bdfb2,0|0,0|0,0|0,0|0,0|0,0|0,0|0,0|0,0|0,0|0,0|0,0|0,0|0,0|0,0|0,0|0,0|0,0|0,0|0,0|0,0|0,0.5|1,0.5|1,0.5|1,0.5|1,time out,0|0,4
31753bd24be80831a7d1ee2da8a4d4f88d37cb40,0|0,0|0,0|0,0|0,0|0,0|0,0|0,0|0,0|0,0|0,0|0,0|0,0|0,0|0,0|0,0|0,0|0,0|0,0|0,0|0,0|0,0.5|1,0.5|1,0.5|1,0.5|1,time out,0|0,4
ba9672456064ecc4166c6293bc36a1b126f3421a,0|0,0|0,0|0,0|0,0|0,0|0,0|0,0|0,0|0,0|0,0|0,0|0,0|0,0|0,0|0,0|0,0|0,0|0,0|0,0|0,0|0,0.5|1,0.5|1,0.5|1,0.5|1,time out,0|0,4
098025f0cc22b5895d34ad697a810cb2f29b7ef0,0|0,0|0,0|0,0|0,0|0,0|0,0|0,0|0,0|0,0|0,0|0,0|0,0|0,0|0,0|0,0|0,0|0,0|0,0|0,0|0,0|0,0.5|1,0.5|1,0.5|1,0.5|1,time out,0|0,4
04c8185f0e8088f01592917af2b7d52ec63114bf,0|0,0|0,0|0,0|0,0.5|1,0|0,0|0,0|0,0|0,0|0,0|0,0|0,0|0,0|0,0|0,0|0,0|0,0|0,0|0,0|0,0|0,0.5|1,0.5|1,0.5|1,0.5|1,time out,0|0,5
fec8fa30d2fa70e882f415a9b0eb4b70e4bf452b,0|0,0|0,0|0,0.5|1,0.5|1,0|0,0|0,0|0,0|0,0|0,0|0,0|0,0|0,0|0,0|0,0|0,0|0,0|0,0|0,0|0,0|0,0.5|1,0.5|1,0.5|1,0.5|1,time out,0|0,6
919d52dd35537193e02ff8dff093eb2f69a6bf44,0|0,0|0,0|0,0.5|1,0.5|1,0|0,0|0,0|0,0|0,0|0,0|0,0|0,0|0,0|0,0|0,0|0,0|0,0|0,0|0,0|0,0|0,0.5|1,0.5|1,0.5|1,0.5|1,time out,0|0,6
272580021ad195598a822cb0916a752ade2ec174,0|0,0|0,0|0,0.5|1,0.5|1,0|0,0|0,0|0,0|0,0|0,0|0,0|0,0|0,0|0,0|0,0|0,0|0,0|0,0|0,0|0,0|0,0.5|1,0.5|1,0.5|1,0.5|1,time out,0|0,6
cf52063e7aada82dc25a356c8f4a98762fa7a421,0|0,0|0,0.5|1,0.5|1,0.5|1,0|0,0|0,0|0,0|0,0|0,0|0,0|0,0|0,0|0,0|0,0|0,0|0,0|0,0|0,0|0,0|0,0.5|1,0.5|1,0.5|1,0.5|1,time out,0|0,7
66453cdbf76e04aa595951d293890ccbc3fc556d,0|0,0|0,0.5|1,0.5|1,0.5|1,0|0,0|0,0|0,0|0,0|0,0|0,0|0,0|0,0|0,0|0,0|0,0|0,0|0,0|0,0|0,0|0,0.5|1,0.5|1,0.5|1,0.5|1,time out,0|0,7
073c1adebeef38317ae0e6cb0f6d366ddaadb38a,0|0,0|1,0.5|1,0.5|1,0.5|1,0|0,0|0,0|0,0|0,0|0,0|0,0|0,0|0,0|0,0|0,0|0,0|0,0|0,0|0,0|0,0|0,0.5|1,0.5|1,0.5|1,0.5|1,time out,0|0,8
d0279cbd913fb9dcada3f7dc6a3435b862a82c47,0|0,0|1,0.5|1,0.5|1,0.5|1,0|0,0|0,0|0,0|0,0|0,0|0,0|0,0|0,0|0,0|0,0|0,0|0,0|0,0|0,0|0,0|0,0.5|1,0.5|1,0|0,0.5|1,time out,0|0,7
d54d6fffba57bd417e31ab33230cbc490142bf03,0|0,0|1,0.5|1,0.5|1,0.5|1,0|0,0|0,0|0,0|0,0|0,0|0,0|0,0|0,0|0,0|0,0|0,0|0,0|0,0|0,0|0,0|0,0.5|1,0.5|1,0|0,0.5|1,time out,0|0,7
bb338fb50c89f4d999e02b215fef350a1f1da852,0.5|1,0|1,0.5|1,0.5|1,0.5|1,0|0,0|0,0|0,0|0,0|0,0|0,0|0,0|0,0|0,0|0,0|0,0|0,0|0,0|0,0|0,0|0,0.5|1,0.5|1,0|0,0.5|1,time out,0|0,8
6827e8f6613133d0e19f65bdfb1af4b5125da6c6,0.5|1,0|1,0.5|1,0.5|1,0|0,0|0,0|0,0|0,0|0,0|0,0|0,0|0,0|0,0|0,0|0,0|0,0|0,0|0,0|0,0|0,0|0,0.5|1,0.5|1,0|0,0.5|1,time out,0|0,7
a2a150c03a353ead49aae0eab7d3b3a19470f009,0.5|1,0|1,0.5|1,0.5|1,0|0,0|0,0|0,0|0,0|0,0|0,0|0,0|0,0|0,0|0,0|0,0|0,0|0,0|0,0|0,0|0,0.5|1,0.5|1,0.5|1,0|0,0.5|1,time out,0|0,8
05fc41a921e9763ea07c031bd7ddf0b3874492c6,0.5|1,0|1,0.5|1,0.5|1,0|0,0|0,0|0,0|0,0|0,0|0,0|0,0|0,0|0,0|0,0|0,0|0,0|0,0|0,0|0,0|0,0.5|1,0.5|1,0.5|1,0|0,0.5|1,time out,0|0,8
80cf1d230aeb09eac4a6087213cf3a378954da79,0.5|1,0|1,0.5|1,0.5|1,0|0,0|0,0|0,0|0,0|0,0|0,0|0,0|0,0|0,0|0,0|0,0|0,0|0,0|0,0|0,0|0,0.5|1,0.5|1,0.5|1,0|0,0.5|1,time out,0|0,8
e1cb0035e6d393d827988e2fe3cd6d4d7a04e936,0.5|1,0|1,0.5|1,0.5|1,0|0,0|0,0|0,0|0,0|0,0|0,0|0,0|0,0|0,0|0,0|0,0|0,0|0,0|0,0|0,0|0,0.5|1,0.5|1,0.5|1,0|0,0.5|1,time out,0|0,8
cd42596379866887dfb14e92e2ecfeab46359cf0,0.5|1,0|1,0.5|1,0.5|1,0|0,0|0,0|0,0|0,0|0,0|0,0|0,0|0,0|0,0|0,0|0,0|0,0|0,0|0,0|0,0.5|1,0.5|1,0.5|1,0.5|1,0|0,0.5|1,time out,0|0,9
6abd3e2e638809837b42e03a2c646b9cda252a3e,0.5|1,0.5|1,0.5|1,0.5|1,0|0,0|0,0|0,0|0,0|0,0|0,0|0,0|0,0|0,0|0,0|0,0|0,0|0,0|0,0.5|1,0.5|1,0.5|1,0.5|1,0.5|1,0|0,0.5|1,time out,0|0,10
b9097cddb67a7a3fb22524c8753caa3513ce6797,0.5|1,0.5|1,0.5|1,0.5|1,0|0,0|0,0|0,0|0,0|0,0|0,0|0,0|0,0|0,0|0,0|0,0|0,0|0,0.5|1,0.5|1,0.5|1,0.5|1,0.5|1,0.5|1,0|0,0.5|1,time out,0|0,11
361febcf961baa853f34909cd3925ffa7f90e7ea,0.5|1,0.5|1,0.5|1,0.5|1,0|0,0|0,0|0,0|0,0|0,0|0,0|0,0|0,0.5|1,0|0,0|0,0|0,0|0,0.5|1,0.5|1,0.5|1,0.5|1,0.5|1,0.5|1,0|0,0.5|1,time out,0|0,12
3fcd11272414a8a9cfac757d2a20f1f48d15af85,0.5|1,0.5|1,0.5|1,0.5|1,0|0,0|0,0|0,0|0,0|0,0|0,0|0,0|0,0.5|1,0|0,0|0,0|0,0.5|1,0.5|1,0.5|1,0.5|1,0.5|1,0.5|1,0.5|1,0|0,0.5|1,time out,0|0,13
ee290c1aebaa172c812f21024af2dbf721fa5865,0.5|1,0.5|1,0.5|1,0.5|1,0|0,0|0,0|0,0|0,0|0,0|0,0|0,0|0,0.5|1,0|0,0|0,0.5|1,0.5|1,0.5|1,0.5|1,0.5|1,0.5|1,0.5|1,0.5|1,0|0,0.5|1,time out,0|0,14
7afd196669cbec02d8e0bbaf7bee4a1b59790a1b,0.5|1,0.5|1,0.5|1,0.5|1,0|0,0|0,0|0,0|0,0|0,0|0,0|0,0|0,0.5|1,0|0,0|0,0.5|1,0.5|1,0.5|1,0.5|1,0.5|1,0.5|1,0.5|1,0.5|1,0|0,0.5|1,time out,0|0,14
71484d8977bf79411dca9ebc6c9c1fcc36723ea7,0.5|1,0.5|1,0.5|1,0.5|1,0|0,0|0,0|0,0|0,0|0,0|0,0.5|1,0.5|1,0.5|1,0|0,0.5|1,0.5|1,0.5|1,0.5|1,0.5|1,0.5|1,0.5|1,0.5|1,0.5|1,0|0,0.5|1,time out,0|0,17
05efb77627aa0e05ab59ec1d6cb6988e1eb9710e,0.5|1,0.5|1,0.5|1,0.5|1,0|0,0|0,0|0,0|0,0|0,0.5|1,0.5|1,0.5|1,0.5|1,0.5|1,0.5|1,0.5|1,0.5|1,0.5|1,0.5|1,0.5|1,0.5|1,0.5|1,0.5|1,0|0,0.5|1,time out,0|0,19
e088d3a844717878592fa5ccf871729983140676,0.5|1,0.5|1,0.5|1,0.5|1,0|0,0|0,0|0,0.5|1,0.5|1,0.5|1,0.5|1,0.5|1,0.5|1,0|0,0.5|1,0.5|1,0.5|1,0.5|1,0.5|1,0.5|1,0.5|1,0.5|1,0.5|1,0|0,0.5|1,time out,0|0,20
941c74b068dc50c89881f1092b409f8dbd7f583b,0.5|1,0.5|1,0.5|1,0.5|1,0|0,0|0,0|0,0.5|1,0.5|1,0.5|1,0.5|1,0.5|1,0.5|1,0|0,0.5|1,0.5|1,0.5|1,0.5|1,0.5|1,0.5|1,0.5|1,0.5|1,0.5|1,0|0,0.5|1,time out,0|0,20
a94bc479111782659c4f1d164d49f68863cee383,0.5|1,0.5|1,0.5|1,0.5|1,0|0,0|0,0|0,0.5|1,0.5|1,0.5|1,0.5|1,0.5|1,0.5|1,0|0,0.5|1,0.5|1,0.5|1,0.5|1,0.5|1,0.5|1,0.5|1,0.5|1,0.5|1,0|0,0.5|1,time out,0|0,20
fef972f530fc7010de37556f7d62f0c40624e358,0.5|1,0.5|1,0.5|1,0.5|1,0|0,0|0,0|0,0.5|1,0.5|1,0.5|1,0.5|1,0.5|1,0.5|1,0|0,0.5|1,0.5|1,0.5|1,0.5|1,0.5|1,0.5|1,0.5|1,0.5|1,0.5|1,0|0,0.5|1,time out,0|0,20
06842573ee3a03a3bce30cd72159fdd236829c53,0.5|1,0.5|1,0.5|1,0.5|1,0|0,0|0,0|0,0.5|1,0.5|1,0.5|1,0.5|1,0.5|1,0.5|1,0|0,0.5|1,0.5|1,0.5|1,0.5|1,0.5|1,0.5|1,0.5|1,0.5|1,0.5|1,0|0,0.5|1,time out,0|0,20
00b46feb7034a46b2933bfadecfdc9bc1091fb99,0.5|1,0.5|1,0.5|1,0.5|1,0|0,0|0,0|0,0.5|1,0.5|1,0.5|1,0.5|1,0.5|1,0.5|1,0|0,0.5|1,0.5|1,0.5|1,0.5|1,0.5|1,0.5|1,0.5|1,0.5|1,0.5|1,0|0,0.5|1,time out,0|0,20
48d7216a827d4073de179b9b103c4ed77ffb8186,0.5|1,0.5|1,0.5|1,0.5|1,0|0,0|0,0|0,0.5|1,0.5|1,0.5|1,0.5|1,0.5|1,0.5|1,0|0,0.5|1,0.5|1,0.5|1,0.5|1,0.5|1,0|0,0.5|1,0.5|1,0.5|1,0|0,0.5|1,time out,0|0,19
bed976367d17bff751442792d185d911a3c5ff76,0.5|1,0.5|1,0.5|1,0.5|1,0|0,0|0,0|0,0.5|1,0.5|1,0.5|1,0.5|1,0.5|1,0.5|1,0|0,0.5|1,0.5|1,0.5|1,0.5|1,0.5|1,0|0,0.5|1,0.5|1,0.5|1,0|0,0.5|1,time out,0|0,19
f8d7d8686c13da4f7b17ab0ec1fa86bfa2506a42,0.5|1,0.5|1,0.5|1,0.5|1,0|0,0|0,0|0,0.5|1,0.5|1,0.5|1,0.5|1,0.5|1,0.5|1,0|0,0.5|1,0.5|1,0.5|1,0.5|1,0.5|1,0|0,0.5|1,0.5|1,0.5|1,0|0,0.5|1,time out,0|0,19
5efccf6de45e1707dbe8dbfb3b6e9bbc6c538ecf,0.5|1,0.5|1,0.5|1,0.5|1,0|0,0|0,0|0,0.5|1,0.5|1,0.5|1,0.5|1,0.5|1,0.5|1,0|0,0.5|1,0.5|1,0.5|1,0.5|1,0.5|1,0|0,0.5|1,0.5|1,0.5|1,0|0,0.5|1,time out,0|0,19
e870a0502a68e09cd143ac0fa0abe64d91e1baf6,0.5|1,0.5|1,0.5|1,0.5|1,0|0,0|0,0|0,0.5|1,0.5|1,0.5|1,0.5|1,0.5|1,0.5|1,0|0,0.5|1,0.5|1,0.5|1,0.5|1,0.5|1,0|0,0.5|1,0.5|1,0.5|1,0|0,0.5|1,time out,0|0,19
bf7a333ad182ead91fbdd4dcd848398e7fdfe2cd,0.5|1,0.5|1,0.5|1,0.5|1,0|0,0|0,0|0,0.5|1,0.5|1,0.5|1,0.5|1,0.5|1,0.5|1,0|0,0.5|1,0.5|1,0.5|1,0.5|1,0.5|1,0|0,0.5|1,0.5|1,0.5|1,0|0,0.5|1,time out,0|0,19
e784b3314b61f8dfb65e21cd04d7b0ff53251ce1,0.5|1,0.5|1,0.5|1,0.5|1,0|0,0.5|1,1|1,0.5|1,0.5|1,0.5|1,0.5|1,0.5|1,0.5|1,0|0,0.5|1,0.5|1,0|0,0.5|1,0.5|1,0|0,0.5|1,0.5|1,0.5|1,0|0,0.5|1,time out,0|0,20
2c989d2b0c382e21a2864b054570e9c7b10b6d24,0.5|1,0.5|1,0.5|1,0.5|1,0|0,0.5|1,1|1,0.5|1,0.5|1,0.5|1,0.5|1,0.5|1,0.5|1,0|0,0.5|1,0.5|1,0|0,0.5|1,0.5|1,0|0,0.5|1,0.5|1,0.5|1,0|0,0.5|1,time out,0|0,20
b7d03a002fdff8ea17d849033954a42e4e28f40f,0.5|0,0.5|0,0.5|0,0.5|0,0|0,0.5|0,1|0,0.5|1,0.5|0,0.5|0,0.5|0,0.5|0,0.5|0,0|0,0.5|0,0.5|0,0|0,0.5|1,0.5|0,0|0,0.5|0,0.5|0,0.5|0,0|0,0.5|0,time out,0|0,2
fd10ae0a6b77ba4accfc6287b4f599da487b4d2b,0.5|0,0.5|0,0.5|0,0.5|0,0|0,0.5|0,1|0,0.5|1,0.5|0,0.5|0,0.5|0,0.5|0,0.5|0,0|0,0.5|0,0.5|0,0|0,0.5|1,0.5|0,0|0,0.5|0,0.5|0,0.5|0,0|0,0.5|0,time out,0|0,2
0d32d5a9aea919e9ab4c0431027f5ec47ccc4a64,0.5|0,0.5|0,0.5|0,0.5|0,0|0,0.5|0,1|0,0.5|1,0.5|0,0.5|0,0.5|0,0.5|0,0.5|0,0|0,0.5|0,0.5|0,0|0,0.5|1,0.5|0,0|0,0.5|0,0.5|0,0.5|0,0|0,0.5|0,time out,0|0,2
7a57a0db991ff9d38419961717c6ce1e3678db4c,0.5|0,0.5|0,0.5|0,0.5|0,0|0,0.5|0,1|0,0.5|0,0.5|0,0.5|0,0.5|0,0.5|0,0.5|0,0|0,0.5|0,0.5|0,0|0,0.5|1,0.5|0,0|0,0.5|0,0.5|0,0.5|0,0.5|0,0.5|0,time out,0|0,1