commit_id,OSV-2020-1121,OSV-2020-1222,OSV-2020-1301,OSV-2020-1733,OSV-2020-955,OSV-2020-958,OSV-2020-998,OSV-2020-999,OSV-2021-220,OSV-2021-222,OSV-2021-228,OSV-2021-229,OSV-2021-231,OSV-2021-240,OSV-2021-242,OSV-2021-251,OSV-2021-258,OSV-2021-305,OSV-2023-1370,OSV-2023-837,OSV-2024-1212,OSV-2024-189,OSV-2024-20,OSV-2024-74
2ebc047329ef978139167e08edaf3d91ee4b3d1a,0.5|0,0.5|0,0.5|0,0|0,0.5|0,0.5|0,0.5|0,0.5|0,0|0,0|0,0|0,0|0,0|0,0|0,0|0,0|0,0|0,0|0,0|0,0|0,0|0,0|0,0|0,0|0
dd6f0b72c92591252bb77818663629cc1a129949,0.5|1,0.5|1,0.5|1,0|0,0.5|1,0.5|1,0.5|0,0.5|0,0|0,0|0,0|0,0|0,0|0,0|0,0|0,0|0,0|0,0|0,0|0,0|0,0|0,0|0,0|0,0|0
92ea05adb2478c64be571aff6fe00130fd29c252,0|0,0.5|1,0.5|1,0|0,0.5|1,0.5|1,0.5|0,0.5|0,0|0,0|0,0|0,0|0,0|0,0|0,0|0,0|0,0|0,0|0,0|0,0|0,0|0,0|0,0|0,0|0
12eb1e80d87af8f2544e96f82b2ea7f1b20f0d78,0|0,0.5|1,0.5|1,0|0,0.5|1,0.5|1,0.5|0,0.5|0,0|0,0|0,0|0,0|0,0|0,0|0,0|0,0|0,0|0,0|0,0|0,0|0,0|0,0|0,0|0,0|0
3d59a6a1499a14cb36f58903ce75c38a45176e22,0|0,0.5|1,0.5|1,0|0,0.5|1,0.5|1,0.5|0,0.5|0,0|0,0|0,0|0,0|0,0|0,0|0,0|0,0|0,0|0,0|0,0|0,0|0,0|0,0|0,0|0,0|0
12b3aed9a4f680c84e0f52f3c9425660e1542ffa,0|0,0.5|1,0.5|1,0|0,0.5|1,0.5|1,0.5|0,0.5|0,0|0,0|0,0|0,0|0,0|0,0|0,0|0,0|0,0|0,0|0,0|0,0|0,0|0,0|0,0|0,0|0
da436e53d06318e92ba99e731f6772808dcc66c3,0|0,0.5|1,0.5|1,0|0,0.5|1,0.5|1,0.5|0,0.5|0,0|0,0|0,0|0,0|0,0|0,0|0,0|0,0|0,0|0,0|0,0|0,0|0,0|0,0|0,0|0,0|0
d59c3645f798169f7fde53dbf5c6d3e095465e8c,0|0,0.5|1,0.5|1,0|0,0.5|1,0|0,0.5|0,0.5|0,0|0,0|0,0|0,0|0,0|0,0|0,0|0,0|0,0|0,0|0,0|0,0|0,0|0,0|0,0|0,0|0
55a157c6e7111b86290b37ebfb19f8e212e0f629,0|0,0.5|1,0.5|1,0|0,0.5|1,0|0,0.5|0,0.5|0,0|0,0|0,0|0,0|0,0|0,0|0,0|0,0|0,0|0,0|0,0|0,0|0,0|0,0|0,0|0,0|0
8ac607a85d72c09025d1ab65f48b71fa2ede9b6a,0|0,0.5|1,0.5|1,0|0,0.5|1,0|0,0.5|0,0.5|0,0|0,0|0,0|0,0|0,0|0,0|0,0|0,0|0,0|0,0|0,0|0,0|0,0|0,0|0,0|0,0|0
5162f01532d10514a44b76af6e41f205aa8b646b,0|0,0.5|1,0.5|1,0|0,0.5|1,0|0,0.5|0,0.5|0,0|0,0|0,0|0,0|0,0|0,0|0,0|0,0|0,0|0,0|0,0|0,0|0,0|0,0|0,0|0,0|0
c003e964a0b8dbe2cb9b3bbe68eff8bea4c23b1c,0|0,0.5|1,0.5|1,0|0,0.5|1,0|0,0.5|0,0.5|0,0|0,0|0,0|0,0|0,0|0,0|0,0|0,0|0,0|0,0|0,0|0,0|0,0|0,0|0,0|0,0|0
9b7f61cd18d7b597b75ff789b2416dc404882d88,0|0,0.5|1,0.5|1,0|0,0.5|1,0|0,0.5|0,0.5|0,0|0,0|0,0|0,0|0,0|0,0|0,0|0,0|0,0|0,0|0,0|0,0|0,0|0,0|0,0|0,0|0
1c1a5b0444b96d47bfe200a0c43105333329345b,0|0,0.5|1,0.5|1,0|0,0.5|1,0|0,0.5|0,0.5|0,0|0,0|0,0|0,0|0,0|0,0|0,0|0,0|0,0|0,0|0,0|0,0|0,0|0,0|0,0|0,0|0
f2fd34ae3d78910eae21074c057ced634310ef9b,0|0,0.5|1,0.5|1,0|0,0.5|1,0|0,0.5|0,0.5|0,0|0,0|0,0|0,0|0,0|0,0|0,0|0,0|0,0|0,0|0,0|0,0|0,0|0,0|0,0|0,0|0
f4680d0b35604ba2fc7007713729e78d883f8862,0|0,0.5|1,0.5|1,0|0,0.5|1,0|0,0.5|0,0.5|0,0|0,0|0,0|0,0|0,0|0,0|0,0|0,0|0,0|0,0|0,0|0,0|0,0|0,0|0,0|0,0|0
e43b472fcd44be2a935e40e2cbdb4202a1e743c4,0|0,0.5|1,0.5|1,0|0,0.5|1,0|0,0.5|0,0.5|0,0|0,0|0,0|0,0|0,0|0,0|0,0|0,0|0,0|0,0|0,0|0,0|0,0|0,0|0,0|0,0|0
8ac3b5c45d35a8a179bf71783fe218241274c6f2,0|0,0.5|1,0.5|1,0|0,0.5|1,0|0,0.5|0,0.5|0,0|0,0|0,0|0,0|0,0|0,0|0,0|0,0|0,0|0,0|0,0|0,0|0,0|0,0|0,0|0,0|0
7110dec9fad7fbc5333a40efceebeb44eebe8c51,0|0,0.5|1,0.5|1,0|0,0.5|1,0|0,0.5|0,0.5|0,0|0,0|0,0|0,0|0,0|0,0|0,0|0,0|0,0|0,0|0,0|0,0|0,0|0,0|0,0|0,0|0
c865361bf3bdb37ceb6afe27dbf24fab954ac51e,0|0,0.5|1,0.5|1,0|0,0.5|1,0|0,0.5|0,0.5|0,0|0,0|0,0|0,0|0,0|0,0|0,0|0,0|0,0|0,0|0,0|0,0|0,0|0,0|0,0|0,0|0
4ac085ee7d9d188071c2f826bf9d01226ffcce69,0|0,0.5|1,0.5|1,0|0,0.5|1,0|0,0.5|0,0.5|0,0|0,0|0,0|0,0|0,0|0,0|0,0|0,0|0,0|0,0|0,0|0,0|0,0|0,0|0,0|0,0|0
d123a44adb57dd3927c47d59ab45cf677e439483,0|0,0.5|1,0.5|1,0|0,0.5|1,0|0,0.5|0,0.5|0,0|0,0|0,0|0,0|0,0|0,0|0,0|0,0|0,0|0,0|0,0|0,0|0,0|0,0|0,0|0,0|0
7a215862ccfeffac12584d754836f66ce2641a47,0|0,0.5|1,0.5|1,0|0,0.5|1,0|0,0.5|0,0.5|0,0|0,0|0,0|0,0|0,0|0,0|0,0|0,0|0,0|0,0|0,0|0,0|0,0|0,0|0,0|0,0|0
b7a366e9c1ab5aac8f1fa6c3026c528eb0c31800,0|0,0.5|1,0.5|1,0|0,0.5|1,0|0,0.5|0,0.5|0,0|0,0|0,0|0,0|0,0|0,0|0,0|0,0|0,0|0,0|0,0|0,0|0,0|0,0|0,0|0,0|0
323eaefbbcc139b2d26435b6ab3974d3829bd5d3,0|0,0.5|1,0.5|1,0|0,0.5|1,0|0,0.5|0,0.5|0,0|0,0|0,0|0,0|0,0|0,0|0,0|0,0|0,0|0,0|0,0|0,0|0,0|0,0|0,0|0,0|0
4702faafeacc2280dc78e326d676b0ea6d90a578,0|0,0.5|1,0.5|1,0|0,0.5|1,0|0,0.5|0,0.5|0,0|0,0|0,0|0,0|0,0|0,0|0,0|0,0|0,0|0,0|0,0|0,0|0,0|0,0|0,0|0,0|0
b6201def434ec3a1d433ff1e85771b81b66d759c,0|0,0.5|1,0.5|1,0|0,0.5|1,0|0,0.5|0,0.5|0,0|0,0|0,0|0,0|0,0|0,0|0,0|0,0|0,0|0,0|0,0|0,0|0,0|0,0|0,0|0,0|0
23ee217338cee2bccd3d29c15f4c9225ba846872,0|0,0.5|1,0.5|1,0|0,0.5|1,0|0,0.5|0,0.5|0,0|0,0|0,0|0,0|0,0|0,0|0,0|0,0|0,0|0,0|0,0|0,0|0,0|0,0|0,0|0,0|0
6bea45088da7331c255c0075bcdfc7833aafd70c,0|0,0.5|1,0.5|1,0|0,0.5|1,0|0,0.5|0,0.5|0,0|0,0|0,0|0,0|0,0|0,0|0,0|0,0|0,0|0,0|0,0|0,0|0,0|0,0|0,0|0,0|0
2d616b3f10fdc2228d8e797e8e5d5c547b96e571,0|0,0.5|1,0.5|1,0|0,0.5|1,0|0,0.5|0,0.5|0,0|0,0|0,0|0,0|0,0|0,0|0,0|0,0|0,0|0,0|0,0|0,0|0,0|0,0|0,0|0,0|0
4ee4b75b16716f691443bd22ce0d9fa7e0a17b96,0|0,0.5|1,0.5|1,0|0,0.5|1,0|0,0.5|0,0.5|0,0|0,0|0,0|0,0|0,0|0,0|0,0|0,0|0,0|0,0|0,0|0,0|0,0|0,0|0,0|0,0|0
565560e04028206eccb8e221d7f962133c57fab7,0|0,0.5|1,0.5|1,0|0,0.5|1,0|0,0.5|0,0.5|0,0|0,0|0,0|0,0|0,0|0,0|0,0|0,0|0,0|0,0|0,0|0,0|0,0|0,0|0,0|0,0|0
9dfbf8d7ffee3dcda6af7c75784f7d2436d9ef01,0|0,0.5|1,0.5|1,0|0,0.5|1,0|0,0.5|0,0.5|0,0|0,0|0,0|0,0|0,0|0,0|0,0|0,0|0,0|0,0|0,0|0,0|0,0|0,0|0,0|0,0|0
eb1d4b54d8454f886a4571b240f69792c2788d9b,0|0,0.5|1,0.5|1,0|0,0.5|1,0|0,0.5|0,0.5|0,0|0,0|0,0|0,0|0,0|0,0|0,0|0,0|0,0|0,0|0,0|0,0|0,0|0,0|0,0|0,0|0
6b9e87f92cc1594ccc475af84738720692fb5a2d,0|0,0.5|1,0.5|1,0|0,0.5|1,0|0,0.5|0,0.5|0,0|0,0|0,0|0,0|0,0|0,0|0,0|0,0|0,0|0,0|0,0|0,0|0,0|0,0|0,0|0,0|0
c5c433eabf8de0f900d19652cdad0c66e36e0797,0|0,0.5|1,0.5|1,0|0,0.5|1,0|0,0.5|0,0.5|0,0|0,0|0,0|0,0|0,0|0,0|0,0|0,0|0,0|0,0|0,0|0,0|0,0|0,0|0,0|0,0|0
db90fb58b06d6f3b27b5b873588da7c77844da22,0|0,0.5|1,0.5|1,0|0,0.5|1,0|0,0.5|0,0.5|0,0|0,0|0,0|0,0|0,0|0,0|0,0|0,0|0,0|0,0|0,0|0,0|0,0|0,0|0,0|0,0|0
ad25d95fec9632c2e388b290b4e38e438b8d9c6c,0|0,0.5|1,0.5|1,0|0,0.5|1,0|0,0.5|0,0.5|0,0|0,0|0,0|0,0|0,0|0,0|0,0|0,0|0,0|0,0|0,0|0,0|0,0|0,0|0,0|0,0|0
fc6df6518a5fea4bc2a8b071c694d70a8e24e5f6,0|0,0.5|1,0.5|1,0|0,0.5|1,0|0,0.5|0,0.5|0,0|0,0|0,0|0,0|0,0|0,0|0,0|0,0|0,0|0,0|0,0|0,0|0,0|0,0|0,0|0,0|0
ca891e4ba6af28cac0fb48a88cbc59ee5974f561,0|0,0.5|1,0.5|1,0|0,0.5|1,0|0,0.5|0,0.5|0,0|0,0|0,0|0,0|0,0|0,0|0,0|0,0|0,0|0,0|0,0|0,0|0,0|0,0|0,0|0,0|0
4a913bad6866ba17800ec22b143246aab007ef9c,0|0,0.5|1,0.5|1,0|0,0.5|1,0|0,0.5|0,0.5|0,0|0,0|0,0|0,0|0,0|0,0|0,0|0,0|0,0|0,0|0,0|0,0|0,0|0,0|0,0|0,0|0
06df79e172dc226b3169e56bb1acfb1d5a8f430f,0|0,0.5|1,0.5|1,0|0,0.5|1,0|0,0.5|0,0.5|0,0|0,0|0,0|0,0|0,0|0,0|0,0|0,0|0,0|0,0|0,0|0,0|0,0|0,0|0,0|0,0|0
2ab3520d807f5a93b3b615ecf50fa75cb777e3e4,0|0,0.5|1,0.5|1,0|0,0.5|1,0|0,0.5|0,0.5|0,0|0,0|0,0|0,0|0,0|0,0|0,0|0,0|0,0|0,0|0,0|0,0|0,0|0,0|0,0|0,0|0
71d8683df6084b304a999cca639229e64e499316,0|0,0.5|1,0.5|1,0|0,0.5|1,0|0,0.5|0,0.5|0,0|0,0|0,0|0,0|0,0|0,0|0,0|0,0|0,0|0,0|0,0|0,0|0,0|0,0|0,0|0,0|0
d58f21ebafdb653dcb3154f581f4102f731807f5,0|0,0.5|1,0.5|1,0|0,0.5|1,0|0,0.5|0,0.5|0,0|0,0|0,0|0,0|0,0|0,0|0,0|0,0|0,0|0,0|0,0|0,0|0,0|0,0|0,0|0,0|0
d256bed7abc2901e1fbc29896f60aa7b8d9e1a28,0|0,0.5|1,0.5|1,0|0,0.5|1,0|0,0.5|0,0.5|0,0|0,0|0,0|0,0|0,0|0,0|0,0|0,0|0,0|0,0|0,0|0,0|0,0|0,0|0,0|0,0|0
1579ace7cd98b1c37ae11381e9c4e368b86dcbc2,0|0,0.5|1,0.5|1,0|0,0.5|1,0|0,0.5|0,0.5|0,0|0,0|0,0|0,0|0,0|0,0|0,0|0,0|0,0|0,0|0,0|0,0|0,0|0,0|0,0|0,0|0
626249d67541dd5197f6299522b8e74c82c8ec66,0|0,0.5|1,0.5|1,0|0,0.5|1,0|0,0.5|0,0.5|0,0|0,0|0,0|0,0|0,0|0,0|0,0|0,0|0,0|0,0|0,0|0,0|0,0|0,0|0,0|0,0|0
6a73744e68fd6128236333e3bcc018065f42aa22,0|0,0.5|1,0.5|1,0|0,0.5|1,0|0,0.5|0,0.5|0,0|0,0|0,0|0,0|0,0|0,0|0,0|0,0|0,0|0,0|0,0|0,0|0,0|0,0|0,0|0,0|0
10e8e6eb3c35c8996725b7507df5e8309b582487,0|0,0.5|1,0.5|1,0|0,0.5|1,0|0,0.5|0,0.5|0,0|0,0|0,0|0,0|0,0|0,0|0,0|0,0|0,0|0,0|0,0|0,0|0,0|0,0|0,0|0,0|0
016c09c71f4bbd8679698890cdb25559847e9e48,0|0,0.5|1,0.5|1,0|0,0.5|1,0|0,0.5|0,0.5|0,0|0,0|0,0|0,0|0,0|0,0|0,0|0,0|0,0|0,0|0,0|0,0|0,0|0,0|0,0|0,0|0
618e13d939d70cd8c2625b40698da911c75b59f1,0|0,0.5|1,0.5|1,0|0,0.5|1,0|0,0.5|0,0.5|0,0|0,0|0,0|0,0|0,0|0,0|0,0|0,0|0,0|0,0|0,0|0,0|0,0|0,0|0,0|0,0|0
c67394724f92ed7a136b96ffaf6e430ba81924a4,0|0,0.5|1,0.5|1,0|0,0.5|1,0|0,0.5|0,0.5|0,0|0,0|0,0|0,0|0,0|0,0|0,0|0,0|0,0|0,0|0,0|0,0|0,0|0,0|0,0|0,0|0
8990a6016ebfea43a128a01a301b769a945cad98,0|0,0.5|1,0.5|1,0|0,0.5|1,0|0,0.5|0,0.5|0,0|0,0|0,0|0,0|0,0|0,0|0,0|0,0|0,0|0,0|0,0|0,0|0,0|0,0|0,0|0,0|0
ab6655f71069c75fb877efd8f7d2d392ee426afa,0|0,0.5|1,0.5|1,0|0,0.5|1,0|0,0.5|0,0.5|0,0|0,0|0,0|0,0|0,0|0,0|0,0|0,0|0,0|0,0|0,0|0,0|0,0|0,0|0,0|0,0|0
9279d76e1186d7155ceea9db9db8c9298f6139bd,0|0,0.5|1,0.5|1,0|0,0.5|1,0|0,0.5|0,0.5|0,0|0,0|0,0|0,0|0,0|0,0|0,0|0,0|0,0|0,0|0,0|0,0|0,0|0,0|0,0|0,0|0
a25c00517d656a78a5cf26e5c183c94d03f79d28,0|0,0.5|1,0.5|1,0|0,0.5|1,0|0,0.5|0,0.5|0,0|0,0|0,0|0,0|0,0|0,0|0,0|0,0|0,0|0,0|0,0|0,0|0,0|0,0|0,0|0,0|0
58153ddb094c33e3715780cff550fa27c53edb8e,0|0,0.5|1,0.5|1,0|0,0.5|1,0|0,0.5|0,0.5|0,0|0,0|0,0|0,0|0,0|0,0|0,0|0,0|0,0|0,0|0,0|0,0|0,0|0,0|0,0|0,0|0
85282dbd850e208e22aac98fab39d539aa06f5a4,0|0,0.5|1,0.5|1,0|0,0.5|1,0|0,0.5|0,0.5|0,0|0,0|0,0|0,0|0,0|0,0|0,0|0,0|0,0|0,0|0,0|0,0|0,0|0,0|0,0|0,0|0
43535fe3503452d4589b1fbb9b7a8bddde73fae0,0|0,0.5|1,0.5|1,0|0,0.5|1,0|0,0.5|0,0.5|0,0|0,0|0,0|0,0|0,0|0,0|0,0|0,0|0,0|0,0|0,0|0,0|0,0|0,0|0,0|0,0|0
ca04309e1104375ed82a4602f2c57de58176f0a5,0|0,0.5|1,0.5|1,0|0,0.5|1,0|0,0.5|0,0.5|0,0|0,0|0,0|0,0|0,0|0,0|0,0|0,0|0,0|0,0|0,0|0,0|0,0|0,0|0,0|0,0|0
3f140ad0bd64beeed2884b818e7b7a08ef06721d,0|0,0.5|1,0.5|1,0|0,0.5|1,0|0,0.5|0,0.5|0,0|0,0|0,0|0,0|0,0|0,0|0,0|0,0|0,0|0,0|0,0|0,0|0,0|0,0|0,0|0,0|0
c1c8c80dc749485ff76d0fd0a643e837df46d46e,0|0,0.5|1,0.5|1,0|0,0.5|1,0|0,0.5|0,0.5|0,0|0,0|0,0|0,0|0,0|0,0|0,0|0,0|0,0|0,0|0,0|0,0|0,0|0,0|0,0|0,0|0
128c0e3fdaf0f9fabe934e8c6468a8213bacffe8,0|0,0.5|1,0.5|1,0|0,0.5|1,0|0,0.5|0,0.5|0,0|0,0|0,0|0,0|0,0|0,0|0,0|0,0|0,0|0,0|0,0|0,0|0,0|0,0|0,0|0,0|0
7c16b5665daf4b2af82574d24f1649f3c385fe2c,0|0,0.5|1,0.5|1,0|0,0.5|1,0|0,0.5|0,0.5|0,0|0,0|0,0|0,0|0,0|0,0|0,0|0,0|0,0|0,0|0,0|0,0|0,0|0,0|0,0|0,0|0
5e7b76be9686be149a339bbf601d60d1531e0feb,0|0,0.5|1,0.5|1,0|0,0.5|1,0|0,0.5|0,0.5|0,0|0,0|0,0|0,0|0,0|0,0|0,0|0,0|0,0|0,0|0,0|0,0|0,0|0,0|0,0|0,0|0
ed4c2815ee767698c187d8bf81736ce3e39e87b7,0|0,0.5|1,0.5|1,0|0,0.5|1,0|0,0.5|0,0.5|0,0|0,0|0,0|0,0|0,0|0,0|0,0|0,0|0,0|0,0|0,0|0,0|0,0|0,0|0,0|0,0|0
f6b3b61d5dad168a5c1ffb7f89a7fd5590db284b,0|0,0.5|1,0.5|1,0|0,0.5|1,0|0,0.5|0,0.5|0,0|0,0|0,0|0,0|0,0|0,0|0,0|0,0|0,0|0,0|0,0|0,0|0,0|0,0|0,0|0,0|0
15d8b73f31b47bc2ae3199fe3a5ff75628eab0dc,0|0,0.5|1,0.5|1,0|0,0.5|1,0|0,0.5|0,0.5|0,0|0,0|0,0|0,0|0,0|0,0|0,0|0,0|0,0|0,0|0,0|0,0|0,0|0,0|0,0|0,0|0
a53582f980c46fd1e8f6e3bed9dbcc7dd379a395,0|0,0.5|1,0.5|1,0|0,0.5|1,0|0,0.5|0,0.5|0,0|0,0|0,0|0,0|0,0|0,0|0,0|0,0|0,0|0,0|0,0|0,0|0,0|0,0|0,0|0,0|0
ca2f6674749ed83e27ee04d2d8a10ec97f617f70,0|0,0.5|1,0.5|1,0|0,0.5|1,0|0,0.5|0,0.5|0,0|0,0|0,0|0,0|0,0|0,0|0,0|0,0|0,0|0,0|0,0|0,0|0,0|0,0|0,0|0,0|0
ea879e19b8572644f67d9cd8b047fe2b75d83188,0|0,0.5|1,0.5|1,0|0,0.5|1,0|0,0.5|0,0.5|0,0|0,0|0,0|0,0|0,0|0,0|0,0|0,0|0,0|0,0|0,0|0,0|0,0|0,0|0,0|0,0|0
fd0f89554459b78c07303e2c8a42acacd6851b46,0|0,0.5|1,0.5|1,0|0,0.5|1,0|0,0.5|0,0.5|0,0|0,0|0,0|0,0|0,0|0,0|0,0|0,0|0,0|0,0|0,0|0,0|0,0|0,0|0,0|0,0|0
97cfef8c558211850c1495d3fdfa1cf7475f57de,0|0,0.5|1,0.5|1,0|0,0.5|1,0|0,0.5|0,0.5|0,0|0,0|0,0|0,0|0,0|0,0|0,0|0,0|0,0|0,0|0,0|0,0|0,0|0,0|0,0|0,0|0
92c663a4df835c314e70ce47b3d26e4c7c454e72,0|0,0.5|1,0.5|1,0|0,0.5|1,0|0,0.5|0,0.5|0,0|0,0|0,0|0,0|0,0|0,0|0,0|0,0|0,0|0,0|0,0|0,0|0,0|0,0|0,0|0,0|0
b2343c6193febeb105a5a123dc55b88b506570ab,0|0,0.5|1,0.5|1,0|0,0.5|1,0|0,0.5|0,0.5|0,0|0,0|0,0|0,0|0,0|0,0|0,0|0,0|0,0|0,0|0,0|0,0|0,0|0,0|0,0|0,0|0
8b50f7ae360ef0a6c4bd7ba441338e341652a520,0|0,0.5|1,0.5|1,0|0,0.5|1,0|0,0.5|0,0.5|0,0|0,0|0,0|0,0|0,0|0,0|0,0|0,0|0,0|0,0|0,0|0,0|0,0|0,0|0,0|0,0|0
3ec3c53b1225d8b2f6c6cf273758a07555d1d8b0,0|0,0.5|1,0.5|1,0|0,0.5|1,0|0,0.5|0,0.5|0,0|0,0|0,0|0,0|0,0|0,0|0,0|0,0|0,0|0,0|0,0|0,0|0,0|0,0|0,0|0,0|0
9369f1ca75fcb9054c44bdfc682e2abcf7777685,0|0,0.5|1,0.5|1,0|0,0.5|1,0|0,0.5|0,0.5|0,0|0,0|0,0|0,0|0,0|0,0|0,0|0,0|0,0|0,0|0,0|0,0|0,0|0,0|0,0|0,0|0
736050de002131655a27fc7def9ff8c7d4559efe,0|0,0.5|1,0.5|1,0|0,0.5|1,0|0,0.5|0,0.5|0,0|0,0|0,0|0,0|0,0|0,0|0,0|0,0|0,0|0,0|0,0|0,0|0,0|0,0|0,0|0,0|0
223a12498ba17bcedd30764398b4904d26f1e9c0,0|0,0.5|1,0.5|1,0|0,0.5|1,0|0,0.5|0,0.5|0,0|0,0|0,0|0,0|0,0|0,0|0,0|0,0|0,0|0,0|0,0|0,0|0,0|0,0|0,0|0,0|0
e098847033160afc842c435ea87206f94abd62f3,0|0,0.5|1,0.5|1,0|0,0.5|1,0|0,0.5|0,0.5|0,0|0,0|0,0|0,0|0,0|0,0|0,0|0,0|0,0|0,0|0,0|0,0|0,0|0,0|0,0|0,0|0
04a20ae474d56c240cd94320221db83619bac211,0|0,0.5|1,0.5|1,0|0,0.5|1,0|0,0.5|0,0.5|0,0|0,0|0,0|0,0|0,0|0,0|0,0|0,0|0,0|0,0|0,0|0,0|0,0|0,0|0,0|0,0|0
5bd978ed66b9ec2d85344fe6a657a50d542947a8,0|0,0.5|1,0.5|1,0|0,0.5|1,0|0,0.5|0,0.5|0,0|0,0|0,0|0,0|0,0|0,0|0,0|0,0|0,0|0,0|0,0|0,0|0,0|0,0|0,0|0,0|0
d8075641275729878bf2455ac9e999fed4263d9e,0|0,0.5|1,0.5|1,0|0,0.5|1,0|0,0.5|1,0.5|1,0|0,0|0,0|0,0|0,0|0,0|0,0|0,0|0,0|0,0|0,0|0,0|0,0|0,0|0,0|0,0|0
ba95c897358c9896a993ebc3336e680d15c96082,0|0,0.5|1,0.5|1,0|0,0.5|1,0|0,0.5|1,0.5|1,0|0,0|0,0|0,0|0,0|0,0|0,0|0,0|0,0|0,0|0,0|0,0|0,0|0,0|0,0|0,0|0
fdd23fb4ea46ed4e350a06c42b3eca3f3035c782,0|0,0.5|1,0.5|1,0|0,0.5|1,0|0,0.5|1,0.5|1,0|0,0|0,0|0,0|0,0|0,0|0,0|0,0|0,0|0,0|0,0|0,0|0,0|0,0|0,0|0,0|0
479ffcab3000d4cc1ea8c53da95ad564dd637312,0|0,0.5|1,0.5|1,0|0,0.5|1,0|0,0.5|1,0.5|1,0|0,0|0,0|0,0|0,0|0,0|0,0|0,0|0,0|0,0|0,0|0,0|0,0|0,0|0,0|0,0|0
2b820c2ed15a4e78d8c96928d84e6caa1343d81c,0|0,0.5|1,0.5|1,0|0,0.5|1,0|0,0.5|1,0.5|1,0|0,0|0,0|0,0|0,0|0,0|0,0|0,0|0,0|0,0|0,0|0,0|0,0|0,0|0,0|0,0|0
86d50bc7a0a53023747761885cf10ebb478da2da,0|0,0.5|1,0.5|1,0|0,0.5|1,0|0,0.5|1,0.5|1,0|0,0|0,0|0,0|0,0|0,0|0,0|0,0|0,0|0,0|0,0|0,0|0,0|0,0|0,0|0,0|0
164388e04634574f2f3dec4b373b26e395ccdd3a,0|0,0.5|1,0.5|1,0|0,0.5|1,0|0,0.5|1,0.5|1,0|0,0|0,0|0,0|0,0|0,0|0,0|0,0|0,0|0,0|0,0|0,0|0,0|0,0|0,0|0,0|0
ecf021604a34063cd16a4518976c6d716b87beae,0|0,0.5|1,0.5|1,0|0,0.5|1,0|0,0.5|1,0.5|1,0|0,0|0,0|0,0|0,0|0,0|0,0|0,0|0,0|0,0|0,0|0,0|0,0|0,0|0,0|0,0|0
39acb9583128ede53d0562a8055786cec0e5ab40,0|0,0|0,0.5|1,0|0,0.5|1,0|0,0.5|1,0.5|1,0|0,0|0,0|0,0|0,0|0,0|0,0|0,0|0,0|0,0|0,0|0,0|0,0|0,0|0,0|0,0|0
698864f7f293dc6942bc4d627f2a8316ff10e1e3,0|0,0|0,0.5|1,0|0,0.5|1,0|0,0.5|1,0.5|1,0|0,0|0,0|0,0|0,0|0,0|0,0|0,0|0,0|0,0|0,0|0,0|0,0|0,0|0,0|0,0|0
bfc9f0d35bb608f46f8fdbf6a284931af78c1461,0|0,0|0,0.5|1,0|0,0.5|1,0|0,0.5|1,0.5|1,0|0,0|0,0|0,0|0,0|0,0|0,0|0,0|0,0|0,0|0,0|0,0|0,0|0,0|0,0|0,0|0
6b72368c97a234ceebdc89c8806199585d9706b3,0|0,0|0,0.5|1,0|0,0.5|1,0|0,0.5|1,0.5|1,0|0,0|0,0|0,0|0,0|0,0|0,0|0,0|0,0|0,0|0,0|0,0|0,0|0,0|0,0|0,0|0
d6f15361ee63ff13dfb57f3eac119e3d50e65c56,0|0,0|0,0.5|1,0|0,0.5|1,0|0,0|0,0.5|1,0|0,0|0,0|0,0|0,0|0,0|0,0|0,0|0,0|0,0|0,0|0,0|0,0|0,0|0,0|0,0|0
9583bf8b41dbf1c27ca18dc752f0eb22d7cc1d8b,0|0,0|0,0.5|1,0|0,0.5|1,0|0,0|0,0.5|1,0|0,0|0,0|0,0|0,0|0,0|0,0|0,0|0,0|0,0|0,0|0,0|0,0|0,0|0,0|0,0|0
030d20b0944db9cc65de841a2d01b4bce2259d57,0|0,0|0,0.5|1,0|0,0.5|1,0|0,0|0,0.5|1,0|0,0|0,0|0,0|0,0|0,0|0,0|0,0|0,0|0,0|0,0|0,0|0,0|0,0|0,0|0,0|0
5fef1d397faf104de7a0a953d005d6b8dee6fe84,0|0,0|0,0.5|1,0|0,0.5|1,0|0,0|0,0.5|1,0|0,0|0,0|0,0|0,0|0,0|0,0|0,0|0,0|0,0|0,0|0,0|0,0|0,0|0,0|0,0|0
8fc5c63123c61ab33afc26264a220c5264cbdb88,0|0,0|0,0.5|1,0|0,0.5|1,0|0,0|0,0.5|1,0|0,0|0,0|0,0|0,0|0,0|0,0|0,0|0,0|0,0|0,0|0,0|0,0|0,0|0,0|0,0|0
e9863a0f149ea4d9e4336a061d7437952b6c7c8e,0|0,0|0,0.5|1,0|0,0.5|1,0|0,0|0,0.5|1,0|0,0|0,0|0,0|0,0|0,0|0,0|0,0|0,0|0,0|0,0|0,0|0,0|0,0|0,0|0,0|0
3868315dc8b6102a8de6cf44d7eae4b1a9aa40e7,0|0,0|0,0.5|1,0|0,0.5|1,0|0,0|0,0.5|1,0|0,0|0,0|0,0|0,0|0,0|0,0|0,0|0,0|0,0|0,0|0,0|0,0|0,0|0,0|0,0|0
4f608339a4939cf84624bf03bda694824da7d53b,0|0,0|0,0.5|1,0|0,0.5|1,0|0,0|0,0.5|1,0|0,0|0,0|0,0|0,0|0,0|0,0|0,0|0,0|0,0|0,0|0,0|0,0|0,0|0,0|0,0|0
84f0a86ede1b4c9f61bc2966ae1745b43029c346,0|0,0|0,0.5|1,0|0,0.5|1,0|0,0|0,0.5|1,0|0,0|0,0|0,0|0,0|0,0|0,0|0,0|0,0|0,0|0,0|0,0|0,0|0,0|0,0|0,0|0
1bbcd02e2653d260a16d986c12e1c630fe1d9775,0|0,0|0,0.5|1,0|0,0.5|1,0|0,0|0,0.5|1,0|0,0|0,0|0,0|0,0|0,0|0,0|0,0|0,0|0,0|0,0|0,0|0,0|0,0|0,0|0,0|0
059abb967d4616507917c994234231eb684e3ad0,0|0,0|0,0.5|1,0|0,0.5|1,0|0,0|0,0.5|1,0|0,0|0,0|0,0|0,0|0,0|0,0|0,0|0,0|0,0|0,0|0,0|0,0|0,0|0,0|0,0|0
b50668759090ee834c75f79082dee2487b9af9dc,0|0,0|0,0.5|1,0|0,0.5|1,0|0,0|0,0.5|1,0|0,0|0,0|0,0|0,0|0,0|0,0|0,0|0,0|0,0|0,0|0,0|0,0|0,0|0,0|0,0|0
45715e421e1ce9d15d8880a24454ec7dc42bf4bc,0|0,0|0,0.5|1,0|0,0.5|1,0|0,0|0,0.5|1,0|0,0|0,0|0,0|0,0|0,0|0,0|0,0|0,0|0,0|0,0|0,0|0,0|0,0|0,0|0,0|0
27b670444a372809586eabd921d1f568c8cc6c30,0|0,0|0,0.5|1,0|0,0.5|1,0|0,0|0,0.5|1,0|0,0|0,0|0,0|0,0|0,0|0,0|0,0|0,0|0,0|0,0|0,0|0,0|0,0|0,0|0,0|0
6149ea6f779939451b56e6f63b28409baead2990,0|0,0|0,0.5|1,0|0,0.5|1,0|0,0|0,0.5|1,0|0,0|0,0|0,0|0,0|0,0|0,0|0,0|0,0|0,0|0,0|0,0|0,0|0,0|0,0|0,0|0
9979fac560319507cefe5d5682617304d609b589,0|0,0|0,0.5|1,0|0,0.5|1,0|0,0|0,0.5|1,0|0,0|0,0|0,0|0,0|0,0|0,0|0,0|0,0|0,0|0,0|0,0|0,0|0,0|0,0|0,0|0
31b23540491e114e7cbfde790f5129c26c18eef4,0|0,0|0,0.5|1,0|0,0.5|1,0|0,0|0,0.5|1,0|0,0|0,0|0,0|0,0|0,0|0,0|0,0|0,0|0,0|0,0|0,0|0,0|0,0|0,0|0,0|0
3b1ff68575c9db582a122048a7e95aa2b1a47b11,0|0,0|0,0.5|1,0|0,0.5|1,0|0,0|0,0.5|1,0|0,0|0,0|0,0|0,0|0,0|0,0|0,0|0,0|0,0|0,0|0,0|0,0|0,0|0,0|0,0|0
8ff8bb328f5d4c2981933ff7847374ddc747d572,0|0,0|0,0.5|1,0|0,0.5|1,0|0,0|0,0.5|1,0|0,0|0,0|0,0|0,0|0,0|0,0|0,0|0,0|0,0|0,0|0,0|0,0|0,0|0,0|0,0|0
29c294e6842a56ba3b9a24a24a5f6de1575b0961,0|0,0|0,0.5|1,0|0,0.5|1,0|0,0|0,0|0,0|0,0|0,0|0,0|0,0|0,0|0,0|0,0|0,0|0,0|0,0|0,0|0,0|0,0|0,0|0,0|0
c6ce820d5ccfeca1c38e6644d72ca6543da01eb1,0|0,0|0,0.5|1,0|0,0.5|1,0|0,0|0,0|0,0|0,0|0,0|0,0|0,0|0,0|0,0|0,0|0,0|0,0|0,0|0,0|0,0|0,0|0,0|0,0|0
b22e03d805866c04ea02a4b04c9b58a167853418,0|0,0|0,0.5|1,0|0,0.5|1,0|0,0|0,0|0,0|0,0|0,0|0,0|0,0|0,0|0,0|0,0|0,0|0,0|0,0|0,0|0,0|0,0|0,0|0,0|0
9a1035586382ef3272e81c2a5f9eeba876986115,0|0,0|0,0.5|1,0|0,0.5|1,0|0,0|0,0|0,0|0,0|0,0|0,0|0,0|0,0|0,0|0,0|0,0|0,0|0,0|0,0|0,0|0,0|0,0|0,0|0
ba8d1a11bed8f660594ffd104149df31bb31ba0c,0|0,0|0,0.5|1,0|0,0.5|1,0|0,0|0,0|0,0|0,0|0,0|0,0|0,0|0,0|0,0|0,0|0,0|0,0|0,0|0,0|0,0|0,0|0,0|0,0|0
04b71e6b10bdc55cd288a45118a9a563b67add5f,0|0,0|0,0.5|1,0|0,0.5|1,0|0,0|0,0|0,0|0,0|0,0|0,0|0,0|0,0|0,0|0,0|0,0|0,0|0,0|0,0|0,0|0,0|0,0|0,0|0
90d3002401c8813c0ed64c314e0877a65b68bcd2,0|0,0|0,0.5|1,0|0,0.5|1,0|0,0|0,0|0,0|0,0|0,0|0,0|0,0|0,0|0,0|0,0|0,0|0,0|0,0|0,0|0,0|0,0|0,0|0,0|0
b34a1ae1a91f7878eabfd288de92a4c7d29dab2e,0|0,0|0,0.5|1,0|0,0.5|1,0|0,0|0,0|0,0|0,0|0,0|0,0|0,0|0,0|0,0|0,0|0,0|0,0|0,0|0,0|0,0|0,0|0,0|0,0|0
0bff7c1cb60f3465e86e6e5c826f37a5948d8d04,0|0,0|0,0.5|1,0|0,0.5|1,0|0,0|0,0|0,0|0,0|0,0|0,0|0,0|0,0|0,0|0,0|0,0|0,0|0,0|0,0|0,0|0,0|0,0|0,0|0
db079d5be536d170d9868127857b66834de3caa3,0|0,0|0,0.5|1,0|0,0.5|1,0|0,0|0,0|0,0|0,0|0,0|0,0|0,0|0,0|0,0|0,0|0,0|0,0|0,0|0,0|0,0|0,0|0,0|0,0|0
d704389e051e5fdc8e69530233b10b33c653176f,0|0,0|0,0.5|1,0|0,0.5|1,0|0,0|0,0|0,0|0,0|0,0|0,0|0,0|0,0|0,0|0,0|0,0|0,0|0,0|0,0|0,0|0,0|0,0|0,0|0
6a14289be5b349afcb99bf730bbcbb38ffa6703a,0|0,0|0,0.5|1,0|0,0.5|1,0|0,0|0,0|0,0|0,0|0,0|0,0|0,0|0,0|0,0|0,0|0,0|0,0|0,0|0,0|0,0|0,0|0,0|0,0|0
e784f64950b91cdba8fc8e6f203218957139fd91,0|0,0|0,0.5|1,0|0,0.5|1,0|0,0|0,0|0,0|0,0|0,0|0,0|0,0|0,0|0,0|0,0|0,0|0,0|0,0|0,0|0,0|0,0|0,0|0,0|0
88a588a7b083c1a24051ce8b9ef16c70e78b9f65,0|0,0|0,0.5|1,0|0,0.5|1,0|0,0|0,0|0,0|0,0|0,0|0,0|0,0|0,0|0,0|0,0|0,0|0,0|0,0|0,0|0,0|0,0|0,0|0,0|0
f58a6f3796f94f3b7ed933b24af57c13e0215282,0|0,0|0,0.5|1,0|0,0.5|1,0|0,0|0,0|0,0|0,0|0,0|0,0|0,0|0,0|0,0|0,0|0,0|0,0|0,0|0,0|0,0|0,0|0,0|0,0|0
2e36fa6ea4d753fc9aac0c6259078bdc9720a930,0|0,0|0,0.5|1,0|0,0.5|1,0|0,0|0,0|0,0|0,0|0,0|0,0|0,0|0,0|0,0|0,0|0,0|0,0|0,0|0,0|0,0|0,0|0,0|0,0|0
48c4e9a4e6b7ded874630f4ff84f458c77402266,0|0,0|0,0.5|1,0|0,0.5|1,0|0,0|0,0|0,0|0,0|0,0|0,0|0,0|0,0|0,0|0,0|0,0|0,0|0,0|0,0|0,0|0,0|0,0|0,0|0
0344174128c7a234c6a2d2a23e2ae9483ee4b434,0|0,0|0,0.5|1,0|0,0.5|1,0|0,0|0,0|0,0|0,0|0,0|0,0|0,0|0,0|0,0|0,0|0,0|0,0|0,0|0,0|0,0|0,0|0,0|0,0|0
8859b092f23ece485391a251be616feb2422ad70,0|0,0|0,0.5|1,0|0,0.5|1,0|0,0|0,0|0,0|0,0|0,0|0,0|0,0|0,0|0,0|0,0|0,0|0,0|0,0|0,0|0,0|0,0|0,0|0,0|0
cb8a05138e3904f7993d71026d3ee463e0cc80e9,0|0,0|0,0.5|1,0|0,0.5|1,0|0,0|0,0|0,0|0,0|0,0|0,0|0,0|0,0|0,0|0,0|0,0|0,0|0,0|0,0|0,0|0,0|0,0|0,0|0
e49b6665ec0d1383a5574459959c7a7a925daeed,0|0,0|0,0.5|1,0|0,0.5|1,0|0,0|0,0|0,0|0,0|0,0|0,0|0,0|0,0|0,0|0,0|0,0|0,0|0,0|0,0|0,0|0,0|0,0|0,0|0
cdf5d18768ba29975b70de3194e1fd9ab0c5f062,0|0,0|0,0.5|1,0|0,0.5|1,0|0,0|0,0|0,0|0,0|0,0|0,0|0,0|0,0|0,0|0,0|0,0|0,0|0,0|0,0|0,0|0,0|0,0|0,0|0
b6d48aaa3809767417422595277eac8fbfe56d34,0|0,0|0,0.5|1,0|0,0.5|1,0|0,0|0,0|0,0|0,0|0,0|0,0|0,0|0,0|0,0|0,0|0,0|0,0|0,0|0,0|0,0|0,0|0,0|0,0|0
315d08dca68bdb7fcbd7386108307a4ab48d2246,0|0,0|0,0.5|1,0|0,0.5|1,0|0,0|0,0|0,0|0,0|0,0|0,0|0,0|0,0|0,0|0,0|0,0|0,0|0,0|0,0|0,0|0,0|0,0|0,0|0
ea16e9d736911f757d830b7e718a7281758123ed,0|0,0|0,0.5|1,0|0,0.5|1,0|0,0|0,0|0,0|0,0|0,0|0,0|0,0|0,0|0,0|0,0|0,0|0,0|0,0|0,0|0,0|0,0|0,0|0,0|0
fc431ebc252166f47f798e20954c5ccf8be83a8c,0|0,0|0,0.5|1,0|0,0.5|1,0|0,0|0,0|0,0|0,0|0,0|0,0|0,0|0,0|0,0|0,0|0,0|0,0|0,0|0,0|0,0|0,0|0,0|0,0|0
382867a850b74e7285166a67ee3243560cd974ac,0|0,0|0,0|0,0|0,0.5|1,0|0,0|0,0|0,0|0,0|0,0|0,0|0,0|0,0|0,0|0,0|0,0|0,0|0,0|0,0|0,0|0,0|0,0|0,0|0
c0e65a1ec4db767808ffcde1b44305051aea11c2,0|0,0|0,0|0,0|0,0.5|1,0|0,0|0,0|0,0|0,0|0,0|0,0|0,0|0,0|0,0|0,0|0,0|0,0|0,0|0,0|0,0|0,0|0,0|0,0|0
e05d8dcd435876c6ec7635fd3819ca7915e302f3,0|0,0|0,0|0,0|0,0.5|1,0|0,0|0,0|0,0|0,0|0,0|0,0|0,0|0,0|0,0|0,0|0,0|0,0|0,0|0,0|0,0|0,0|0,0|0,0|0
9d5c6533edbdf8eba7f4bc621695a802099ffa37,0|0,0|0,0|0,0|0,0.5|1,0|0,0|0,0|0,0|0,0|0,0|0,0|0,0|0,0|0,0|0,0|0,0|0,0|0,0|0,0|0,0|0,0|0,0|0,0|0
3a73df587add7a2bc7600a57a3ab06ff629475f5,0|0,0|0,0|0,0|0,0.5|1,0|0,0|0,0|0,0|0,0|0,0|0,0|0,0|0,0|0,0|0,0|0,0|0,0|0,0|0,0|0,0|0,0|0,0|0,0|0
e3cdb1df911116978c40c7fbfb3fd69ad20c3c1e,0|0,0|0,0|0,0|0,0.5|1,0|0,0|0,0|0,0|0,0|0,0|0,0|0,0|0,0|0,0|0,0|0,0|0,0|0,0|0,0|0,0|0,0|0,0|0,0|0
e569d806ea84b70793d08f290b85e294257d7814,0|0,0|0,0|0,0|0,0.5|1,0|0,0|0,0|0,0|0,0|0,0|0,0|0,0|0,0|0,0|0,0|0,0|0,0|0,0|0,0|0,0|0,0|0,0|0,0|0
1ce80dd6e006b6554d1387d013bbfba942eaf824,0|0,0|0,0|0,0|0,0.5|1,0|0,0|0,0|0,0|0,0|0,0|0,0|0,0|0,0|0,0|0,0|0,0|0,0|0,0|0,0|0,0|0,0|0,0|0,0|0
08488f7a7910d8fdedf9c0d5ba7a882cdcabedc0,0|0,0|0,0|0,0|0,0.5|1,0|0,0|0,0|0,0|0,0|0,0|0,0|0,0|0,0|0,0|0,0|0,0|0,0|0,0|0,0|0,0|0,0|0,0|0,0|0
4a783b84276997187c3a168d161429a23a2e1548,0|0,0|0,0|0,0|0,0.5|1,0|0,0|0,0|0,0|0,0|0,0|0,0|0,0|0,0|0,0|0,0|0,0|0,0|0,0|0,0|0,0|0,0|0,0|0,0|0
9c4c64d86a1711a1f67add84a42e8d7a823d33c5,0|0,0|0,0|0,0|0,0.5|1,0|0,0|0,0|0,0|0,0|0,0|0,0|0,0|0,0|0,0|0,0|0,0|0,0|0,0|0,0|0,0|0,0|0,0|0,0|0
6d7da635eaa744f8140e10be90995864da381c58,0|0,0|0,0|0,0|0,0.5|1,0|0,0|0,0|0,0|0,0|0,0|0,0|0,0|0,0|0,0|0,0|0,0|0,0|0,0|0,0|0,0|0,0|0,0|0,0|0
b1acab6219c12c3a6cc127b37e0b03bcf4b90c3f,0|0,0|0,0|0,0|0,0.5|1,0|0,0|0,0|0,0|0,0|0,0|0,0|0,0|0,0|0,0|0,0|0,0|0,0|0,0|0,0|0,0|0,0|0,0|0,0|0
9de45b72b3a3f3df7a0ffda3554aeab1f6da50ba,0|0,0|0,0|0,0|0,0.5|1,0|0,0|0,0|0,0|0,0|0,0|0,0|0,0|0,0|0,0|0,0|0,0|0,0|0,0|0,0|0,0|0,0|0,0|0,0|0
d3147150b4f90a75746500137357f63bb8530d81,0|0,0|0,0|0,0|0,0.5|1,0|0,0|0,0|0,0|0,0|0,0|0,0|0,0|0,0|0,0|0,0|0,0|0,0|0,0|0,0|0,0|0,0|0,0|0,0|0
34c15969fa49d78b07c649374fb008fb3ed1e98a,0|0,0|0,0|0,0|0,0.5|1,0|0,0|0,0|0,0|0,0|0,0|0,0|0,0|0,0|0,0|0,0|0,0|0,0|0,0|0,0|0,0|0,0|0,0|0,0|0
16f62c5663bc09fda7c87f78322d1c561f483055,0|0,0|0,0|0,0|0,0.5|1,0|0,0|0,0|0,0|0,0|0,0|0,0|0,0|0,0|0,0|0,0|0,0|0,0|0,0|0,0|0,0|0,0|0,0|0,0|0
313a9fc1e3df139bb32d81d9b660a43a5dc9483a,0|0,0|0,0|0,0|0,0.5|1,0|0,0|0,0|0,0|0,0|0,0|0,0|0,0|0,0|0,0|0,0|0,0|0,0|0,0|0,0|0,0|0,0|0,0|0,0|0
1e1186923f67d82edb181ce6da9ab7d38a20e3eb,0|0,0|0,0|0,0|0,0.5|1,0|0,0|0,0|0,0|0,0|0,0|0,0|0,0|0,0|0,0|0,0|0,0|0,0|0,0|0,0|0,0|0,0|0,0|0,0|0
808affd6c25d2df7c59ab8d463dc76015bcbc31a,0|0,0|0,0|0,0|0,0.5|1,0|0,0|0,0|0,0|0,0|0,0|0,0|0,0|0,0|0,0|0,0|0,0|0,0|0,0|0,0|0,0|0,0|0,0|0,0|0
146e6a28c948e935add16e106f77482cfc7e383d,0|0,0|0,0|0,0|0,0.5|1,0|0,0|0,0|0,0|0,0|0,0|0,0|0,0|0,0|0,0|0,0|0,0|0,0|0,0|0,0|0,0|0,0|0,0|0,0|0
3d55140fead0a42762abc7c62032e3ee1265f30f,0|0,0|0,0|0,0|0,0.5|1,0|0,0|0,0|0,0|0,0|0,0|0,0|0,0|0,0|0,0|0,0|0,0|0,0|0,0|0,0|0,0|0,0|0,0|0,0|0
33bfcfa37df8beae67d3b0874c7253fe14d8929e,0|0,0|0,0|0,0|0,0.5|1,0|0,0|0,0|0,0|0,0|0,0|0,0|0,0|0,0|0,0|0,0|0,0|0,0|0,0|0,0|0,0|0,0|0,0|0,0|0
29d06c2f84dc20fbc5f94ca1b181292433b69a21,0|0,0|0,0|0,0|0,0.5|1,0|0,0|0,0|0,0|0,0|0,0|0,0|0,0|0,0|0,0|0,0|0,0|0,0|0,0|0,0|0,0|0,0|0,0|0,0|0
cb44caaebb25ec334f257b96f9c207cfa6f346c7,0|0,0|0,0|0,0|0,0.5|1,0|0,0|0,0|0,0|0,0|0,0|0,0|0,0|0,0|0,0|0,0|0,0|0,0|0,0|0,0|0,0|0,0|0,0|0,0|0
82d01ba63b20eed8905ea60c2e1cfe0f96c73bab,0|0,0|0,0|0,0|0,0.5|1,0|0,0|0,0|0,0|0,0|0,0|0,0|0,0|0,0|0,0|0,0|0,0|0,0|0,0|0,0|0,0|0,0|0,0|0,0|0
2cb229aedbdf81c968a9030521a9b7ed42cce599,0|0,0|0,0|0,0|0,0.5|1,0|0,0|0,0|0,0|0,0|0,0|0,0|0,0|0,0|0,0|0,0|0,0|0,0|0,0|0,0|0,0|0,0|0,0|0,0|0
00c61d2c8d83324494d4edab42c452c2d3cc26fc,0|0,0|0,0|0,0|0,0.5|1,0|0,0|0,0|0,0|0,0|0,0|0,0|0,0|0,0|0,0|0,0|0,0|0,0|0,0|0,0|0,0|0,0|0,0|0,0|0
9a15df9d394777c45abcdebf27dd65fbaf1a8b79,0|0,0|0,0|0,0|0,0.5|1,0|0,0|0,0|0,0|0,0|0,0|0,0|0,0|0,0|0,0|0,0|0,0|0,0|0,0|0,0|0,0|0,0|0,0|0,0|0
913fccf7edeb4e959428996e040b958645dc0b2b,0|0,0|0,0|0,0|0,0.5|1,0|0,0|0,0|0,0|0,0|0,0|0,0|0,0|0,0|0,0|0,0|0,0|0,0|0,0|0,0|0,0|0,0|0,0|0,0|0
c9fdcbf2bb1e700f388a3302914c6f272e3f84ff,0|0,0|0,0|0,0|0,0.5|1,0|0,0|0,0|0,0|0,0|0,0|0,0|0,0|0,0|0,0|0,0|0,0|0,0|0,0|0,0|0,0|0,0|0,0|0,0|0
6e0ed10ef42f393628ee4a0e628a8acc5023ed0a,0|0,0|0,0|0,0|0,0.5|1,0|0,0|0,0|0,0|0,0|0,0|0,0|0,0|0,0|0,0|0,0|0,0|0,0|0,0|0,0|0,0|0,0|0,0|0,0|0
818b271f8be6d71258364aff69075ede97a49054,0|0,0|0,0|0,0|0,0.5|1,0|0,0|0,0|0,0|0,0|0,0|0,0|0,0|0,0|0,0|0,0|0,0|0,0|0,0|0,0|0,0|0,0|0,0|0,0|0
832e4ba7b43b68a53ef2277cfbc643b85c8d32fd,0|0,0|0,0|0,0|0,0.5|1,0|0,0|0,0|0,0|0,0|0,0|0,0|0,0|0,0|0,0|0,0|0,0|0,0|0,0|0,0|0,0|0,0|0,0|0,0|0
1d6b68263a58786b6ab88f579e2866ad9e13c17b,0|0,0|0,0|0,0|0,0.5|1,0|0,0|0,0|0,0|0,0|0,0|0,0|0,0|0,0|0,0|0,0|0,0|0,0|0,0|0,0|0,0|0,0|0,0|0,0|0
6fc307b777cb20ea52820d88e7e7c2c645edfd4b,0|0,0|0,0|0,0|0,0.5|1,0|0,0|0,0|0,0|0,0|0,0|0,0|0,0|0,0|0,0|0,0|0,0|0,0|0,0|0,0|0,0|0,0|0,0|0,0|0
2c49d1913b05e754e1f180fc64d187ba0baba1a8,0|0,0|0,0|0,0|0,0.5|1,0|0,0|0,0|0,0|0,0|0,0|0,0|0,0|0,0|0,0|0,0|0,0|0,0|0,0|0,0|0,0|0,0|0,0|0,0|0
9c357445c5dab64db4000497193975fa12f63225,0|0,0|0,0|0,0|0,0.5|1,0|0,0|0,0|0,0|0,0|0,0|0,0|0,0|0,0|0,0|0,0|0,0|0,0|0,0|0,0|0,0|0,0|0,0|0,0|0
c7c7fb56dba6f81a56a5ec5ea20b8ad81ce62a43,0|0,0|0,0|0,0|0,0.5|1,0|0,0|0,0|0,0|0,0|0,0|0,0|0,0|0,0|0,0|0,0|0,0|0,0|0,0|0,0|0,0|0,0|0,0|0,0|0
df31e599a3d3778804b6a7fda9bb5fdc683ee34c,0|0,0|0,0|0,0|0,0.5|1,0|0,0|0,0|0,0|0,0|0,0|0,0|0,0|0,0|0,0|0,0|0,0|0,0|0,0|0,0|0,0|0,0|0,0|0,0|0
dcd4b7304941a8832fba2d0fc4c1e716e7a4e72c,0|0,0|0,0|0,0|0,0|0,0|0,0|0,0|0,0|0,0|0,0|0,0|0,0|0,0|0,0|0,0|0,0|0,0|0,0|0,0|0,0|0,0|0,0|0,0|0
da595880d134b29fb62f726b72bdc6302ffc9ccc,0|0,0|0,0|0,0|0,0|0,0|0,0|0,0|0,0|0,0|0,0|0,0|0,0|0,0|0,0|0,0|0,0|0,0|0,0|0,0|0,0|0,0|0,0|0,0|0
3a359cd61322a2fc546198f72cb36988924ab765,0|0,0|0,0|0,0|0,0|0,0|0,0|0,0|0,0|0,0|0,0|0,0|0,0|0,0|0,0|0,0|0,0|0,0|0,0|0,0|0,0|0,0|0,0|0,0|0
302843d739d65d3192c52558b154c25f2a00c103,0|0,0|0,0|0,0|0,0|0,0|0,0|0,0|0,0|0,0|0,0|0,0|0,0|0,0|0,0|0,0|0,0|0,0|0,0|0,0|0,0|0,0|0,0|0,0|0
a2fdf3b2fa29844a2d48c4d786471f05bd7821a9,0|0,0|0,0|0,0|0,0|0,0|0,0|0,0|0,0|0,0|0,0|0,0|0,0|0,0|0,0|0,0|0,0|0,0|0,0|0,0|0,0|0,0|0,0|0,0|0
f098e4da5728e8ba4ca4351b9a1b945d17dd8982,0|0,0|0,0|0,0|0,0|0,0|0,0|0,0|0,0|0,0|0,0|0,0|0,0|0,0|0,0|0,0|0,0|0,0|0,0|0,0|0,0|0,0|0,0|0,0|0
31f0a76d338c9bf3a6893b71dd437ef5fcaaea0e,0|0,0|0,0|0,0|0,0|0,0|0,0|0,0|0,0|0,0|0,0|0,0|0,0|0,0|0,0|0,0|0,0|0,0|0,0|0,0|0,0|0,0|0,0|0,0|0
ab045d8c9d13a023ed873bd4788e851dd52937f2,0|0,0|0,0|0,0|0,0|0,0|0,0|0,0|0,0|0,0|0,0|0,0|0,0|0,0|0,0|0,0|0,0|0,0|0,0|0,0|0,0|0,0|0,0|0,0|0
a79009b38ce83e39bcbc8f54c00cf203621aa5bb,0|0,0|0,0|0,0|0,0|0,0|0,0|0,0|0,0|0,0|0,0|0,0|0,0|0,0|0,0|0,0|0,0|0,0|0,0|0,0|0,0|0,0|0,0|0,0|0
0e8a6e21e8e30182041cb0b83407de952b521ffd,0|0,0|0,0|0,0|0,0|0,0|0,0|0,0|0,0|0,0|0,0|0,0|0,0|0,0|0,0|0,0|0,0|0,0|0,0|0,0|0,0|0,0|0,0|0,0|0
773b6ed3c962c434901e0194607bbc8fc6c2fde2,0|0,0|0,0|0,0|0,0|0,0|0,0|0,0|0,0|0,0|0,0|0,0|0,0|0,0|0,0|0,0|0,0|0,0|0,0|0,0|0,0|0,0|0,0|0,0|0
8ae25df4bfba9c2bc9b4ac1f6c9fa1de70d5eec9,0|0,0|0,0|0,0|0,0|0,0|0,0|0,0|0,0|0,0|0,0|0,0|0,0|0,0|0,0|0,0|0,0|0,0|0,0|0,0|0,0|0,0|0,0|0,0|0
3855184b58ff51735e9a70282a286702a24ae7f3,0|0,0|0,0|0,0|0,0|0,0|0,0|0,0|0,0|0,0|0,0|0,0|0,0|0,0|0,0|0,0|0,0|0,0|0,0|0,0|0,0|0,0|0,0|0,0|0
6e759d374751f2743811bedfb761d6feacbced6b,0|0,0|0,0|0,0|0,0|0,0|0,0|0,0|0,0|0,0|0,0|0,0|0,0|0,0|0,0|0,0|0,0|0,0|0,0|0,0|0,0|0,0|0,0|0,0|0
260c5a35ad855788baba16c5419ae50b6d23061a,0|0,0|0,0|0,0|0,0|0,0|0,0|0,0|0,0|0,0|0,0|0,0|0,0|0,0|0,0|0,0|0,0|0,0|0,0|0,0|0,0|0,0|0,0|0,0|0
564baf0364762cdd7fadde03ff333c379ec078f8,0|0,0|0,0|0,0|0,0|0,0|0,0|0,0|0,0|0,0|0,0|0,0|0,0|0,0|0,0|0,0|0,0|0,0|0,0|0,0|0,0|0,0|0,0|0,0|0
4162046b28a7d9d8a104ce28086d9467cc05c212,0|0,0|0,0|0,0|0,0|0,0|0,0|0,0|0,0|0,0|0,0|0,0|0,0|0,0|0,0|0,0|0,0|0,0|0,0|0,0|0,0|0,0|0,0|0,0|0
7ecaaf90d4515fa9747e7536234722e5d31e514a,0|0,0|0,0|0,0|0,0|0,0|0,0|0,0|0,0|0,0|0,0|0,0|0,0|0,0|0,0|0,0|0,0|0,0|0,0|0,0|0,0|0,0|0,0|0,0|0
3c6f04be2fa45ee8eb4c2f9a171f2ba8a6032588,0|0,0|0,0|0,0|0,0|0,0|0,0|0,0|0,0|0,0|0,0|0,0|0,0|0,0|0,0|0,0|0,0|0,0|0,0|0,0|0,0|0,0|0,0|0,0|0
2fb3b7e178304eff76381c630e54e6408a94f834,0|0,0|0,0|0,0|0,0|0,0|0,0|0,0|0,0|0,0|0,0|0,0|0,0|0,0|0,0|0,0|0,0|0,0|0,0|0,0|0,0|0,0|0,0|0,0|0
71b9e4ff763e97f66e0a139a4f3b2974075fb317,0|0,0|0,0|0,0|0,0|0,0|0,0|0,0|0,0|0,0|0,0|0,0|0,0|0,0|0,0|0,0|0,0|0,0|0,0|0,0|0,0|0,0|0,0|0,0|0
adeeb8870eadf3e005ae0f17e773d7d90cf58624,0|0,0|0,0|0,0|0,0|0,0|0,0|0,0|0,0|0,0|0,0|0,0|0,0|0,0|0,0|0,0|0,0|0,0|0,0|0,0|0,0|0,0|0,0|0,0|0
0456cec92e06f4354bbdde26dd3a3b9d3b8bb0ae,0|0,0|0,0|0,0|0,0|0,0|0,0|0,0|0,0|0,0|0,0|0,0|0,0|0,0|0,0|0,0|0,0|0,0|0,0|0,0|0,0|0,0|0,0|0,0|0
78648e2a93aaec850ae47fa56cc5c68deb924fa0,0|0,0|0,0|0,0|0,0|0,0|0,0|0,0|0,0|0,0|0,0|0,0|0,0|0,0|0,0|0,0|0,0|0,0|0,0|0,0|0,0|0,0|0,0|0,0|0
e1d314931fe6b2c8d8bc5d0330b989d33adb175d,0|0,0|0,0|0,0|0,0|0,0|0,0|0,0|0,0|0,0|0,0|0,0|0,0|0,0|0,0|0,0|0,0|0,0|0,0|0,0|0,0|0,0|0,0|0,0|0
e9447f86ec386798bdf0cc9ee3646f982328e321,0|0,0|0,0|0,0|0,0|0,0|0,0|0,0|0,0|0,0|0,0|0,0|0,0|0,0|0,0|0,0|0,0|0,0|0,0|0,0|0,0|0,0|0,0|0,0|0
f4f7f24914251744a928eb6f2aa8e89fa5788d0c,0|0,0|0,0|0,0|0,0|0,0|0,0|0,0|0,0|0,0|0,0|0,0|0,0|0,0|0,0|0,0|0,0|0,0|0,0|0,0|0,0|0,0|0,0|0,0|0
3ac8a04f8f6071be0901a9ddcda296f58b2bcf0c,0|0,0|0,0|0,0.5|1,0|0,0|0,0|0,0|0,0|0,0|0,0|0,0|0,0|0,0|0,0|0,0|0,0|0,0|0,0|0,0|0,0|0,0|0,0|0,0|0
34ba6c726925efceaa2cc995d7d4b0409907f331,0|0,0|0,0|0,0.5|1,0|0,0|0,0|0,0|0,0|0,0|0,0|0,0|0,0|0,0|0,0|0,0|0,0|0,0|0,0|0,0|0,0|0,0|0,0|0,0|0
8bab82bdb8c2613e1ca7bd5573d7c12117a2dc02,0|0,0|0,0|0,0|0,0|0,0|0,0|0,0|0,0|0,0|0,0|0,0|0,0|0,0|0,0|0,0|0,0|0,0|0,0|0,0|0,0|0,0|0,0|0,0|0
9067dee60e91eafba657b13e502307d500dcd489,0|0,0|0,0|0,0|0,0|0,0|0,0|0,0|0,0|0,0|0,0|0,0|0,0|0,0|0,0|0,0|0,0|0,0|0,0|0,0|0,0|0,0|0,0|0,0|0
170047656473a7fadf9f23f3afdfac46b9c52b21,0|0,0|0,0|0,0|0,0|0,0|0,0|0,0|0,0|0,0|0,0|0,0|0,0|0,0|0,0|0,0|0,0|0,0|0,0|0,0|0,0|0,0|0,0|0,0|0
af6dbb49b2d522bfd6d9762bd9329b28aa0b1e70,0|0,0|0,0|0,0|0,0|0,0|0,0|0,0|0,0|0,0|0,0|0,0|0,0|0,0|0,0|0,0|0,0|0,0|0,0|0,0|0,0|0,0|0,0|0,0|0
d50a3a531c597a24644c6878fc0068d0d1cc0a0d,0|0,0|0,0|0,0|0,0|0,0|0,0|0,0|0,0|0,0|0,0|0,0|0,0|0,0|0,0|0,0|0,0|0,0|0,0|0,0|0,0|0,0|0,0|0,0|0
1748a2dd34e5ff4b4800fcf04dbd5860d8c30f22,0|0,0|0,0|0,0|0,0|0,0|0,0|0,0|0,0|0,0|0,0|0,0|0,0|0,0|0,0|0,0|0,0|0,0|0,0|0,0|0,0|0,0|0,0|0,0|0
75e2017bb097cb47722ac8796de10036d21c9625,0|0,0|0,0|0,0|0,0|0,0|0,0|0,0|0,0|0,0|0,0|0,0|0,0|0,0|0,0|0,0|0,0|0,0|0,0|0,0|0,0|0,0|0,0|0,0|0
80161279b755d83df6e0dbc52942f625df414452,0|0,0|0,0|0,0|0,0|0,0|0,0|0,0|0,0|0,0|0,0|0,0|0,0|0,0|0,0|0,0|0,0|0,0|0,0|0,0|0,0|0,0|0,0|0,0|0
cd0a84b490e910c085b987e3026f724be98349bf,0|0,0|0,0|0,0|0,0|0,0|0,0|0,0|0,0|0,0|0,0|0,0|0,0|0,0|0,0|0,0|0,0|0,0|0,0|0,0|0,0|0,0|0,0|0,0|0
a7a90fe913f8a466f32f6e284cf46653944acd6f,0|0,0|0,0|0,0|0,0|0,0|0,0|0,0|0,0|0,0|0,0|0,0|0,0|0,0|0,0|0,0|0,0|0,0|0,0|0,0|0,0|0,0|0,0|0,0|0
1814ae3e8457a896bed96cbc7d19974b2e66d071,0|0,0|0,0|0,0|0,0|0,0|0,0|0,0|0,0|0,0|0,0|0,0|0,0|0,0|0,0|0,0|0,0|0,0|0,0|0,0|0,0|0,0|0,0|0,0|0
3c1ea37046e701afa1dffd07ea72e10b9b9eb8e2,0|0,0|0,0|0,0|0,0|0,0|0,0|0,0|0,0|0,0|0,0|0,0|0,0|0,0|0,0|0,0|0,0|0,0|0,0|0,0|0,0|0,0|0,0|0,0|0
450c91271ecf688150c4f35d75c4a8d0381c848d,0|0,0|0,0|0,0|0,0|0,0|0,0|0,0|0,0|0,0|0,0|0,0|0,0|0,0|0,0|0,0|0,0|0,0|0,0|0,0|0,0|0,0|0,0|0,0|0
30d82d6bdd6ab2bfc00d81d325a678dd3b3b5e48,0|0,0|0,0|0,0|0,0|0,0|0,0|0,0|0,0|0,0|0,0|0,0|0,0|0,0|0,0|0,0|0,0|0,0|0,0|0,0|0,0|0,0|0,0|0,0|0
14a83590dd5944ba6b5b5f7cbd85237623bd40a1,0|0,0|0,0|0,0|0,0|0,0|0,0|0,0|0,0|0,0|0,0|0,0|0,0|0,0|0,0|0,0|0,0|0,0|0,0|0,0|0,0|0,0|0,0|0,0|0
ff495a966fd59e29e3d3d176c6d854b346dc6e0e,0|0,0|0,0|0,0|0,0|0,0|0,0|0,0|0,0|0,0|0,0|0,0|0,0|0,0|0,0|0,0|0,0|0,0|0,0|0,0|0,0|0,0|0,0|0,0|0
ed198a55b6a7e6dbcfe53b22f7cc8b3c21086301,0|0,0|0,0|0,0|0,0|0,0|0,0|0,0|0,0|0,0|0,0|0,0|0,0|0,0|0,0|0,0|0,0|0,0|0,0|0,0|0,0|0,0|0,0|0,0|0
81eca5e695e957ef6844d619b44246abe91d9eef,0|0,0|0,0|0,0|0,0|0,0|0,0|0,0|0,0|0,0|0,0|0,0|0,0|0,0|0,0|0,0|0,0|0,0|0,0|0,0|0,0|0,0|0,0|0,0|0
2264113e5df1946210828e45d29c605915bd3733,0|0,0|0,0|0,0|0,0|0,0|0,0|0,0|0,0|0,0|0,0|0,0|0,0|0,0|0,0|0,0|0,0|0,0|0,0|0,0|0,0|0,0|0,0|0,0|0
49059d3cbb1ac145fadbafed18bce2a8eb5dc0d9,0|0,0|0,0|0,0|0,0|0,0|0,0|0,0|0,0|0,0|0,0|0,0|0,0|0,0|0,0|0,0|0,0|0,0|0,0|0,0|0,0|0,0|0,0|0,0|0
c9175183c42382f1030503e88ca7e60cb9c08536,0|0,0|0,0|0,0|0,0|0,0|0,0|0,0|0,0|0,0|0,0|0,0|0,0|0,0|0,0|0,0|0,0|0,0|0,0|0,0|0,0|0,0|0,0|0,0|0
90f27abcb669373e8af7cfeca22951109e0e102b,0|0,0|0,0|0,0|0,0|0,0|0,0|0,0|0,0|0,0|0,0|0,0|0,0|0,0|0,0|0,0|0,0|0,0|0,0|0,0|0,0|0,0|0,0|0,0|0
ca25304f29a5f94198c186b3a47eceab18416f63,0|0,0|0,0|0,0|0,0|0,0|0,0|0,0|0,0|0,0|0,0|0,0|0,0|0,0|0,0|0,0|0,0|0,0|0,0|0,0|0,0|0,0|0,0|0,0|0
b211b4c04dccad6f0dc0b9865be7d0210f2a6957,0|0,0|0,0|0,0|0,0|0,0|0,0|0,0|0,0|0,0|0,0|0,0|0,0|0,0|0,0|0,0|0,0|0,0|0,0|0,0|0,0|0,0|0,0|0,0|0
21b677e52ea98219c30f8a0c6bd3d973210d361f,0|0,0|0,0|0,0|0,0|0,0|0,0|0,0|0,0|0,0|0,0|0,0|0,0|0,0|0,0|0,0|0,0|0,0|0,0|0,0|0,0|0,0|0,0|0,0|0
0ad12d7593ada731e0ff20c8bcd027d31dfb98fa,0|0,0|0,0|0,0|0,0|0,0|0,0|0,0|0,0|0,0|0,0|0,0|0,0|0,0|0,0|0,0|0,0|0,0|0,0|0,0|0,0|0,0|0,0|0,0|0
b710781df0d9bb6f665756316653554fe32e5c68,0|0,0|0,0|0,0|0,0|0,0|0,0|0,0|0,0|0,0|0,0|0,0|0,0|0,0|0,0|0,0|0,0|0,0|0,0|0,0|0,0|0,0|0,0|0,0|0
7f8211cd76a59ba870566a430a69287ee657dd4e,0|0,0|0,0|0,0|0,0|0,0|0,0|0,0|0,0|0,0|0,0|0,0|0,0|0,0|0,0|0,0|0,0|0,0|0,0|0,0|0,0|0,0|0,0|0,0|0
9a55e4e74829593722b1a08a5c2cc414a57e1a25,0|0,0|0,0|0,0|0,0|0,0|0,0|0,0|0,0|0,0|0,0|0,0|0,0|0,0|0,0|0,0|0,0|0,0|0,0|0,0|0,0|0,0|0,0|0,0|0
51275bcbda6d1e0849d0e50d0edd13814d38ebd1,0|0,0|0,0|0,0|0,0|0,0|0,0|0,0|0,0|0,0|0,0|0,0|0,0|0,0|0,0|0,0|0,0|0,0|0,0|0,0|0,0|0,0|0,0|0,0|0
8c7eccfc8670f4ea23122eb10f70fc491ccc805f,0|0,0|0,0|0,0|0,0|0,0|0,0|0,0|0,0|0,0|0,0|0,0|0,0|0,0|0,0|0,0|0,0|0,0|0,0|0,0|0,0|0,0|0,0|0,0|0
2056490488b81169bf69beb5ac835cd22dc74a42,0|0,0|0,0|0,0|0,0|0,0|0,0|0,0|0,0|0,0|0,0|0,0|0,0|0,0|0,0|0,0|0,0|0,0|0,0|0,0|0,0|0,0|0,0|0,0|0
238600d2e0401b893ead71f967f0488f5d144e63,0|0,0|0,0|0,0|0,0|0,0|0,0|0,0|0,0|0,0|0,0|0,0|0,0|0,0|0,0|0,0|0,0|0,0|0,0|0,0|0,0|0,0|0,0|0,0|0
7ad1ec2b4d1de9f04cfe827539446b6de8548a54,0|0,0|0,0|0,0|0,0|0,0|0,0|0,0|0,0|0,0|0,0|0,0|0,0|0,0|0,0|0,0|0,0|0,0|0,0|0,0|0,0|0,0|0,0|0,0|0
b581944da4015182a6a9a9bc325ee15b002cba61,0|0,0|0,0|0,0|0,0|0,0|0,0|0,0|0,0|0,0|0,0|0,0|0,0|0,0|0,0|0,0|0,0|0,0|0,0|0,0|0,0|0,0|0,0|0,0|0
7ca2b49fc9200171c3ffdb2a8c403c845a286e9d,0|0,0|0,0|0,0|0,0|0,0|0,0|0,0|0,0|0,0|0,0|0,0|0,0|0,0|0,0|0,0|0,0|0,0|0,0|0,0|0,0|0,0|0,0|0,0|0
246c146f3f46d184b1dc3877ca35b16d13ee220a,0|0,0|0,0|0,0|0,0|0,0|0,0|0,0|0,0|0,0|0,0|0,0|0,0|0,0|0,0|0,0|0,0|0,0|0,0|0,0|0,0|0,0|0,0|0,0|0
78441c964312aba387d50dbe144f0ff6975820ae,0|0,0|0,0|0,0|0,0|0,0|0,0|0,0|0,0|0,0|0,0|0,0|0,0|0,0|0,0|0,0|0,0|0,0|0,0|0,0|0,0|0,0|0,0|0,0|0
44787d9800bba41e463e4db11c2280fac3cdbb7f,0|0,0|0,0|0,0|0,0|0,0|0,0|0,0|0,0|0,0|0,0|0,0|0,0|0,0|0,0|0,0|0,0|0,0|0,0|0,0|0,0|0,0|0,0|0,0|0
999d1819e0b4083e6fe3339188a41cca7be1c508,0|0,0|0,0|0,0|0,0|0,0|0,0|0,0|0,0|0,0|0,0|0,0|0,0|0,0|0,0|0,0|0,0|0,0|0,0|0,0|0,0|0,0|0,0|0,0|0
2c75c104d824b0469463c9a62f8daf1594f22ebc,0|0,0|0,0|0,0|0,0|0,0|0,0|0,0|0,0|0,0|0,0|0,0|0,0|0,0|0,0|0,0|0,0|0,0|0,0|0,0|0,0|0,0|0,0|0,0|0
fc2d03e70f60bf553303a2fbb6211fbfa59822dd,0|0,0|0,0|0,0|0,0|0,0|0,0|0,0|0,0|0,0|0,0|0,0|0,0|0,0|0,0|0,0|0,0|0,0|0,0|0,0|0,0|0,0|0,0|0,0|0
c7c433fd314d70b650e31af4c6b07f004bf17962,0|0,0|0,0|0,0|0,0|0,0|0,0|0,0|0,0|0,0|0,0|0,0|0,0|0,0|0,0|0,0|0,0|0,0|0,0|0,0|0,0|0,0|0,0|0,0|0
cecf738a4a200547250fd9b22e4365af1a9610fb,0|0,0|0,0|0,0|0,0|0,0|0,0|0,0|0,0|0,0|0,0|0,0|0,0|0,0|0,0|0,0|0,0|0,0|0,0|0,0|0,0|0,0|0,0|0,0|0
a7f7abcb3e21646f15d4cb94d07920ddb828cf36,0|0,0|0,0|0,0|0,0|0,0|0,0|0,0|0,0|0,0|0,0|0,0|0,0|0,0|0,0|0,0|0,0|0,0|0,0|0,0|0,0|0,0|0,0|0,0|0
85240bae84f49c05656b5ffd5b23485c2559f25b,0|0,0|0,0|0,0|0,0|0,0|0,0|0,0|0,0|0,0|0,0|0,0|0,0|0,0|0,0|0,0|0,0|0,0|0,0|0,0|0,0|0,0|0,0|0,0|0
67805c7811a758da6a1e3ceef06004378de23460,0|0,0|0,0|0,0|0,0|0,0|0,0|0,0|0,0|0,0|0,0|0,0|0,0|0,0|0,0|0,0|0,0|0,0|0,0|0,0|0,0|0,0|0,0|0,0|0
cd48384237cd63d5b1e1a42e1946e6e59143f790,0|0,0|0,0|0,0|0,0|0,0|0,0|0,0|0,0|0,0|0,0|0,0|0,0|0,0|0,0|0,0|0,0|0,0|0,0|0,0|0,0|0,0|0,0|0,0|0
b5ed0101b6d4d8345cc0211ea880537c003c461b,0|0,0|0,0|0,0|0,0|0,0|0,0|0,0|0,0|0,0|0,0|0,0|0,0|0,0|0,0|0,0|0,0|0,0|0,0|0,0|0,0|0,0|0,0|0,0|0
410f2b2e4174772d504f3d288c085359878a38e9,0|0,0|0,0|0,0|0,0|0,0|0,0|0,0|0,0|0,0|0,0|0,0|0,0|0,0|0,0|0,0|0,0|0,0|0,0|0,0|0,0|0,0|0,0|0,0|0
481bd2226195d3d6f9bc79f9b80d9750b2b43b76,0|0,0|0,0|0,0|0,0|0,0|0,0|0,0|0,0|0,0|0,0|0,0|0,0|0,0|0,0|0,0|0,0|0,0|0,0|0,0|0,0|0,0|0,0|0,0|0
13fe974f75458edd490ed841f60bbcd0cef58ee1,0|0,0|0,0|0,0|0,0|0,0|0,0|0,0|0,0|0,0|0,0|0,0|0,0|0,0|0,0|0,0|0,0|0,0|0,0|0,0|0,0|0,0|0,0|0,0|0
f39dae751dae8c1abf8477074c5fbaea66d229df,0|0,0|0,0|0,0|0,0|0,0|0,0|0,0|0,0|0,0|0,0|0,0|0,0|0,0|0,0|0,0|0,0|0,0|0,0|0,0|0,0|0,0|0,0|0,0|0
5a302ffbb4f76b30a3fe555433581d10da47cf30,0|0,0|0,0|0,0|0,0|0,0|0,0|0,0|0,0|0,0|0,0|0,0|0,0|0,0|0,0|0,0|0,0|0,0|0,0|0,0|0,0|0,0|0,0|0,0|0
b0cc5bdd86c6aebc9684f22b28fcf6b079192bb9,0|0,0|0,0|0,0|0,0|0,0|0,0|0,0|0,0|0,0|0,0|0,0|0,0|0,0|0,0|0,0|0,0|0,0|0,0|0,0|0,0|0,0|0,0|0,0|0
587b4d05600d6708295c3bce6db519d887368636,0|0,0|0,0|0,0|0,0|0,0|0,0|0,0|0,0|0,0|0,0|0,0|0,0|0,0|0,0|0,0|0,0|0,0|0,0|0,0|0,0|0,0|0,0|0,0|0
aada31476c534322bcdb7616ad748341dd5a5ad9,0|0,0|0,0|0,0|0,0|0,0|0,0|0,0|0,0|0,0|0,0|0,0|0,0|0,0|0,0|0,0|0,0|0,0|0,0|0,0|0,0|0,0|0,0|0,0|0
958e6fa708d1914bc46d9f8e9411987402468153,0|0,0|0,0|0,0|0,0|0,0|0,0|0,0|0,0|0,0|0,0|0,0|0,0|0,0|0,0|0,0|0,0|0,0|0,0|0,0|0,0|0,0|0,0|0,0|0
e16c4224174a7581cf6f6b39705d62bbde007261,0|0,0|0,0|0,0|0,0|0,0|0,0|0,0|0,0|0,0|0,0|0,0|0,0|0,0|0,0|0,0|0,0|0,0|0,0|0,0|0,0|0,0|0,0|0,0|0
008eabd3b38600a187b8d2fe94be9f8f9260545e,0|0,0|0,0|0,0|0,0|0,0|0,0|0,0|0,0|0,0|0,0|0,0|0,0|0,0|0,0|0,0|0,0|0,0|0,0|0,0|0,0|0,0|0,0|0,0|0
88ccb034fca1f8e140f554cccc53d355f0a06da2,0|0,0|0,0|0,0|0,0|0,0|0,0|0,0|0,0|0,0|0,0|0,0|0,0|0,0|0,0|0,0|0,0|0,0|0,0|0,0|0,0|0,0|0,0|0,0|0
7fef9d3acaf4ea51dcd6a9fd74742e17c90ec44a,0|0,0|0,0|0,0|0,0|0,0|0,0|0,0|0,0|0,0|0,0|0,0|0,0|0,0|0,0|0,0|0,0|0,0|0,0|0,0|0,0|0,0|0,0|0,0|0
33ff2bcc49ddc47b7eb9ced7bf06446b1984746e,0|0,0|0,0|0,0|0,0|0,0|0,0|0,0|0,0|0,0|0,0|0,0|0,0|0,0|0,0|0,0|0,0|0,0|0,0|0,0|0,0|0,0|0,0|0,0|0
764edbd24adf20b938a7f70160802d4cc5846224,0|0,0|0,0|0,0|0,0|0,0|0,0|0,0|0,0|0,0|0,0|0,0|0,0|0,0|0,0|0,0|0,0|0,0|0,0|0,0|0,0|0,0|0,0|0,0|0
e97816474e5facdb0ef23df8be7e446eea474f24,0|0,0|0,0|0,0|0,0|0,0|0,0|0,0|0,0|0,0|0,0|0,0|0,0|0,0|0,0|0,0|0,0|0,0|0,0|0,0|0,0|0,0|0,0|0,0|0
2978708540a17a66fd83133ed4aca34faa2ff6bd,0|0,0|0,0|0,0|0,0|0,0|0,0|0,0|0,0|0,0|0,0|0,0|0,0|0,0|0,0|0,0|0,0|0,0|0,0|0,0|0,0|0,0|0,0|0,0|0
f46597e7ec497e20903c423298bef61e83d8f6b4,0|0,0|0,0|0,0|0,0|0,0|0,0|0,0|0,0|0,0|0,0|0,0|0,0|0,0|0,0|0,0|0,0|0,0|0,0|0,0|0,0|0,0|0,0|0,0|0
fee3bbbe58a9bc4af716b1af4934c1f76faa8f56,0|0,0|0,0|0,0|0,0|0,0|0,0|0,0|0,0|0,0|0,0|0,0|0,0|0,0|0,0|0,0|0,0|0,0|0,0|0,0|0,0|0,0|0,0|0,0|0
1109c8bce1248df001e1b3550a6b1bb58dfaa1c0,0|0,0|0,0|0,0|0,0|0,0|0,0|0,0|0,0|0,0|0,0|0,0|0,0|0,0|0,0|0,0|0,0|0,0|0,0|0,0|0,0|0,0|0,0|0,0|0
41f9aaa19ece0f151d10e98423c173d3e95c9c66,0|0,0|0,0|0,0|0,0|0,0|0,0|0,0|0,0|0,0|0,0|0,0|0,0|0,0|0,0|0,0|0,0|0,0|0,0|0,0|0,0|0,0|0,0|0,0|0
58d9f604a0b9de5be021c9e9a79d1dc5d5892503,0|0,0|0,0|0,0|0,0|0,0|0,0|0,0|0,0|0,0|0,0|0,0|0,0|0,0|0,0|0,0|0,0|0,0|0,0|0,0|0,0|0,0|0,0|0,0|0
226c1a813bc5d0582f7e0b0bdb4b3ea9e3ee4ce4,0|0,0|0,0|0,0|0,0|0,0|0,0|0,0|0,0|0,0|0,0|0,0|0,0|0,0|0,0|0,0|0,0|0,0|0,0|0,0|0,0|0,0|0,0|0,0|0
dd5ee808d58011e58a158c8863aa1e074498a061,0|0,0|0,0|0,0|0,0|0,0|0,0|0,0|0,0|0,0|0,0|0,0|0,0|0,0|0,0|0,0|0,0|0,0|0,0|0,0|0,0|0,0|0,0|0,0|0
ca34d9e3e7e6e5dd4416fe3cca74cb4088d8888b,0|0,0|0,0|0,0|0,0|0,0|0,0|0,0|0,0|0,0|0,0|0,0|0,0|0,0|0,0|0,0|0,0|0,0|0,0|0,0|0,0|0,0|0,0|0,0|0
185521aebda549487cee0124ca20907de2b0fcf5,0|0,0|0,0|0,0|0,0|0,0|0,0|0,0|0,0|0,0|0,0|0,0|0,0|0,0|0,0|0,0|0,0|0,0|0,0|0,0|0,0|0,0|0,0|0,0|0
b0148048382a62113e08e9954dca7c008df3db63,0|0,0|0,0|0,0|0,0|0,0|0,0|0,0|0,0|0,0|0,0|0,0|0,0|0,0|0,0|0,0|0,0|0,0|0,0|0,0|0,0|0,0|0,0|0,0|0
506f47913cbc8ffbc5cdfb28218b00b84e23de80,0|0,0|0,0|0,0|0,0|0,0|0,0|0,0|0,0|0,0|0,0|0,0|0,0|0,0|0,0|0,0|0,0|0,0|0,0|0,0|0,0|0,0|0,0|0,0|0
ff49203760f02f5cf4ede7d045d509970f2f8063,0|0,0|0,0|0,0|0,0|0,0|0,0|0,0|0,0|0,0|0,0|0,0|0,0|0,0|0,0|0,0|0,0|0,0|0,0|0,0|0,0|0,0|0,0|0,0|0
4f9a8ba866bfdcd10cf77d1be2a307f85d28d608,0|0,0|0,0|0,0|0,0|0,0|0,0|0,0|0,0|0,0|0,0|0,0|0,0|0,0|0,0|0,0|0,0|0,0|0,0|0,0|0,0|0,0|0,0|0,0|0
494eca899e5f20c71f753a7db31dad2ccf2bb07f,0|0,0|0,0|0,0|0,0|0,0|0,0|0,0|0,0|0,0|0,0|0,0|0,0|0,0|0,0|0,0|0,0|0,0|0,0|0,0|0,0|0,0|0,0|0,0|0
5e426826d0b9ad5bd3d47cff5e18ae7ab2981de1,0|0,0|0,0|0,0|0,0|0,0|0,0|0,0|0,0|0,0|0,0|0,0|0,0|0,0|0,0|0,0|0,0|0,0|0,0|0,0|0,0|0,0|0,0|0,0|0
6c733244f5359064f0126e6fbfa9002aafc006fc,0|0,0|0,0|0,0|0,0|0,0|0,0|0,0|0,0|0,0|0,0|0,0|0,0|0,0|0,0|0,0|0,0|0,0|0,0|0,0|0,0|0,0|0,0|0,0|0
1fba06c2c086290e21bd50ef6f8244dcde80c764,0|0,0|0,0|0,0|0,0|0,0|0,0|0,0|0,0|0,0|0,0|0,0|0,0|0,0|0,0|0,0|0,0|0,0|0,0|0,0|0,0|0,0|0,0|0,0|0
19c72628618eb1aaeb965ef06d81255fe0af1c17,0|0,0|0,0|0,0|0,0|0,0|0,0|0,0|0,0|0,0|0,0|0,0|0,0|0,0|0,0|0,0|0,0|0,0|0,0|0,0|0,0|0,0|0,0|0,0|0
9562aebaa39265b7c96e6a6f5cf6f78727c41221,0|0,0|0,0|0,0|0,0|0,0|0,0|0,0|0,0|0,0|0,0|0,0|0,0|0,0|0,0|0,0|0,0|0,0|0,0|0,0|0,0|0,0|0,0|0,0|0
c72eee6465147278b9dee97044474bca69f89dcb,0|0,0|0,0|0,0|0,0|0,0|0,0|0,0|0,0|0,0|0,0|0,0|0,0|0,0|0,0|0,0|0,0|0,0|0,0|0,0|0,0|0,0|0,0|0,0|0
b7addd31513fd301bc3f44fff9bcdf87239523db,0|0,0|0,0|0,0|0,0|0,0|0,0|0,0|0,0|0,0|0,0|0,0|0,0|0,0|0,0|0,0|0,0|0,0|0,0|0,0|0,0|0,0|0,0|0,0|0
c5508d59eefb97eac2af6bb00e97b7e64f81f8da,0|0,0|0,0|0,0|0,0|0,0|0,0|0,0|0,0|0,0|0,0|0,0|0,0|0,0|0,0|0,0|0,0|0,0|0,0|0,0|0,0|0,0|0,0|0,0|0
542dfb81afd6ebef5a5ea5651555f930d43d572e,0|0,0|0,0|0,0|0,0|0,0|0,0|0,0|0,0|0,0|0,0|0,0|0,0|0,0|0,0|0,0|0,0|0,0|0,0|0,0|0,0|0,0|0,0|0,0|0
72dfa6d79fe3a42b81ea35e572031dbd3176b1bd,0|0,0|0,0|0,0|0,0|0,0|0,0|0,0|0,0|0,0|0,0|0,0|0,0|0,0|0,0|0,0|0,0|0,0|0,0|0,0|0,0|0,0|0,0|0,0|0
66a7fad49a8d11d6f66a6cf805d7820dece97a53,0|0,0|0,0|0,0|0,0|0,0|0,0|0,0|0,0|0,0|0,0|0,0|0,0|0,0|0,0|0,0|0,0|0,0|0,0|0,0|0,0|0,0|0,0|0,0|0
e92076cd1491545f822d1455c1aa7c4286635541,0|0,0|0,0|0,0|0,0|0,0|0,0|0,0|0,0|0,0|0,0|0,0|0,0|0,0|0,0|0,0|0,0|0,0|0,0|0,0|0,0|0,0|0,0|0,0|0
1858eed9c959a0cbb51b71bd8468dd78ca0f82e8,0|0,0|0,0|0,0|0,0|0,0|0,0|0,0|0,0|0,0|0,0|0,0|0,0|0,0|0,0|0,0|0,0|0,0|0,0|0,0|0,0|0,0|0,0|0,0|0
3e289217be0e26a9722c51fe129dc98281214659,0|0,0|0,0|0,0|0,0|0,0|0,0|0,0|0,0|0,0|0,0|0,0|0,0|0,0|0,0|0,0|0,0|0,0|0,0|0,0|0,0|0,0|0,0|0,0|0
ad80f8e8ee582377d998d5aea9f65975f9bb3322,0|0,0|0,0|0,0|0,0|0,0|0,0|0,0|0,0|0,0|0,0|0,0|0,0|0,0|0,0|0,0|0,0|0,0|0,0|0,0|0,0|0,0|0,0|0,0|0
c27092616fd0b11ea6955dbc337d0f581ace8d72,0|0,0|0,0|0,0|0,0|0,0|0,0|0,0|0,0|0,0|0,0|0,0|0,0|0,0|0,0|0,0|0,0|0,0|0,0|0,0|0,0|0,0|0,0|0,0|0
d77192ae04fe6a57a84b9050d1c0c976f207037d,0|0,0|0,0|0,0|0,0|0,0|0,0|0,0|0,0|0,0|0,0|0,0|0,0|0,0|0,0|0,0|0,0|0,0|0,0|0,0|0,0|0,0|0,0|0,0|0
759f69618b4fcd05d92e6cb46ca9d58e511c0225,0|0,0|0,0|0,0|0,0|0,0|0,0|0,0|0,0|0,0|0,0|0,0|0,0|0,0|0,0|0,0|0,0|0,0|0,0|0,0|0,0|0,0|0,0|0,0|0
a6ffbf50d55262595a094a46ea41dad3ab59d26d,0|0,0|0,0|0,0|0,0|0,0|0,0|0,0|0,0|0,0|0,0|0,0|0,0|0,0|0,0|0,0|0,0|0,0|0,0|0,0|0,0|0,0|0,0|0,0|0
6a043b9e10d6fee9ef5c0a82e3716155b91e1fef,0|0,0|0,0|0,0|0,0|0,0|0,0|0,0|0,0|0,0|0,0|0,0|0,0|0,0|0,0|0,0|0,0|0,0|0,0|0,0|0,0|0,0|0,0|0,0|0
552219e856749acc31900e3b7a0db74e15f98d28,0|0,0|0,0|0,0|0,0|0,0|0,0|0,0|0,0|0,0|0,0|0,0|0,0|0,0|0,0|0,0|0,0|0,0|0,0|0,0|0,0|0,0|0,0|0,0|0
8d9193899ef3e34ea8ecc9f3fb72063e74697f69,0|0,0|0,0|0,0|0,0|0,0|0,0|0,0|0,0|0,0|0,0|0,0|0,0|0,0|0,0|0,0|0,0|0,0|0,0|0,0|0,0|0,0|0,0|0,0|0
2a646be681f892cebf725a471dcba222db86a43b,0|0,0|0,0|0,0|0,0|0,0|0,0|0,0|0,0|0,0|0,0|0,0|0,0|0,0|0,0|0,0|0,0|0,0|0,0|0,0|0,0|0,0|0,0|0,0|0
8f140eed115bdb18257174420779757546e91c6c,0|0,0|0,0|0,0|0,0|0,0|0,0|0,0|0,0|0,0|0,0|0,0|0,0|0,0|0,0|0,0|0,0|0,0|0,0|0,0|0,0|0,0|0,0|0,0|0
b5cc0b76de4511690c938ad6a04d3cbf03bb3ab3,0|0,0|0,0|0,0|0,0|0,0|0,0|0,0|0,0|0,0|0,0|0,0|0,0|0,0|0,0|0,0|0,0|0,0|0,0|0,0|0,0|0,0|0,0|0,0|0
ecc3d0f419aaf9aa7009af60685445878ff1e357,0|0,0|0,0|0,0|0,0|0,0|0,0|0,0|0,0|0,0|0,0|0,0|0,0|0,0|0,0|0,0|0,0|0,0|0,0|0,0|0,0|0,0|0,0|0,0|0
ce7e29837d9a858832d6b5de79bddb5639d22c3f,0|0,0|0,0|0,0|0,0|0,0|0,0|0,0|0,0|0,0|0,0|0,0|0,0|0,0|0,0|0,0|0,0|0,0|0,0|0,0|0,0|0,0|0,0|0,0|0
136e4a9b13bdcf0e2b8f2245a70f595c8c673a27,0|0,0|0,0|0,0|0,0|0,0|0,0|0,0|0,0|0,0|0,0|0,0|0,0|0,0|0,0|0,0|0,0|0,0|0,0|0,0|0,0|0,0|0,0|0,0|0
9fcd248c764c74dc6a4c1e6189a9e0c3204dce5b,0|0,0|0,0|0,0|0,0|0,0|0,0|0,0|0,0|0,0|0,0|0,0|0,0|0,0|0,0|0,0|0,0|0,0|0,0|0,0|0,0|0,0|0,0|0,0|0
356c4c48a05248f440948d67cf0e792685931296,0|0,0|0,0|0,0|0,0|0,0|0,0|0,0|0,0|0,0|0,0|0,0|0,0|0,0|0,0|0,0|0,0|0,0|0,0|0,0|0,0|0,0|0,0|0,0|0
b47469a6d322220d4412798ccaf80e4b5a8f6163,0|0,0|0,0|0,0|0,0|0,0|0,0|0,0|0,0|0,0|0,0|0,0|0,0|0,0|0,0|0,0|0,0|0,0|0,0|0,0|0,0|0,0|0,0|0,0|0
a1013a6e5eca6ba6b1a36b2a2a012952a5cf7df5,0|0,0|0,0|0,0|0,0|0,0|0,0|0,0|0,0|0,0|0,0|0,0|0,0|0,0|0,0|0,0|0,0|0,0|0,0|0,0|0,0|0,0|0,0|0,0|0
fecbd67cb349896a1f858ee8d4aad320464a34de,0|0,0|0,0|0,0|0,0|0,0|0,0|0,0|0,0|0,0|0,0|0,0|0,0|0,0|0,0|0,0|0,0|0,0|0,0|0,0|0,0|0,0|0,0|0,0|0
4e61c128238f3e7cbb3b1f4e9c0fdb4880aa9a10,0|0,0|0,0|0,0|0,0|0,0|0,0|0,0|0,0|0,0|0,0|0,0|0,0|0,0|0,0|0,0|0,0|0,0|0,0|0,0|0,0|0,0|0,0|0,0|0
36312fb0a06bd59188fd39a860055fbb4dd0dc63,0|0,0|0,0|0,0|0,0|0,0|0,0|0,0|0,0|0,0|0,0|0,0|0,0|0,0|0,0|0,0|0,0|0,0|0,0|0,0|0,0|0,0|0,0|0,0|0
203f5bb7b047c0833dc564b0faf519ff29a098a3,0|0,0|0,0|0,0|0,0|0,0|0,0|0,0|0,0|0,0|0,0|0,0|0,0|0,0|0,0|0,0|0,0|0,0|0,0|0,0|0,0|0,0|0,0|0,0|0
503618637124b3bff51ac545f43378b2665d4691,0|0,0|0,0|0,0|0,0|0,0|0,0|0,0|0,0|0,0|0,0|0,0|0,0|0,0|0,0|0,0|0,0|0,0|0,0|0,0|0,0|0,0|0,0|0,0|0
a92615b272f8eb60e0cc5691e2a962f6159f0fdc,0|0,0|0,0|0,0|0,0|0,0|0,0|0,0|0,0|0,0|0,0|0,0|0,0|0,0|0,0|0,0|0,0|0,0|0,0|0,0|0,0|0,0|0,0|0,0|0
2ff03d349d3ae23e80fc6ef75fec06854188922b,0|0,0|0,0|0,0|0,0|0,0|0,0|0,0|0,0|0,0|0,0|0,0|0,0|0,0|0,0|0,0|0,0|0,0|0,0|0,0|0,0|0,0|0,0|0,0|0
e4957188734d8d977f3b494983e28156af9a258e,0|0,0|0,0|0,0|0,0|0,0|0,0|0,0|0,0|0,0|0,0|0,0|0,0|0,0|0,0|0,0|0,0|0,0|0,0|0,0|0,0|0,0|0,0|0,0|0
191ddc022a73cc03aa7702ca9e3425e919ab6396,0|0,0|0,0|0,0|0,0|0,0|0,0|0,0|0,0|0,0|0,0|0,0|0,0|0,0|0,0|0,0|0,0|0,0|0,0|0,0|0,0|0,0|0,0|0,0|0
3a374083c11884d22f05c6a095a6b0cc3cc8cdc0,0|0,0|0,0|0,0|0,0|0,0|0,0|0,0|0,0|0,0|0,0|0,0|0,0|0,0|0,0|0,0|0,0|0,0|0,0|0,0|0,0|0,0|0,0|0,0|0
76d46189ce42540af9dca1fa0252820eb76ccab0,0|0,0|0,0|0,0|0,0|0,0|0,0|0,0|0,0|0,0|0,0|0,0|0,0|0,0|0,0|0,0|0,0|0,0|0,0|0,0|0,0|0,0|0,0|0,0|0
6366029324e2d01902c4699a11a1b966dcfa3c8f,0|0,0|0,0|0,0|0,0|0,0|0,0|0,0|0,0|0,0|0,0|0,0|0,0|0,0|0,0|0,0|0,0|0,0|0,0|0,0|0,0|0,0|0,0|0,0|0
a1dec95bf18c24a1ea38ef736088411d7aa55a08,0|0,0|0,0|0,0|0,0|0,0|0,0|0,0|0,0|0,0|0,0|0,0|0,0|0,0|0,0|0,0|0,0|0,0|0,0|0,0|0,0|0,0|0,0|0,0|0
4604554d424406c6764af8da17b370c1b525ae1a,0|0,0|0,0|0,0|0,0|0,0|0,0|0,0|0,0|0,0|0,0|0,0|0,0|0,0|0,0|0,0|0,0|0,0|0,0|0,0|0,0|0,0|0,0|0,0|0
853b801794e680ca88d3a5d03c1ab2c0d1e68b53,0|0,0|0,0|0,0|0,0|0,0|0,0|0,0|0,0|0,0|0,0|0,0|0,0|0,0|0,0|0,0|0,0|0,0|0,0|0,0|0,0|0,0|0,0|0,0|0
32de287eafdafc45dde0a22244b72697294f161d,0|0,0|0,0|0,0|0,0|0,0|0,0|0,0|0,0|0,0|0,0|0,0|0,0|0,0|0,0|0,0|0,0|0,0|0,0|0,0|0,0|0,0|0,0|0,0|0
eab0ee16d0bf0168459dc82354e3672b74267150,0|0,0|0,0|0,0|0,0|0,0|0,0|0,0|0,0|0,0|0,0|0,0|0,0|0,0|0,0|0,0|0,0|0,0|0,0|0,0|0,0|0,0|0,0|0,0|0
3c6f83f11e6e99cdcbed3541ae7d8d5f7786578d,0|0,0|0,0|0,0|0,0|0,0|0,0|0,0|0,0|0,0|0,0|0,0|0,0|0,0|0,0|0,0|0,0|0,0|0,0|0,0|0,0|0,0|0,0|0,0|0
2ff4b13cd9aaa78ca3992b8ac0b55f32b1a5a2c6,0|0,0|0,0|0,0|0,0|0,0|0,0|0,0|0,0|0,0|0,0|0,0|0,0|0,0|0,0|0,0|0,0|0,0|0,0|0,0|0,0|0,0|0,0|0,0|0
c91804c5d94bfb8c36d82bb4a8a262874746c6cf,0|0,0|0,0|0,0|0,0|0,0|0,0|0,0|0,0|0,0|0,0|0,0|0,0|0,0|0,0|0,0|0,0|0,0|0,0|0,0|0,0|0,0|0,0|0,0|0
d7f6579bc269b70bd9c07fb3653b9cf2d0a5ae3c,0|0,0|0,0|0,0|0,0|0,0|0,0|0,0|0,0|0,0|0,0|0,0|0,0|0,0|0,0|0,0|0,0|0,0|0,0|0,0|0,0|0,0|0,0|0,0|0
3f67e7e7435b24abb16b54ace8b2d3fa21b57b89,0|0,0|0,0|0,0|0,0|0,0|0,0|0,0|0,0|0,0|0,0|0,0|0,0|0,0|0,0|0,0|0,0|0,0|0,0|0,0|0,0|0,0|0,0|0,0|0
7d0bf4d959b140c7750d9d21502adc5c97564237,0|0,0|0,0|0,0|0,0|0,0|0,0|0,0|0,0|0,0|0,0|0,0|0,0|0,0|0,0|0,0|0,0|0,0|0,0|0,0|0,0|0,0|0,0|0,0|0
8e43fb0650fabb8ca34775510e1e33ce6e48fc2a,0|0,0|0,0|0,0|0,0|0,0|0,0|0,0|0,0|0,0|0,0|0,0|0,0|0,0|0,0|0,0|0,0|0,0|0,0|0,0|0,0|0,0|0,0|0,0|0
58abf07c40936ade9c1c595eb5add64dbb0318f3,0|0,0|0,0|0,0|0,0|0,0|0,0|0,0|0,0|0,0|0,0|0,0|0,0|0,0|0,0|0,0|0,0|0,0|0,0|0,0|0,0|0,0|0,0|0,0|0
e88e3431e963216de2085816a67b37b08bb15069,0|0,0|0,0|0,0|0,0|0,0|0,0|0,0|0,0|0,0|0,0|0,0|0,0|0,0|0,0|0,0|0,0|0,0|0,0|0,0|0,0|0,0|0,0|0,0|0
59f727ac8d2a49e97fa8857ef9a2ccf195a11b0a,0|0,0|0,0|0,0|0,0|0,0|0,0|0,0|0,0|0,0|0,0|0,0|0,0|0,0|0,0|0,0|0,0|0,0|0,0|0,0|0,0|0,0|0,0|0,0|0
a9421b71c654118f52e822164374307f0d593204,0|0,0|0,0|0,0|0,0|0,0|0,0|0,0|0,0|0,0|0,0|0,0|0,0|0,0|0,0|0,0|0,0|0,0|0,0|0,0|0,0|0,0|0,0|0,0|0
6ed4e1caf4907594e3e348d6e59d73f1898effda,0|0,0|0,0|0,0|0,0|0,0|0,0|0,0|0,0|0,0|0,0|0,0|0,0|0,0|0,0|0,0|0,0|0,0|0,0|0,0|0,0|0,0|0,0|0,0|0
c58203d03b2c81de3d84c68985c59ce032a5abac,0|0,0|0,0|0,0|0,0|0,0|0,0|0,0|0,0|0,0|0,0|0,0|0,0|0,0|0,0|0,0|0,0|0,0|0,0|0,0|0,0|0,0|0,0|0,0|0
43289127be7168d0a7a78cc5018a252c4c0e859f,0|0,0|0,0|0,0|0,0|0,0|0,0|0,0|0,0|0,0|0,0|0,0|0,0|0,0|0,0|0,0|0,0|0,0|0,0|0,0|0,0|0,0|0,0|0,0|0
3fd25cd11bf4346bf63ca137d57897bf779dd2fb,0|0,0|0,0|0,0|0,0|0,0|0,0|0,0|0,0|0,0|0,0|0,0|0,0|0,0|0,0|0,0|0,0|0,0|0,0|0,0|0,0|0,0|0,0|0,0|0
dd63fb089cf7ab4b17f13e9d50aa809a5cb5dafc,0|0,0|0,0|0,0|0,0|0,0|0,0|0,0|0,0|0,0|0,0|0,0|0,0|0,0|0,0|0,0|0,0|0,0|0,0|0,0|0,0|0,0|0,0|0,0|0
d7737aa69484191bb3ce4e0c20dec10d79231820,0|0,0|0,0|0,0|0,0|0,0|0,0|0,0|0,0|0,0|0,0|0,0|0,0|0,0|0,0|0,0|0,0|0,0|0,0|0,0|0,0|0,0|0,0|0,0|0
f56be61b91bfc57983d826c5b4b926999a115676,0|0,0|0,0|0,0|0,0|0,0|0,0|0,0|0,0|0,0|0,0|0,0|0,0|0,0|0,0|0,0|0,0|0,0|0,0|0,0|0,0|0,0|0,0|0,0|0
4ec92c177f4eaf8ad73f592c32544d73b35795ad,0|0,0|0,0|0,0|0,0|0,0|0,0|0,0|0,0|0,0|0,0|0,0|0,0|0,0|0,0|0,0|0,0|0,0|0,0|0,0|0,0|0,0|0,0|0,0|0
fd90307716f4ec11f008b8b85839d6f04d61b5cc,0|0,0|0,0|0,0|0,0|0,0|0,0|0,0|0,0|0,0|0,0|0,0|0,0|0,0|0,0|0,0|0,0|0,0|0,0|0,0|0,0|0,0|0,0|0,0|0
2060c498267fc9d24375d3c1852ec9b3524879f7,0|0,0|0,0|0,0|0,0|0,0|0,0|0,0|0,0|0,0|0,0|0,0|0,0|0,0|0,0|0,0|0,0|0,0|0,0|0,0|0,0|0,0|0,0|0,0|0
9b6f7e1d083ddd2796734acee15db92841afa8a4,0|0,0|0,0|0,0|0,0|0,0|0,0|0,0|0,0|0,0|0,0|0,0|0,0|0,0|0,0|0,0|0,0|0,0|0,0|0,0|0,0|0,0|0,0|0,0|0
46cfe856729544e2383003c223adb8db6bad1780,0|0,0|0,0|0,0|0,0|0,0|0,0|0,0|0,0|0,0|0,0|0,0|0,0|0,0|0,0|0,0|0,0|0,0|0,0|0,0|0,0|0,0|0,0|0,0|0
53f980829d3c906ff1d0506212a3e2c8c83b2cb3,0|0,0|0,0|0,0|0,0|0,0|0,0|0,0|0,0|0,0|0,0|0,0|0,0|0,0|0,0|0,0|0,0|0,0|0,0|0,0|0,0|0,0|0,0|0,0|0
114f5ebdd560d64ec3b256c822a9eb127321aa3d,0|0,0|0,0|0,0|0,0|0,0|0,0|0,0|0,0|0,0|0,0|0,0|0,0|0,0|0,0|0,0|0,0|0,0|0,0|0,0|0,0|0,0|0,0|0,0|0
826ceea8c4cc59a67e34f724c596cba2c7e4889c,0|0,0|0,0|0,0|0,0|0,0|0,0|0,0|0,0|0,0|0,0|0,0|0,0|0,0|0,0|0,0|0,0|0,0|0,0|0,0|0,0|0,0|0,0|0,0|0
a59bc5256ee4f539ae47edd575dc1340356d922a,0|0,0|0,0|0,0|0,0|0,0|0,0|0,0|0,0|0,0|0,0|0,0|0,0|0,0|0,0|0,0|0,0|0,0|0,0|0,0|0,0|0,0|0,0|0,0|0
1a222ef4483b3b714bba0dad74ff33a53cd323c6,0|0,0|0,0|0,0|0,0|0,0|0,0|0,0|0,0|0,0|0,0|0,0|0,0|0,0|0,0|0,0|0,0|0,0|0,0|0,0|0,0|0,0|0,0|0,0|0
818b449fe8e67c8f0375e5992581fb8f58970c9a,0|0,0|0,0|0,0|0,0|0,0|0,0|0,0|0,0|0,0|0,0|0,0|0,0|0,0|0,0|0,0|0,0|0,0|0,0|0,0|0,0|0,0|0,0|0,0|0
463830bf7de8c4ab731c4d67c49ddc446f498f50,0|0,0|0,0|0,0|0,0|0,0|0,0|0,0|0,0|0,0|0,0|0,0|0,0|0,0|0,0|0,0|0,0|0,0|0,0|0,0|0,0|0,0|0,0|0,0|0
d40bcf98a4756270a9c2b13cdb366ee31a648d8e,0|0,0|0,0|0,0|0,0|0,0|0,0|0,0|0,0|0,0|0,0|0,0|0,0|0,0|0,0|0,0|0,0|0,0|0,0|0,0|0,0|0,0|0,0|0,0|0
3fe2a59034d1d23fd740a66deb8ffab2bdd1f0b2,0|0,0|0,0|0,0|0,0|0,0|0,0|0,0|0,0|0,0|0,0|0,0|0,0|0,0|0,0|0,0|0,0|0,0|0,0|0,0|0,0|0,0|0,0|0,0|0
19dc7e843388ceeb902185baff87e8efe69d2470,0|0,0|0,0|0,0|0,0|0,0|0,0|0,0|0,0|0,0|0,0|0,0|0,0|0,0|0,0|0,0|0,0|0,0|0,0|0,0|0,0|0,0|0,0|0,0|0
654364e9c89cdc5bd8dfd3adc84ec459450d3a18,0|0,0|0,0|0,0|0,0|0,0|0,0|0,0|0,0|0,0|0,0|0,0|0,0|0,0|0,0|0,0|0,0|0,0|0,0|0,0|0,0|0,0|0,0|0,0|0
80558d98bdb58a21dd4e55c122bc971fd7d2a9dd,0|0,0|0,0|0,0|0,0|0,0|0,0|0,0|0,0|0,0|0,0|0,0|0,0|0,0|0,0|0,0|0,0|0,0|0,0|0,0|0,0|0,0|0,0|0,0|0
c58ae63cf77e1c1e198f5169232066d09df0ff27,0|0,0|0,0|0,0|0,0|0,0|0,0|0,0|0,0|0,0|0,0|0,0|0,0|0,0|0,0|0,0|0,0|0,0|0,0|0,0|0,0|0,0|0,0|0,0|0
fbcb1612a5f030af89b0f0620e41c9f392698edb,0|0,0|0,0|0,0|0,0|0,0|0,0|0,0|0,0|0,0|0,0|0,0|0,0|0,0|0,0|0,0|0,0|0,0|0,0|0,0|0,0|0,0|0,0|0,0|0
44814f43179c379fb566bee36d28e16940a25e9d,0|0,0|0,0|0,0|0,0|0,0|0,0|0,0|0,0|0,0|0,0|0,0|0,0|0,0|0,0|0,0|0,0|0,0|0,0|0,0|0,0|0,0|0,0|0,0|0
f68c84ff46a63fde05ae2bdf3ebdec568c9c4613,0|0,0|0,0|0,0|0,0|0,0|0,0|0,0|0,0|0,0|0,0|0,0|0,0|0,0|0,0|0,0|0,0|0,0|0,0|0,0|0,0|0,0|0,0|0,0|0
f2e845c18531cf9582f4e71a3f146dce075ab4a9,0|0,0|0,0|0,0|0,0|0,0|0,0|0,0|0,0|0,0|0,0|0,0|0,0|0,0|0,0|0,0|0,0|0,0|0,0|0,0|0,0|0,0|0,0|0,0|0
d609508c3833170ba27760969ff99fcbe04fa771,0|0,0|0,0|0,0|0,0|0,0|0,0|0,0|0,0|0,0|0,0|0,0|0,0|0,0|0,0|0,0|0,0|0,0|0,0|0,0|0,0|0,0|0,0|0,0|0
cb8f462b570706064cc3134e52990a08a12e5cdf,0|0,0|0,0|0,0|0,0|0,0|0,0|0,0|0,0|0,0|0,0|0,0|0,0|0,0|0,0|0,0|0,0|0,0|0,0|0,0|0,0|0,0|0,0|0,0|0
b898b8ae4e2b0e41d921897d62a1391d5d1f7199,0|0,0|0,0|0,0|0,0|0,0|0,0|0,0|0,0|0,0|0,0|0,0|0,0|0,0|0,0|0,0|0,0|0,0|0,0|0,0|0,0|0,0|0,0|0,0|0
8737f5c217d1cc873b868dab79efb61b96187b64,0|0,0|0,0|0,0|0,0|0,0|0,0|0,0|0,0|0,0|0,0|0,0|0,0|0,0|0,0|0,0|0,0|0,0|0,0|0,0|0,0|0,0|0,0|0,0|0
f3960a536ee67d81c5dfb800661253dbcff345cd,0|0,0|0,0|0,0|0,0|0,0|0,0|0,0|0,0|0,0|0,0|0,0|0,0|0,0|0,0|0,0|0,0|0,0|0,0|0,0|0,0|0,0|0,0|0,0|0
0144d51c324b46886ef7412a0c80b0b8f53120f6,0|0,0|0,0|0,0|0,0|0,0|0,0|0,0|0,0|0,0|0,0|0,0|0,0|0,0|0,0|0,0|0,0|0,0|0,0|0,0|0,0|0,0|0,0|0,0|0
6652c86ab34aed5aaf3e1211ba75cea982ad269c,0|0,0|0,0|0,0|0,0|0,0|0,0|0,0|0,0|0,0|0,0|0,0|0,0|0,0|0,0|0,0|0,0|0,0|0,0|0,0|0,0|0,0|0,0|0,0|0
0d0eca1a99dc2ddb9b798ad3b0794083e2741dd6,0|0,0|0,0|0,0|0,0|0,0|0,0|0,0|0,0|0,0|0,0|0,0|0,0|0,0|0,0|0,0|0,0|0,0|0,0|0,0|0,0|0,0|0,0|0,0|0
0ad23b0abcaf50bd6c465157870e3b0877d654c2,0|0,0|0,0|0,0|0,0|0,0|0,0|0,0|0,0|0,0|0,0|0,0|0,0|0,0|0,0|0,0|0,0|0,0|0,0|0,0|0,0|0,0|0,0|0,0|0
6143086502567c5c4bb5cacb2951f664ba28ed6e,0|0,0|0,0|0,0|0,0|0,0|0,0|0,0|0,0|0,0|0,0|0,0|0,0|0,0|0,0|0,0|0,0|0,0|0,0|0,0|0,0|0,0|0,0|0,0|0
70df0479771fa28e927c01de4c5ca95f1e63ebba,0|0,0|0,0|0,0|0,0|0,0|0,0|0,0|0,0|0,0|0,0|0,0|0,0|0,0|0,0|0,0|0,0|0,0|0,0|0,0|0,0|0,0|0,0|0,0|0
c37268ca2cc2464ec6f739b8c42eb5ff630e2b58,0|0,0|0,0|0,0|0,0|0,0|0,0|0,0|0,0|0,0|0,0|0,0|0,0|0,0|0,0|0,0|0,0|0,0|0,0|0,0|0,0|0,0|0,0|0,0|0
05ef3b73ee1fa2efc2e61a71b3c7f91e75af08f8,0|0,0|0,0|0,0|0,0|0,0|0,0|0,0|0,0|0,0|0,0|0,0|0,0|0,0|0,0|0,0|0,0|0,0|0,0|0,0|0,0|0,0|0,0|0,0|0
fda1e0375d26723983a264e4f12bcecdec5aa4a6,0|0,0|0,0|0,0|0,0|0,0|0,0|0,0|0,0|0,0|0,0|0,0|0,0|0,0|0,0|0,0|0,0|0,0|0,0|0,0|0,0|0,0|0,0|0,0|0
f24ad2cd62b7a083056266e4bff580891ea61fcd,0|0,0|0,0|0,0|0,0|0,0|0,0|0,0|0,0|0,0|0,0|0,0|0,0|0,0|0,0|0,0|0,0|0,0|0,0|0,0|0,0|0,0|0,0|0,0|0
be6633ae347043097902898cf529fff7144949af,0|0,0|0,0|0,0|0,0|0,0|0,0|0,0|0,0|0,0|0,0|0,0|0,0|0,0|0,0|0,0|0,0|0,0|0,0|0,0|0,0|0,0|0,0|0,0|0
dcd20d9fabfac4398af6c49944dc1c99e0abb6e0,0|0,0|0,0|0,0|0,0|0,0|0,0|0,0|0,0|0,0|0,0|0,0|0,0|0,0|0,0|0,0|0,0|0,0|0,0|0,0|0,0|0,0|0,0|0,0|0
839a2e94647e5a4f7d59967235e42f157ff038d2,0|0,0|0,0|0,0|0,0|0,0|0,0|0,0|0,0|0,0|0,0|0,0|0,0|0,0|0,0|0,0|0,0|0,0|0,0|0,0|0,0|0,0|0,0|0,0|0
19cd41cb9e39b0bbfec759a530849136a8801adc,0|0,0|0,0|0,0|0,0|0,0|0,0|0,0|0,0|0,0|0,0|0,0|0,0|0,0|0,0|0,0|0,0|0,0|0,0|0,0|0,0|0,0|0,0|0,0|0
46bcc366152ce20b899572433b55a085f9a54ad2,0|0,0|0,0|0,0|0,0|0,0|0,0|0,0|0,0|0,0|0,0|0,0|0,0|0,0|0,0|0,0|0,0|0,0|0,0|0,0|0,0|0,0|0,0|0,0|0
c1634e743aab4822e05fbb7dc41fd6ab21ec6982,0|0,0|0,0|0,0|0,0|0,0|0,0|0,0|0,0|0,0|0,0|0,0|0,0|0,0|0,0|0,0|0,0|0,0|0,0|0,0|0,0|0,0|0,0|0,0|0
ffd74ecbfdd527e30da4a72e3ecfe069805012a2,0|0,0|0,0|0,0|0,0|0,0|0,0|0,0|0,0|0,0|0,0|0,0|0,0|0,0|0,0|0,0|0,0|0,0|0,0|0,0|0,0|0,0|0,0|0,0|0
7ed911e0ba88bb85688ece3dfb4b5a43186ede9b,0|0,0|0,0|0,0|0,0|0,0|0,0|0,0|0,0|0,0|0,0|0,0|0,0|0,0|0,0|0,0|0,0|0,0|0,0|0,0|0,0|0,0|0,0|0,0|0
26f4d4465c9452ca698be79809d7a00d4c377d54,0|0,0|0,0|0,0|0,0|0,0|0,0|0,0|0,0|0,0|0,0|0,0|0,0|0,0|0,0|0,0|0,0|0,0|0,0|0,0|0,0|0,0|0,0|0,0|0
3e0fd29c75fcabaa01fa5f0f34adb262c1825371,0|0,0|0,0|0,0|0,0|0,0|0,0|0,0|0,0|0,0|0,0|0,0|0,0|0,0|0,0|0,0|0,0|0,0|0,0|0,0|0,0|0,0|0,0|0,0|0
93434e041c53860398044ab6c0735230b389278b,0|0,0|0,0|0,0|0,0|0,0|0,0|0,0|0,0|0,0|0,0|0,0|0,0|0,0|0,0|0,0|0,0|0,0|0,0|0,0|0,0|0,0|0,0|0,0|0
a616e851373a73cdd30ae69ad92351465d1419ea,0|0,0|0,0|0,0|0,0|0,0|0,0|0,0|0,0|0,0|0,0|0,0|0,0|0,0|0,0|0,0|0,0|0,0|0,0|0,0|0,0|0,0|0,0|0,0|0
dba4bdf1becefd4e5632b682da017e3effc7dc17,0|0,0|0,0|0,0|0,0|0,0|0,0|0,0|0,0|0,0|0,0|0,0|0,0|0,0|0,0|0,0|0,0|0,0|0,0|0,0|0,0|0,0|0,0|0,0|0
07638e1cac22e76c2f59c9988feabd467a15c340,0|0,0|0,0|0,0|0,0|0,0|0,0|0,0|0,0|0,0|0,0|0,0|0,0|0,0|0,0|0,0|0,0|0,0|0,0|0,0|0,0|0,0|0,0|0,0|0
ca51cc55e8ea1ead5d26aa4ede90b58c07e8d893,0|0,0|0,0|0,0|0,0|0,0|0,0|0,0|0,0|0,0|0,0|0,0|0,0|0,0|0,0|0,0|0,0|0,0|0,0|0,0|0,0|0,0|0,0|0,0|0
fc2448c27362837758f5b777f25fc7d2fe420c82,0|0,0|0,0|0,0|0,0|0,0|0,0|0,0|0,0|0,0|0,0|0,0|0,0|0,0|0,0|0,0|0,0|0,0|0,0|0,0|0,0|0,0|0,0|0,0|0
279cc9ec8d3fd5ad94aa0df730dac6e9ec0ead8f,0|0,0|0,0|0,0|0,0|0,0|0,0|0,0|0,0|0,0|0,0|0,0|0,0|0,0|0,0|0,0|0,0|0,0|0,0|0,0|0,0|0,0|0,0|0,0|0
415d2cea57feecdd904f84d8aa25390d96843630,0|0,0|0,0|0,0|0,0|0,0|0,0|0,0|0,0|0,0|0,0|0,0|0,0|0,0|0,0|0,0|0,0|0,0|0,0|0,0|0,0|0,0|0,0|0,0|0
6125f1c56934745f3a4b81f6e512c11720849b55,0|0,0|0,0|0,0|0,0|0,0|0,0|0,0|0,0|0,0|0,0|0,0|0,0|0,0|0,0|0,0|0,0|0,0|0,0|0,0|0,0|0,0|0,0|0,0|0
f2d17a7d2c96494337839d257b0f08f28ddbc6fa,0|0,0|0,0|0,0|0,0|0,0|0,0|0,0|0,0|0,0|0,0|0,0|0,0|0,0|0,0|0,0|0,0|0,0|0,0|0,0|0,0|0,0|0,0|0,0|0
f3ad960fa36e263684fd0822a14cb72e8f1b2d5c,0|0,0|0,0|0,0|0,0|0,0|0,0|0,0|0,0|0,0|0,0|0,0|0,0|0,0|0,0|0,0|0,0|0,0|0,0|0,0|0,0|0,0|0,0|0,0|0
c04f61e9b5747763dcf31c4e26eb3739c16e58a5,0|0,0|0,0|0,0|0,0|0,0|0,0|0,0|0,0|0,0|0,0|0,0|0,0|0,0|0,0|0,0|0,0|0,0|0,0|0,0|0,0|0,0|0,0|0,0|0
e13611a942095dfea0944fe28836934c17c2ef6c,0|0,0|0,0|0,0|0,0|0,0|0,0|0,0|0,0|0,0|0,0|0,0|0,0|0,0|0,0|0,0|0,0|0,0|0,0|0,0|0,0|0,0|0,0|0,0|0
878cff4a443fe5b3b49aae61953de1bbddeddc8a,0|0,0|0,0|0,0|0,0|0,0|0,0|0,0|0,0|0,0|0,0|0,0|0,0|0,0|0,0|0,0|0,0|0,0|0,0|0,0|0,0|0,0|0,0|0,0|0
20072b3ed83e961da8a66120368ac591b569bc0e,0|0,0|0,0|0,0|0,0|0,0|0,0|0,0|0,0|0,0|0,0|0,0|0,0|0,0|0,0|0,0|0,0|0,0|0,0|0,0|0,0|0,0|0,0|0,0|0
334c76adaaa2c6c916b9326f3da6ab4981a07c7d,0|0,0|0,0|0,0|0,0|0,0|0,0|0,0|0,0|0,0|0,0|0,0|0,0|0,0|0,0|0,0|0,0|0,0|0,0|0,0|0,0|0,0|0,0|0,0|0
abb4c730c6c283018f42500842c734d67deaf619,0|0,0|0,0|0,0|0,0|0,0|0,0|0,0|0,0|0,0|0,0|0,0|0,0|0,0|0,0|0,0|0,0|0,0|0,0|0,0|0,0|0,0|0,0|0,0|0
ccf7c990c8297ca7089619b629990c79bc32b8ef,0|0,0|0,0|0,0|0,0|0,0|0,0|0,0|0,0|0,0|0,0|0,0|0,0|0,0|0,0|0,0|0,0|0,0|0,0|0,0|0,0|0,0|0,0|0,0|0
e8f773b0e3f82157107ac6eb8d1fb17b2aae5d17,0|0,0|0,0|0,0|0,0|0,0|0,0|0,0|0,0|0,0|0,0|0,0|0,0|0,0|0,0|0,0|0,0|0,0|0,0|0,0|0,0|0,0|0,0|0,0|0
9936a58154e145f2761db5c6816d700cfb4f3d31,0|0,0|0,0|0,0|0,0|0,0|0,0|0,0|0,0|0,0|0,0|0,0|0,0|0,0|0,0|0,0|0,0|0,0|0,0|0,0|0,0|0,0|0,0|0,0|0
90af5ee56f84779d27a03fa2aaa59a6bd4ee90cf,0|0,0|0,0|0,0|0,0|0,0|0,0|0,0|0,0|0,0|0,0|0,0|0,0|0,0|0,0|0,0|0,0|0,0|0,0|0,0|0,0|0,0|0,0|0,0|0
f613a93feb5f323f08ccfe53549dad8784580e17,0|0,0|0,0|0,0|0,0|0,0|0,0|0,0|0,0|0,0|0,0|0,0|0,0|0,0|0,0|0,0|0,0|0,0|0,0|0,0|0,0|0,0|0,0|0,0|0
5e0ccef5f3c2864dbd7a966b55ca06282fa3b2c8,0|0,0|0,0|0,0|0,0|0,0|0,0|0,0|0,0|0,0|0,0|0,0|0,0|0,0|0,0|0,0|0,0|0,0|0,0|0,0|0,0|0,0|0,0|0,0|0
7f69840c2fbf73dc7601c17a3ade4db676858cf4,0|0,0|0,0|0,0|0,0|0,0|0,0|0,0|0,0|0,0|0,0|0,0|0,0|0,0|0,0|0,0|0,0|0,0|0,0|0,0|0,0|0,0|0,0|0,0|0
79b3a42db9059537318d85876623860d212ab159,0|0,0|0,0|0,0|0,0|0,0|0,0|0,0|0,0|0,0|0,0|0,0|0,0|0,0|0,0|0,0|0,0|0,0|0,0|0,0|0,0|0,0|0,0|0,0|0
c11aebe327d4a850fb9cb0af82655539ec768a68,0|0,0|0,0|0,0|0,0|0,0|0,0|0,0|0,0|0,0|0,0|0,0|0,0|0,0|0,0|0,0|0,0|0,0|0,0|0,0|0,0|0,0|0,0|0,0|0
7de2df29cb1c9f6b807b8e4b8bc09a1313303db3,0|0,0|0,0|0,0|0,0|0,0|0,0|0,0|0,0|0,0|0,0|0,0|0,0|0,0|0,0|0,0|0,0|0,0|0,0|0,0|0,0|0,0|0,0|0,0|0
b52f3fad9f0340ce29f098d048f77e2d8f991e30,0|0,0|0,0|0,0|0,0|0,0|0,0|0,0|0,0|0,0|0,0|0,0|0,0|0,0|0,0|0,0|0,0|0,0|0,0|0,0|0,0|0,0|0,0|0,0|0
c3a6fcdafecf320f65fd80acb1616f2fe81f1273,0|0,0|0,0|0,0|0,0|0,0|0,0|0,0|0,0|0,0|0,0|0,0|0,0|0,0|0,0|0,0|0,0|0,0|0,0|0,0|0,0|0,0|0,0|0,0|0
3c36c9b9562966ddc00d487447a42c622323ec8b,0|0,0|0,0|0,0|0,0|0,0|0,0|0,0|0,0|0,0|0,0|0,0|0,0|0,0|0,0|0,0|0,0|0,0|0,0|0,0|0,0|0,0|0,0|0,0|0
28a8082c096b8ecdc79ddbc33a032c63854c7186,0|0,0|0,0|0,0|0,0|0,0|0,0|0,0|0,0|0,0|0,0|0,0|0,0|0,0|0,0|0,0|0,0|0,0|0,0|0,0|0,0|0,0|0,0|0,0|0
e86126bc45f6cf6b1c3d67e13de96aeaa5e58805,0|0,0|0,0|0,0|0,0|0,0|0,0|0,0|0,0|0,0|0,0|0,0|0,0|0,0|0,0|0,0|0,0|0,0|0,0|0,0|0,0|0,0|0,0|0,0|0
f4a3b994be8f7904caeb5d58eaa14952ad39f2ea,0|0,0|0,0|0,0|0,0|0,0|0,0|0,0|0,0|0,0|0,0|0,0|0,0|0,0|0,0|0,0|0,0|0,0|0,0|0,0|0,0|0,0|0,0|0,0|0
84bf64be293d15dc50ec84d060681e19954b7265,0|0,0|0,0|0,0|0,0|0,0|0,0|0,0|0,0|0,0|0,0|0,0|0,0|0,0|0,0|0,0|0,0|0,0|0,0|0,0|0,0|0,0|0,0|0,0|0
60ea4e06f01efa7b4c89c91904ab16eeda6557eb,0|0,0|0,0|0,0|0,0|0,0|0,0|0,0|0,0|0,0|0,0|0,0|0,0|0,0|0,0|0,0|0,0|0,0|0,0|0,0|0,0|0,0|0,0|0,0|0
27e813cfa3ad1cf866ffb83fc2d9eb41daafe257,0|0,0|0,0|0,0|0,0|0,0|0,0|0,0|0,0|0,0|0,0|0,0|0,0|0,0|0,0|0,0|0,0|0,0|0,0|0,0|0,0|0,0|0,0|0,0|0
fea4ef94bda646f17079a8a28e318ff9a46096c8,0|0,0|0,0|0,0|0,0|0,0|0,0|0,0|0,0|0,0|0,0|0,0|0,0|0,0|0,0|0,0|0,0|0,0|0,0|0,0|0,0|0,0|0,0|0,0|0
a09710cdbef3745933e4c5de26cb76467782acaa,0|0,0|0,0|0,0|0,0|0,0|0,0|0,0|0,0|0,0|0,0|0,0|0,0|0,0|0,0|0,0|0,0|0,0|0,0|0,0|0,0|0,0|0,0|0,0|0
7822d8d0553e3d93516956b588f9db8086204499,0|0,0|0,0|0,0|0,0|0,0|0,0|0,0|0,0|0,0|0,0|0,0|0,0|0,0|0,0|0,0|0,0|0,0|0,0|0,0|0,0|0,0|0,0|0,0|0
6e3e8dafa3c5c4b016fc1f0ac8f56eefcd1dda60,0|0,0|0,0|0,0|0,0|0,0|0,0|0,0|0,0|0,0|0,0|0,0|0,0|0,0|0,0|0,0|0,0|0,0|0,0|0,0|0,0|0,0|0,0|0,0|0
6ad0fffc8c71d617c8433665b75071f09ab423a3,0|0,0|0,0|0,0|0,0|0,0|0,0|0,0|0,0|0,0|0,0|0,0|0,0|0,0|0,0|0,0|0,0|0,0|0,0|0,0|0,0|0,0|0,0|0,0|0
10f1516b75a9bb98dbf4a25c8dcfd01ff2d40975,0|0,0|0,0|0,0|0,0|0,0|0,0|0,0|0,0|0,0|0,0|0,0|0,0|0,0|0,0|0,0|0,0|0,0|0,0|0,0|0,0|0,0|0,0|0,0|0
2e672f33a860e60e6ce42b77a07713558fb0507d,0|0,0|0,0|0,0|0,0|0,0|0,0|0,0|0,0|0,0|0,0|0,0|0,0|0,0|0,0|0,0|0,0|0,0|0,0|0,0|0,0|0,0|0,0|0,0|0
a809db76f4fa9e1425599c9a0ca4999a1fd88b44,0|0,0|0,0|0,0|0,0|0,0|0,0|0,0|0,0|0,0|0,0|0,0|0,0|0,0|0,0|0,0|0,0|0,0|0,0|0,0|0,0|0,0|0,0|0,0|0
5dc826f0bbe3b462f1fdcefb8fcfa6830ee7ecc9,0|0,0|0,0|0,0|0,0|0,0|0,0|0,0|0,0|0,0|0,0|0,0|0,0|0,0|0,0|0,0|0,0|0,0|0,0|0,0|0,0|0,0|0,0|0,0|0
85d44d0c7f8edc4e0480654ef42790b7a20d59e8,0|0,0|0,0|0,0|0,0|0,0|0,0|0,0|0,0|0,0|0,0|0,0|0,0|0,0|0,0|0,0|0,0|0,0|0,0|0,0|0,0|0,0|0,0|0,0|0
64ae397c16c48274f25b4ea5a30ce65410ca32af,0|0,0|0,0|0,0|0,0|0,0|0,0|0,0|0,0|0,0|0,0|0,0|0,0|0,0|0,0|0,0|0,0|0,0|0,0|0,0|0,0|0,0|0,0|0,0|0
b9e33b7be467614bd4601d162292afdbf541d109,0|0,0|0,0|0,0|0,0|0,0|0,0|0,0|0,0|0,0|0,0|0,0|0,0|0,0|0,0|0,0|0,0|0,0|0,0|0,0|0,0|0,0|0,0|0,0|0
27007583af8884582b57a23d5aa43a5665928de1,0|0,0|0,0|0,0|0,0|0,0|0,0|0,0|0,0|0,0|0,0|0,0|0,0|0,0|0,0|0,0|0,0|0,0|0,0|0,0|0,0|0,0|0,0|0,0|0
6285a68f81464a5b96639034cf6aa2c49069f920,0|0,0|0,0|0,0|0,0|0,0|0,0|0,0|0,0|0,0|0,0|0,0|0,0|0,0|0,0|0,0|0,0|0,0|0,0|0,0|0,0|0,0|0,0|0,0|0
89141250d1c5262b2cfc5d41b05d1a30f2c7092e,0|0,0|0,0|0,0|0,0|0,0|0,0|0,0|0,0|0,0|0,0|0,0|0,0|0,0|0,0|0,0|0,0|0,0|0,0|0,0|0,0|0,0|0,0|0,0|0
2051536d4ccc99690db292bd9858f2a455e0fba8,0|0,0|0,0|0,0|0,0|0,0|0,0|0,0|0,0|0,0|0,0|0,0|0,0|0,0|0,0|0,0|0,0|0,0|0,0|0,0|0,0|0,0|0,0|0,0|0
4dbb9913f7d535b85383c4257df8b1a7301bfbd8,0|0,0|0,0|0,0|0,0|0,0|0,0|0,0|0,0|0,0|0,0|0,0|0,0|0,0|0,0|0,0|0,0|0,0|0,0|0,0|0,0|0,0|0,0|0,0|0
d06b5988058e49301178d1784b3dc077bde34000,0|0,0|0,0|0,0|0,0|0,0|0,0|0,0|0,0|0,0|0,0|0,0|0,0|0,0|0,0|0,0|0,0|0,0|0,0|0,0|0,0|0,0|0,0|0,0|0
62909e2a9f1b9e3ad9a7ba56b073242ef8f8ab8e,0|0,0|0,0|0,0|0,0|0,0|0,0|0,0|0,0|0,0|0,0|0,0|0,0|0,0|0,0|0,0|0,0|0,0|0,0|0,0|0,0|0,0|0,0|0,0|0
2425ce962eed21f216d87470cef26c59805fc5c4,0|0,0|0,0|0,0|0,0|0,0|0,0|0,0|0,0|0,0|0,0|0,0|0,0|0,0|0,0|0,0|0,0|0,0|0,0|0,0|0,0|0,0|0,0|0,0|0
d8ca374b1977601246ce4a20370c7b78441a01aa,0|0,0|0,0|0,0|0,0|0,0|0,0|0,0|0,0|0,0|0,0|0,0|0,0|0,0|0,0|0,0|0,0|0,0|0,0|0,0|0,0|0,0|0,0|0,0|0
7f5136fb7dbe33cef04e01790c174032f63d00c2,0|0,0|0,0|0,0|0,0|0,0|0,0|0,0|0,0|0,0|0,0|0,0|0,0|0,0|0,0|0,0|0,0|0,0|0,0|0,0|0,0|0,0|0,0|0,0|0
aa570fbffd267c3795492be67348975affbc780e,0|0,0|0,0|0,0|0,0|0,0|0,0|0,0|0,0|0,0|0,0|0,0|0,0|0,0|0,0|0,0|0,0|0,0|0,0|0,0|0,0|0,0|0,0|0,0|0
f1b89dffb48a242dbac4787a500ed380daab33df,0|0,0|0,0|0,0|0,0|0,0|0,0|0,0|0,0|0,0|0,0|0,0|0,0|0,0|0,0|0,0|0,0|0,0|0,0|0,0|0,0|0,0|0,0|0,0|0
5098983e426ac74bf0d1edaf5e8902bab72e5947,0|0,0|0,0|0,0|0,0|0,0|0,0|0,0|0,0|0,0|0,0|0,0|0,0|0,0|0,0|0,0|0,0|0,0|0,0|0,0|0,0|0,0|0,0|0,0|0
7c1d3ccd1ae10dd81cbcfc84d1dd984534cf2caa,0|0,0|0,0|0,0|0,0|0,0|0,0|0,0|0,0|0,0|0,0|0,0|0,0|0,0|0,0|0,0|0,0|0,0|0,0|0,0|0,0|0,0|0,0|0,0|0
231897568c45c5821c6515ca88c98d1885060f97,0|0,0|0,0|0,0|0,0|0,0|0,0|0,0|0,0|0,0|0,0|0,0|0,0|0,0|0,0|0,0|0,0|0,0|0,0|0,0|0,0|0,0|0,0|0,0|0
ac70212aefe0d27662dc48bcce4302057dd5f507,0|0,0|0,0|0,0|0,0|0,0|0,0|0,0|0,0|0,0|0,0|0,0|0,0|0,0|0,0|0,0|0,0|0,0|0,0|0,0|0,0|0,0|0,0|0,0|0
6806b2d7f6bc892a66f26c2ace83ad3f7b1f50d9,0|0,0|0,0|0,0|0,0|0,0|0,0|0,0|0,0|0,0|0,0|0,0|0,0|0,0|0,0|0,0|0,0|0,0|0,0|0,0|0,0|0,0|0,0|0,0|0
d89f1fe0e1dfd23187aeccd518cb988e7083ec7d,0|0,0|0,0|0,0|0,0|0,0|0,0|0,0|0,0|0,0|0,0|0,0|0,0|0,0|0,0|0,0|0,0|0,0|0,0|0,0|0,0|0,0|0,0|0,0|0
9c7e845e25cdb899cd833e96a46ef7d6dd8fb6be,0|0,0|0,0|0,0|0,0|0,0|0,0|0,0|0,0|0,0|0,0|0,0|0,0|0,0|0,0|0,0|0,0|0,0|0,0|0,0|1,0|0,0|0,0|0,0|0
a121c8450cebc1cffae34b787138618a7fa8bdde,0|0,0|0,0|0,0|0,0|0,0|0,0|0,0|0,0|0,0|0,0|0,0|0,0|0,0|0,0|0,0|0,0|0,0|0,0|0,0|1,0|0,0|0,0|0,0|0
1abb46f872a75576c441149ed24c7ca940e12295,0|0,0|0,0|0,0|0,0|0,0|0,0|0,0|0,0|0,0|0,0|0,0|0,0|0,0|0,0|0,0|0,0|0,0|0,0|0,0|1,0|0,0|0,0|0,0|0
7e20d76f9c735be9bd209b743d3c41d35dee9590,0|0,0|0,0|0,0|0,0|0,0|0,0|0,0|0,0|0,0|0,0|0,0|0,0|0,0|0,0|0,0|0,0|0,0|0,0|0,0|1,0|0,0|0,0|0,0|0
a9026fb7bd84aee50db06c16e633bb5fa5f767e2,0|0,0|0,0|0,0|0,0|0,0|0,0|0,0|0,0|0,0|0,0|0,0|0,0|0,0|0,0|0,0|0,0|0,0|0,0|0,0|1,0|0,0|0,0|0,0|0
2429986f3e55e3194016494c7acf3785c5c215ea,0|0,0|0,0|0,0|0,0|0,0|0,0|0,0|0,0|0,0|0,0|0,0|0,0|0,0|0,0|0,0|0,0|0,0|0,0|0,0|1,0|0,0|0,0|0,0|0
946f291cd057c4c1702b96db4393a986dbf976d7,0|0,0|0,0|0,0|0,0|0,0|0,0|0,0|0,0|0,0|0,0|0,0|0,0|0,0|0,0|0,0|0,0|0,0|0,0|0,0|1,0|0,0|0,0|0,0|0
5acbc150b2c12ea77111d845c06179507df976ae,0|0,0|0,0|0,0|0,0|0,0|0,0|0,0|0,0|0,0|0,0|0,0|0,0|0,0|0,0|0,0|0,0|0,0|0,0|0,0|1,0|0,0|0,0|0,0|0
96834310daf8285cf640432e31b7bbae05eb1e69,0|0,0|0,0|0,0|0,0|0,0|0,0|0,0|0,0|0,0|0,0|0,0|0,0|0,0|0,0|0,0|0,0|0,0|0,0|0,0|1,0|0,0|0,0|0,0|0
1f0375c2b001f2a06c025950fcbc66f4ea5bd625,0|0,0|0,0|0,0|0,0|0,0|0,0|0,0|0,0|0,0|0,0|0,0|0,0|0,0|0,0|0,0|0,0|0,0|0,0|0,0|1,0|0,0|0,0|0,0|0
30211d88e8f7d30cba82ab12a77ed7786b0c0918,0|0,0|0,0|0,0|0,0|0,0|0,0|0,0|0,0|0,0|0,0|0,0|0,0|0,0|0,0|0,0|0,0|0,0|0,0|0,0|1,0|0,0|0,0|0,0|0
126f249c9ddd01f080b92e19449082a0c97f1182,0|0,0|0,0|0,0|0,0|0,0|0,0|0,0|0,0|0,0|0,0|0,0|0,0|0,0|0,0|0,0|0,0|0,0|0,0|0,0|1,0|0,0|0,0|0,0|0
5c4d6f2830bb2130d5cfe6c7dfe83ccd6309ba5b,0|0,0|0,0|0,0|0,0|0,0|0,0|0,0|0,0|0,0|0,0|0,0|0,0|0,0|0,0|0,0|0,0|0,0|0,0|0,0|1,0|0,0|0,0|0,0|0
32dfa909d8f0ca952477327407a65b63ac5bce7b,0|0,0|0,0|0,0|0,0|0,0|0,0|0,0|0,0|0,0|0,0|0,0|0,0|0,0|0,0|0,0|0,0|0,0|0,0|0,0|1,0|0,0|0,0|0,0|0
7018ee74f87932e89b33c5647e8c9ab716e4e187,0|0,0|0,0|0,0|0,0|0,0|0,0|0,0|0,0|0,0|0,0|0,0|0,0|0,0|0,0|0,0|0,0|0,0|0,0|0,0|1,0|0,0|0,0|0,0|0
f94527b649cf643c56dd5f719cf9afc7308019ba,0|0,0|0,0|0,0|0,0|0,0|0,0|0,0|0,0|0,0|0,0|0,0|0,0|0,0|0,0|0,0|0,0|0,0|0,0|0,0|1,0|0,0|0,0|0,0|0
799429155aef0debfe302c74847102b2971d40fc,0|0,0|0,0|0,0|0,0|0,0|0,0|0,0|0,0|0,0|0,0|0,0|0,0|0,0|0,0|0,0|0,0|0,0|0,0|0,0|1,0|0,0|0,0|0,0|0
f0426dfc9bd8980254f436c8ed0e12174cabff3b,0|0,0|0,0|0,0|0,0|0,0|0,0|0,0|0,0|0,0|0,0|0,0|0,0|0,0|0,0|0,0|0,0|0,0|0,0|0,0|1,0|0,0|0,0|0,0|0
d4e394385f11e4c279da53d353f033a7a245f838,0|0,0|0,0|0,0|0,0|0,0|0,0|0,0|0,0|0,0|0,0|0,0|0,0|0,0|0,0|0,0|0,0|0,0|0,0|0,0|1,0|0,0|0,0|0,0|0
b65bee52e3721f9b9cfdee4f5ea8ab60f804a568,0|0,0|0,0|0,0|0,0|0,0|0,0|0,0|0,0|0,0|0,0|0,0|0,0|0,0|0,0|0,0|0,0|0,0|0,0|0,0|1,0|0,0|0,0|0,0|0
a01e107b744d372b5e26f40a78bd2d4724295a81,0|0,0|0,0|0,0|0,0|0,0|0,0|0,0|0,0|0,0|0,0|0,0|0,0|0,0|0,0|0,0|0,0|0,0|0,0|0,0|1,0|0,0|0,0|0,0|0
35dd2d0c6985cde5207fe36bccaaf608d6b24e45,0|0,0|0,0|0,0|0,0|0,0|0,0|0,0|0,0|0,0|0,0|0,0|0,0|0,0|0,0|0,0|0,0|0,0|0,0|0,0|1,0|0,0|0,0|0,0|0
80ab8903a0352b7d0659883817971fa7a82e6a98,0|0,0|0,0|0,0|0,0|0,0|0,0|0,0|0,0|0,0|0,0|0,0|0,0|0,0|0,0|0,0|0,0|0,0|0,0|0,0|1,0|0,0|0,0|0,0|0
4b316cbdfbedc9e7a69549df7fc51c03bfc795bc,0|0,0|0,0|0,0|0,0|0,0|0,0|0,0|0,0|0,0|0,0|0,0|0,0|0,0|0,0|0,0|0,0|0,0|0,0|0,0|1,0|0,0|0,0|0,0|0
28a980bba6f731f901906f57e5c1ee19f4155849,0|0,0|0,0|0,0|0,0|0,0|0,0|0,0|0,0|0,0|0,0|0,0|0,0|0,0|0,0|0,0|0,0|0,0|0,0|0,0|0,0|0,0|0,0|0,0|0
de6a982873ef3bb4f0e908ebcb0e45e46da8f67f,0|0,0|0,0|0,0|0,0|0,0|0,0|0,0|0,0|0,0|0,0|0,0|0,0|0,0|0,0|0,0|0,0|0,0|0,0|0,0|0,0|0,0|0,0|0,0|0
b99cfe31293069989fb3374ddeee0462eff08bd3,0|0,0|0,0|0,0|0,0|0,0|0,0|0,0|0,0|0,0|0,0|0,0|0,0|0,0|0,0|0,0|0,0|0,0|0,0|0,0|0,0|0,0|0,0|0,0|0
90fed3910f47103f01ac32476e239d471972b245,0|0,0|0,0|0,0|0,0|0,0|0,0|0,0|0,0|0,0|0,0|0,0|0,0|0,0|0,0|0,0|0,0|0,0|0,0|0,0|0,0|0,0|0,0|0,0|0
d03fbb18f931fbd70d701bdc83fffe4e2ffc2030,0|0,0|0,0|0,0|0,0|0,0|0,0|0,0|0,0|0,0|0,0|0,0|0,0|0,0|0,0|0,0|0,0|0,0|0,0|0,0|0,0|0,0|0,0|0,0|0
4b7bbe8d29ec500c77eb14a23b8468b312a2c973,0|0,0|0,0|0,0|0,0|0,0|0,0|0,0|0,0|0,0|0,0|0,0|0,0|0,0|0,0|0,0|0,0|0,0|0,0|0,0|0,0|0,0|0,0|0,0|0
a5ac702c53e63f641a6f8bb216446a30df8bd817,0|0,0|0,0|0,0|0,0|0,0|0,0|0,0|0,0|0,0|0,0|0,0|0,0|0,0|0,0|0,0|0,0|0,0|0,0|0,0|0,0|0,0|0,0|0,0|0
808a380ae2c46bbbe7629c5da6b5c56fb5a56821,0|0,0|0,0|0,0|0,0|0,0|0,0|0,0|0,0|0,0|0,0|0,0|0,0|0,0|0,0|0,0|0,0|0,0|0,0|0,0|0,0|0,0|0,0|0,0|0
009fe946ecdcb20a518465094ff9a402415286b7,0|0,0|0,0|0,0|0,0|0,0|0,0|0,0|0,0|0,0|0,0|0,0|0,0|0,0|0,0|0,0|0,0|0,0|0,0|0,0|0,0|0,0|0,0|0,0|0
3ec4ff2564a6920225d4183aa22f80ca5ed818c8,0|0,0|0,0|0,0|0,0|0,0|0,0|0,0|0,0|0,0|0,0|0,0|0,0|0,0|0,0|0,0|0,0|0,0|0,0|0,0|0,0|0,0|0,0|0,0|0
097358f7511f1955f7753157bd72b0c94aac3c08,0|0,0|0,0|0,0|0,0|0,0|0,0|0,0|0,0|0,0|0,0|0,0|0,0|0,0|0,0|0,0|0,0|0,0|0,0|0,0|0,0|0,0|0,0|0,0|0
df571b8eb6be02d0f01129a853ac4b96c4c545d1,0|0,0|0,0|0,0|0,0|0,0|0,0|0,0|0,0|0,0|0,0|0,0|0,0|0,0|0,0|0,0|0,0|0,0|0,0|0,0|0,0|0,0|0,0|0,0|0
aedeb2803aecc40f0dd386a735d98bf5cb44d7b7,0|0,0|0,0|0,0|0,0|0,0|0,0|0,0|0,0|0,0|0,0|0,0|0,0|0,0|0,0|0,0|0,0|0,0|0,0|0,0|0,0|0,0|0,0|0,0|0
e77aa7968f9aabcada00da2e9c628dc4274ed116,0|0,0|0,0|0,0|0,0|0,0|0,0|0,0|0,0|0,0|0,0|0,0|0,0|0,0|0,0|0,0|0,0|0,0|0,0|0,0|0,0|0,0|0,0|0,0|0
792ae9e1d3fe1b31f61a252079424dad53b5eebe,0|0,0|0,0|0,0|0,0|0,0|0,0|0,0|0,0|0,0|0,0|0,0|0,0|0,0|0,0|0,0|0,0|0,0|0,0|0,0|0,0|0,0|0,0|0,0|0
e830fbc8cc4c1327fd14cfc16f13f918412ed5b5,0|0,0|0,0|0,0|0,0|0,0|0,0|0,0|0,0|0,0|0,0|0,0|0,0|0,0|0,0|0,0|0,0|0,0|0,0|0,0|0,0|0,0|0,0|0,0|0
99415e2a2ce26bdbf4e910954330ea769de2c3f0,0|0,0|0,0|0,0|0,0|0,0|0,0|0,0|0,0|0,0|0,0|0,0|0,0|0,0|0,0|0,0|0,0|0,0|0,0|0,0|0,0|0,0|0,0|0,0|0
058725035372a41bab1d78fc83864a1a0237d575,0|0,0|0,0|0,0|0,0|0,0|0,0|0,0|0,0|0,0|0,0|0,0|0,0|0,0|0,0|0,0|0,0|0,0|0,0|0,0|0,0|0,0|0,0|0,0|0
2140d03e964563e9539295a337852bbb75b7ec92,0|0,0|0,0|0,0|0,0|0,0|0,0|0,0|0,0|0,0|0,0|0,0|0,0|0,0|0,0|0,0|0,0|0,0|0,0|0,0|0,0|0,0|0,0|0,0|0
a7c83d931761ad7d365149943ae9bff87d97bf91,0|0,0|0,0|0,0|0,0|0,0|0,0|0,0|0,0|0,0|0,0|0,0|0,0|0,0|0,0|0,0|0,0|0,0|0,0|0,0|0,0|0,0|0,0|0,0|0
b174dd4344094653861e2843b25c9c0ee128af7a,0|0,0|0,0|0,0|0,0|0,0|0,0|0,0|0,0|0,0|0,0|0,0|0,0|0,0|0,0|0,0|0,0|0,0|0,0|0,0|0,0|0,0|0,0|0,0|0
592697aace0fb35d605069c56244e6af9dc8970d,0|0,0|0,0|0,0|0,0|0,0|0,0|0,0|0,0|0,0|0,0|0,0|0,0|0,0|0,0|0,0|0,0|0,0|0,0|0,0|0,0|0,0|0,0|0,0|0
da25e53e33b7a675ee697ad8bc27c40ba75ced72,0|0,0|0,0|0,0|0,0|0,0|0,0|0,0|0,0|0,0|0,0|0,0|0,0|0,0|0,0|0,0|0,0|0,0|0,0|0,0|0,0|0,0|0,0|0,0|0
7a3e8845c659bc06a7e1a536306fc1f71e484812,0|0,0|0,0|0,0|0,0|0,0|0,0|0,0|0,0|0,0|0,0|0,0|0,0|0,0|0,0|0,0|0,0|0,0|0,0|0,0|0,0|0,0|0,0|0,0|0
55d41a2937d49f97da513acf64e42813b1439844,0|0,0|0,0|0,0|0,0|0,0|0,0|0,0|0,0|0,0|0,0|0,0|0,0|0,0|0,0|0,0|0,0|0,0|0,0|0,0|0,0|0,0|0,0|0,0|0
340cbee0cd43c71bd39fffac70cfd7387b196190,0|0,0|0,0|0,0|0,0|0,0|0,0|0,0|0,0|0,0|0,0|0,0|0,0|0,0|0,0|0,0|0,0|0,0|0,0|0,0|0,0|0,0|0,0|0,0|0
99bf38d69a5f620a321f522881ffafc5f99fc0c5,0|0,0|0,0|0,0|0,0|0,0|0,0|0,0|0,0|0,0|0,0|0,0|0,0|0,0|0,0|0,0|0,0|0,0|0,0|0,0|0,0|0,0|0,0|0,0|0
86691e8b92bb76d868a9d86bb0d780b691a237b1,0|0,0|0,0|0,0|0,0|0,0|0,0|0,0|0,0|0,0|0,0|0,0|0,0|0,0|0,0|0,0|0,0|0,0|0,0|0,0|0,0|0,0|0,0|0,0|0
0ab97e33fdd5aa979e6372523f801f976d67a8f2,0|0,0|0,0|0,0|0,0|0,0|0,0|0,0|0,0|0,0|0,0|0,0|0,0|0,0|0,0|0,0|0,0|0,0|0,0|0,0|0,0|0,0|0,0|0,0|0
7bfa464a56284f8f96abd169d5f54649edb69d44,0|0,0|0,0.5|0,0|0,0|0,0.5|0,0.5|0,0|0,0|0,0|0,0.5|0,0.5|0,0|0,0.5|0,0|0,0.5|0,0|0,0|0,0.5|0,0.5|0,0.5|0,0|0,0.5|0,0.5|0
c1f4b7c5ccfff3eb482a86267483cde1372dbaab,0|0,0|0,0.5|0,0|0,0|0,0.5|0,0.5|0,0|0,0|0,0|0,0.5|0,0.5|0,0|0,0.5|0,0|0,0.5|0,0|0,0|0,0.5|0,0.5|0,0.5|0,0|0,0.5|0,0.5|0
47c9dcf0d767d9b997f0114479572f4b661607ff,0|0,0|0,0.5|0,0|0,0|0,0.5|0,0.5|0,0|0,0|0,0|0,0.5|0,0.5|0,0|0,0.5|0,0|0,0.5|0,0|0,0|0,0.5|0,0.5|0,0.5|0,0|0,0.5|0,0.5|0
a2036c2f6b525a47517467b559cb59789b12d67d,0|0,0|0,0.5|0,0|0,0|0,0.5|0,0.5|0,0|0,0|0,0|0,0.5|0,0.5|0,0|0,0.5|0,0|0,0.5|0,0|0,0|0,0.5|0,0.5|0,0.5|0,0|0,0.5|0,0.5|0
f40f5ec21b5060619d14d325d5fd96711e5a4150,0|0,0|0,0.5|0,0|0,0|0,0.5|0,0.5|0,0|0,0|0,0|0,0.5|0,0.5|0,0|0,0.5|0,0|0,0.5|0,0|0,0|0,0.5|0,0.5|0,0.5|0,0|0,0.5|0,0.5|0
52644e76ed4cd95be10c0201d022ce87e4874e15,0|0,0|0,0.5|0,0|0,0|0,0.5|0,0.5|0,0|0,0|0,0|0,0.5|0,0.5|0,0|0,0.5|0,0|0,0.5|0,0|0,0|0,0.5|0,0.5|0,0.5|0,0|0,0.5|0,0.5|0
db16b32376877e062e1f7c04c908ee2c946cf420,0|0,0|0,0|0,0|0,0|0,0|0,0|0,0|0,0|0,0|0,0|0,0|0,0|0,0|0,0|0,0|0,0|0,0|0,0|0,0|0,0|0,0|0,0|0,0|0
fe0ae71f217ba5b2398fcb84b19dd1ba18560ff7,0|0,0|0,0.5|0,0|0,0|0,0.5|0,0.5|0,0|0,0|0,0|0,0.5|0,0.5|0,0|0,0.5|0,0|0,0.5|0,0|0,0|0,0.5|0,0.5|0,0.5|0,0|0,0.5|0,0.5|0
4bb1ddf429fe023fc43932725f7d7fdeadc2a506,0|0,0|0,0.5|0,0|0,0|0,0.5|0,0.5|0,0|0,0|0,0|0,0.5|0,0.5|0,0|0,0.5|0,0|0,0.5|0,0|0,0|0,0.5|0,0.5|0,0.5|0,0|0,0.5|0,0.5|0
9e1ffd856614fcfc0bb3b89501600827cc8705e7,0|0,0|0,0|0,0|0,0|0,0|0,0|0,0|0,0|0,0|0,0|0,0|0,0|0,0|0,0|0,0|0,0|0,0|0,0.5|1,0|0,0|0,0|0,0.5|1,0.5|1
a51190ad270a0099fc7c326fd001b53c51dd6ad5,0|0,0|0,0|0,0|0,0|0,0|0,0|0,0|0,0|0,0|0,0|0,0|0,0|0,0|0,0|0,0|0,0|0,0|0,0.5|1,0|0,0|0,0|0,0.5|1,0.5|1
54a02fa7c5283d01308fbc9acff2c295499d17f2,0|0,0|0,0|0,0|0,0|0,0|0,0|0,0|0,0|0,0|0,0|0,0|0,0|0,0|0,0|0,0|0,0|0,0|0,0.5|1,0|0,0|0,0|0,0.5|1,0.5|1
1f467ca2880fb7fb073ca4f897991d6903461e9c,0|0,0|0,0|0,0|0,0|0,0|0,0|0,0|0,0|0,0|0,0|0,0|0,0|0,0|0,0|0,0|0,0|0,0|0,0.5|1,0|0,0|0,0|0,0.5|1,0.5|1
24724906c4945bab4c15929fb92c556a4345f94e,0|0,0|0,0|0,0|0,0|0,0|0,0|0,0|0,0|0,0|0,0|0,0|0,0|0,0|0,0|0,0|0,0|0,0|0,0.5|1,0|0,0|0,0|0,0.5|1,0.5|1
958e70416c046ec5140101a65c532570a79fff45,0|0,0|0,0|0,0|0,0|0,0|0,0|0,0|0,0|0,0|0,0|0,0|0,0|0,0|0,0|0,0|0,0|0,0|0,0.5|1,0|0,0|0,0|0,0.5|1,0.5|1
d1aae5214012f764740eba65f8b47182ea3bd8e0,0|0,0|0,0|0,0|0,0|0,0|0,0|0,0|0,0|0,0|0,0|0,0|0,0|0,0|0,0|0,0|0,0|0,0|0,0.5|1,0|0,0|0,0|0,0.5|1,0.5|1
88539c4381ecc4f799144c058692c18e12f22619,0|0,0|0,0|0,0|0,0|0,0|0,0|0,0|0,0|0,0|0,0|0,0|0,0|0,0|0,0|0,0|0,0|0,0|0,0.5|1,0|0,0|0,0|0,0.5|1,0.5|1
927ed6130739194ec43d7f2d901eb584075b5866,0|0,0|0,0|0,0|0,0|0,0|0,0|0,0|0,0|0,0|0,0|0,0|0,0|0,0|0,0|0,0|0,0|0,0|0,0.5|1,0|0,0|0,0|0,0.5|1,0.5|1
3827169012585fa54c885fb360b5619b3aacc0c8,0|0,0|0,0|0,0|0,0|0,0|0,0|0,0|0,0|0,0|0,0|0,0|0,0|0,0|0,0|0,0|0,0|0,0|0,0.5|1,0|0,0|0,0|0,0.5|1,0.5|1
8db4cfa34e5e383bae503559ed9629408c4bbc0e,0|0,0|0,0|0,0|0,0|0,0|0,0|0,0|0,0|0,0|0,0|0,0|0,0|0,0|0,0|0,0|0,0|0,0|0,0.5|1,0|0,0|0,0|0,0.5|1,0.5|1
9db565de3d89235f625de07363f1cd726c43f8f2,0|0,0|0,0|0,0|0,0|0,0|0,0|0,0|0,0|0,0|0,0|0,0|0,0|0,0|0,0|0,0|0,0|0,0|0,0.5|1,0|0,0|0,0|0,0.5|1,0.5|1
b49eea478114759efe19e718c38e7deb00614b21,0|0,0|0,0|0,0|0,0|0,0|0,0|0,0|0,0|0,0|0,0|0,0|0,0|0,0|0,0|0,0|0,0|0,0|0,0.5|1,0|0,0|0,0|0,0.5|1,0.5|1
4b02440d377f0b29864d516e2c4c02bc21c8d85c,0|0,0|0,0|0,0|0,0|0,0|0,0|0,0|0,0|0,0|0,0|0,0|0,0|0,0|0,0|0,0|0,0|0,0|0,0.5|1,0|0,0|0,0|0,0.5|1,0.5|1
68bc6841bf6658ba09fba438dbe97f29c364efff,0|0,0|0,0|0,0|0,0|0,0|0,0|0,0|0,0|0,0|0,0|0,0|0,0|0,0|0,0|0,0|0,0|0,0|0,0.5|1,0|0,0|0,0|0,0.5|1,0.5|1
ce0f9caad542322d3341d764806152c04f26327a,0|0,0|0,0|0,0|0,0|0,0|0,0|0,0|0,0|0,0|0,0|0,0|0,0|0,0|0,0|0,0|0,0|0,0|0,0.5|1,0|0,0|0,0|0,0.5|1,0.5|1
4020780b2a8ef3adbfdfb56750b9ffd7a6c63d60,0|0,0|0,0|0,0|0,0|0,0|0,0|0,0|0,0|0,0|0,0|0,0|0,0|0,0|0,0|0,0|0,0|0,0|0,0.5|1,0|0,0|0,0|0,0.5|1,0.5|1
57de9bc403947898c16e92693fab2a245a79efed,0|0,0|0,0|0,0|0,0|0,0|0,0|0,0|0,0|0,0|0,0|0,0|0,0|0,0|0,0|0,0|0,0|0,0|0,0.5|1,0|0,0|0,0|0,0.5|1,0.5|1
e1fcf12882c48dbac49730d333aa21b0d594f8ca,0|0,0|0,0|0,0|0,0|0,0|0,0|0,0|0,0|0,0|0,0|0,0|0,0|0,0|0,0|0,0|0,0|0,0|0,0.5|1,0|0,0|0,0|0,0.5|1,0.5|1
1db42bc43a4fbe58f97ddb0ee1cbf9144f381d11,0|0,0|0,0|0,0|0,0|0,0|0,0|0,0|0,0|0,0|0,0|0,0|0,0|0,0|0,0|0,0|0,0|0,0|0,0.5|1,0|0,0|0,0|0,0.5|1,0.5|1
ab044ea4dde293ab99889b3826e6d09306c7ed7c,0|0,0|0,0|0,0|0,0|0,0|0,0|0,0|0,0|0,0|0,0|0,0|0,0|0,0|0,0|0,0|0,0|0,0|0,0.5|1,0|0,0|0,0|0,0.5|1,0.5|1
8f7231035d0409d525767c66d9f49f1f967ee1df,0|0,0|0,0|0,0|0,0|0,0|0,0|0,0|0,0|0,0|0,0|0,0|0,0|0,0|0,0|0,0|0,0|0,0|0,0.5|1,0|0,0|0,0|0,0.5|1,0.5|1
61b037bb881e85259f8df30c78d99ad3a357ed52,0|0,0|0,0|0,0|0,0|0,0|0,0|0,0|0,0|0,0|0,0|0,0|0,0|0,0|0,0|0,0|0,0|0,0|0,0.5|1,0|0,0|0,0|0,0.5|1,0.5|1
9fe927513825d495d63d096168862e4dad4cf20e,0|0,0|0,0|0,0|0,0|0,0|0,0|0,0|0,0|0,0|0,0|0,0|0,0|0,0|0,0|0,0|0,0|0,0|0,0|1,0|0,0|0,0|0,0.5|1,0.5|1
67f3ab0f3707f8cacb0ad3571fd04eb7a14d5d58,0|0,0|0,0|0,0|0,0|0,0|0,0|0,0|0,0|0,0|0,0|0,0|0,0|0,0|0,0|0,0|0,0|0,0|0,0|0,0|0,0|0,0|0,0.5|1,0.5|1
b63c363e42d48d74268dcb911c6d8a6602af4c52,0|0,0|0,0|0,0|0,0|0,0|0,0|0,0|0,0|0,0|0,0|0,0|0,0|0,0|0,0|0,0|0,0|0,0|0,0|0,0|0,0|0,0|0,0.5|1,0.5|1
31e5a5f972b137ec3738bfd565652270904f7112,0|0,0|0,0|0,0|0,0|0,0|0,0|0,0|0,0|0,0|0,0|0,0|0,0|0,0|0,0|0,0|0,0|0,0|0,0|0,0|0,0|0,0|0,0.5|1,0.5|1
b08332d60a458f64ad4186dbe137ef528881c683,0|0,0|0,0|0,0|0,0|0,0|0,0|0,0|0,0|0,0|0,0|0,0|0,0|0,0|0,0|0,0|0,0|0,0|0,0|0,0|0,0|0,0|0,0|0,0.5|1
a71551bd56efafecd1f00e7092ae89f74e69eaf6,0|0,0|0,0|0,0|0,0|0,0|0,0|0,0|0,0|0,0|0,0|0,0|0,0|0,0|0,0|0,0|0,0|0,0|0,0|0,0|0,0|0,0|0,0|0,0.5|1
5627ef618eda03eadd57cd5cbd8b65f15ff7dfdc,0|0,0|0,0|0,0|0,0|0,0|0,0|0,0|0,0|0,0|0,0|0,0|0,0|0,0|0,0|0,0|0,0|0,0|0,0|0,0|0,0|0,0|0,0|0,0.5|1
6a7d33abc6cae840023868ccdd946d0d8759f259,0|0,0|0,0|0,0|0,0|0,0|0,0|0,0|0,0|0,0|0,0|0,0|0,0|0,0|0,0|0,0|0,0|0,0|0,0|0,0|0,0|0,0|0,0|0,0.5|1
65ae5744347c9403c061585fa2fc9f5262f2f977,0|0,0|0,0|0,0|0,0|0,0|0,0|0,0|0,0|0,0|0,0|0,0|0,0|0,0|0,0|0,0|0,0|0,0|0,0|0,0|0,0|0,0|0,0|0,0.5|1
7278dabf370f5bb18b02c8fbbbf15ad59ce6712c,0|0,0|0,0|0,0|0,0|0,0|0,0|0,0|0,0|0,0|0,0|0,0|0,0|0,0|0,0|0,0|0,0|0,0|0,0|0,0|0,0|0,0|0,0|0,0|0
a6a6350ec24c043dad6d12d213e7e62d8f2d93fe,0|0,0|0,0|0,0|0,0|0,0|0,0|0,0|0,0|0,0|0,0|0,0|0,0|0,0|0,0|0,0|0,0|0,0|0,0|0,0|0,0|0,0|0,0|0,0|0
dd9c5616b1ab267eedbe6b39cb8f71dae95ae642,0|0,0|0,0|0,0|0,0|0,0|0,0|0,0|0,0|0,0|0,0|0,0|0,0|0,0|0,0|0,0|0,0|0,0|0,0|0,0|0,0|0,0|0,0|0,0|0
4ff46a6f609fbf886457bbab0f3253446b46a541,0|0,0|0,0|0,0|0,0|0,0|0,0|0,0|0,0|0,0|0,0|0,0|0,0|0,0|0,0|0,0|0,0|0,0|0,0|0,0|0,0|0,0|0,0|0,0|0
34031e91070843a33a18002dfcb09562232f675f,0|0,0|0,0|0,0|0,0|0,0|0,0|0,0|0,0|0,0|0,0|0,0|0,0|0,0|0,0|0,0|0,0|0,0|0,0|0,0|0,0|0,0|0,0|0,0|0
d4038e602edbe3fb9b9dbe2c51ff255cbbf70a6e,0|0,0|0,0|0,0|0,0|0,0|0,0|0,0|0,0|0,0|0,0|0,0|0,0|0,0|0,0|0,0|0,0|0,0|0,0|0,0|0,0|0,0|0,0|0,0|0
f19b844b45e5e9dc6050d28fba02aba99edecb8f,0|0,0|0,0|0,0|0,0|0,0|0,0|0,0|0,0|0,0|0,0|0,0|0,0|0,0|0,0|0,0|0,0|0,0|0,0|0,0|0,0|0,0|0,0|0,0|0
98c2667326a15a81e476c188aa15a017ae76a921,0|0,0|0,0|0,0|0,0|0,0|0,0|0,0|0,0|0,0|0,0|0,0|0,0|0,0|0,0|0,0|0,0|0,0|0,0|0,0|0,0|0,0|0,0|0,0|0
13325127d225967dc9f46d7948c895dafa25bbca,0|0,0|0,0|0,0|0,0|0,0|0,0|0,0|0,0|0,0|0,0|0,0|0,0|0,0|0,0|0,0|0,0|0,0|0,0|0,0|0,0|0,0|0,0|0,0|0
fdbafae580257734080fd6b91b9d73839a959b06,0|0,0|0,0|0,0|0,0|0,0|0,0|0,0|0,0|0,0|0,0|0,0|0,0|0,0|0,0|0,0|0,0|0,0|0,0|0,0|0,0|0,0|0,0|0,0|0
abdcfcfcdc0bcbfca02b9311c260a20275998271,0|0,0|0,0|0,0|0,0|0,0|0,0|0,0|0,0|0,0|0,0|0,0|0,0|0,0|0,0|0,0|0,0|0,0|0,0|0,0|0,0|0,0|0,0|0,0|0
e8eb76d6e0d7f860f717561500362ac9d25f3e8e,0|0,0|0,0|0,0|0,0|0,0|0,0|0,0|0,0|0,0|0,0|0,0|0,0|0,0|0,0|0,0|0,0|0,0|0,0|0,0|0,0|0,0|0,0|0,0|0
399efff16497a9bddb24c58d5374e4787cb795d8,0|0,0|0,0|0,0|0,0|0,0|0,0|0,0|0,0|0,0|0,0|0,0|0,0|0,0|0,0|0,0|0,0|0,0|0,0|0,0|0,0|0,0|0,0|0,0|0
7db7e8371d5230bf222d55852880001979ae8e93,0|0,0|0,0|0,0|0,0|0,0|0,0|0,0|0,0|0,0|0,0|0,0|0,0|0,0|0,0|0,0|0,0|0,0|0,0|0,0|0,0|0,0|0,0|0,0|0
3e11d0e335bfdf34db3ba5f61d52d1d19a60bdfe,0|0,0|0,0|0,0|0,0|0,0|0,0|0,0|0,0|0,0|0,0|0,0|0,0|0,0|0,0|0,0|0,0|0,0|0,0|0,0|0,0|0,0|0,0|0,0|0
cc01df0b97e5f79fafc067dfadc681feb6590571,0|0,0|0,0|0,0|0,0|0,0|0,0|0,0|0,0|0,0|0,0|0,0|0,0|0,0|0,0|0,0|0,0|0,0|0,0|0,0|0,0|0,0|0,0|0,0|0
6d0dd0025811744668ad82ec5f8bec6bf151f16e,0|0,0|0,0|0,0|0,0|0,0|0,0|0,0|0,0|0,0|0,0|0,0|0,0|0,0|0,0|0,0|0,0|0,0|0,0|0,0|0,0|0,0|0,0|0,0|0
5d2c3f721d78906486f1759b8cda87649a14c684,0|0,0|0,0|0,0|0,0|0,0|0,0|0,0|0,0|0,0|0,0|0,0|0,0|0,0|0,0|0,0|0,0|0,0|0,0|0,0|0,0|0,0|0,0|0,0|0
255dfcbfa2cfbb8fcb4735b7c3bee5744c30b3f7,0|0,0|0,0|0,0|0,0|0,0|0,0|0,0|0,0|0,0|0,0|0,0|0,0|0,0|0,0|0,0|0,0|0,0|0,0|0,0|0,0|0,0|0,0|0,0|0
3e54663232dd3ce80eae44de2093a2f34ff901de,0|0,0|0,0|0,0|0,0|0,0|0,0|0,0|0,0|0,0|0,0|0,0|0,0|0,0|0,0|0,0|0,0|0,0|0,0|0,0|0,0|0,0|0,0|0,0|0
7d3efee742cd13a5b23c057ee29a71a51c6f94a6,0|0,0|0,0|0,0|0,0|0,0|0,0|0,0|0,0|0,0|0,0|0,0|0,0|0,0|0,0|0,0|0,0|0,0|0,0|0,0|0,0|0,0|0,0|0,0|0
7ce510c92bb841ded9972cdfaefa527fe34a5e71,0|0,0|0,0|0,0|0,0|0,0|0,0|0,0|0,0|0,0|0,0|0,0|0,0|0,0|0,0|0,0|0,0|0,0|0,0|0,0|0,0|0,1|1,0|0,0|0
55cafdc9434f3141019cda7274c7a930a4ddd361,0|0,0|0,0|0,0|0,0|0,0|0,0|0,0|0,0|0,0|0,0|0,0|0,0|0,0|0,0|0,0|0,0|0,0|0,0|0,0|0,0|0,1|1,0|0,0|0
ca0f6214b94adf9278cbcaaefd50f5fe9455f9ad,0|0,0|0,0|0,0|0,0|0,0|0,0|0,0|0,0|0,0|0,0|0,0|0,0|0,0|0,0|0,0|0,0|0,0|0,0|0,0|0,0|0,1|1,0|0,0|0
6ea61bfe531edd387ee01ca91b049845ac0d841d,0|0,0|0,0|0,0|0,0|0,0|0,0|0,0|0,0|0,0|0,0|0,0|0,0|0,0|0,0|0,0|0,0|0,0|0,0|0,0|0,0|0,0|1,0|0,0|0
78e507dbd8a0567c7f3c8c1e265d36218e3f0e77,0|0,0|0,0|0,0|0,0|0,0|0,0|0,0|0,0|0,0|0,0|0,0|0,0|0,0|0,0|0,0|0,0|0,0|0,0|0,0|0,0|0,0|0,0|0,0|0
de1ad627ef81a88f3344dce364e9a9c0c258f83d,0|0,0|0,0|0,0|0,0|0,0|0,0|0,0|0,0|0,0|0,0|0,0|0,0|0,0|0,0|0,0|0,0|0,0|0,0|0,0|0,0|0,0|0,0|0,0|0
3cfe87690d047c06ec0d29a859c930b635a42e96,0|0,0|0,0|0,0|0,0|0,0|0,0|0,0|0,0|0,0|0,0|0,0|0,0|0,0|0,0|0,0|0,0|0,0|0,0|0,0|0,0|0,0|0,0|0,0|0
c1247f9e7eb2a32291cb375e90d303a0ee9dcf73,0|0,0|0,0|0,0|0,0|0,0|0,0|0,0|0,0|0,0|0,0|0,0|0,0|0,0|0,0|0,0|0,0|0,0|0,0|0,0|0,0|0,0|0,0|0,0|0
0cc34b3dcc869d3d6474460a51175cc371204e69,0|0,0|0,0|0,0|0,0|0,0|0,0|0,0|0,0|0,0|0,0|0,0|0,0|0,0|0,0|0,0|0,0|0,0|0,0|0,0|0,0|0,0|0,0|0,0|0
1cdc7984f3f14c2c797c5af654a5e0b5667c4ec6,0|0,0|0,0|0,0|0,0|0,0|0,0|0,0|0,0|0,0|0,0|0,0|0,0|0,0|0,0|0,0|0,0|0,0|0,0|0,0|0,0|0,0|0,0|0,0|0
a67b53c2a2d2fe54be93362d3f8f250378b9dda3,0|0,0|0,0|0,0|0,0|0,0|0,0|0,0|0,0|0,0|0,0|0,0|0,0|0,0|0,0|0,0|0,0|0,0|0,0|0,0|0,0|0,0|0,0|0,0|0
0cadce238af0c6398751999bad703d4b19615860,0|0,0|0,0|0,0|0,0|0,0|0,0|0,0|0,0|0,0|0,0|0,0|0,0|0,0|0,0|0,0|0,0|0,0|0,0|0,0|0,0|0,0|0,0|0,0|0
deeb9f01376ca9416315e4c9f5fe489e6f03e05f,0|0,0|0,0|0,0|0,0|0,0|0,0|0,0|0,0|0,0|0,0|0,0|0,0|0,0|0,0|0,0|0,0|0,0|0,0|0,0|0,0|0,0|0,0|0,0|0
94c3c82999fc734abc57081631709b5fb8acf81b,0|0,0|0,0|0,0|0,0|0,0|0,0|0,0|0,0|0,0|0,0|0,0|0,0|0,0|0,0|0,0|0,0|0,0|0,0|0,0|0,0|0,0|0,0|0,0|0
850dc64ea2bbe979c0edd39f59799db0c4a80759,0|0,0|0,0|0,0|0,0|0,0|0,0|0,0|0,0|0,0|0,0|0,0|0,0|0,0|0,0|0,0|0,0|0,0|0,0|0,0|0,0|0,0|0,0|0,0|0
c93f5a57e63bc594a291b145407f1d8fcbef59bd,0|0,0|0,0|0,0|0,0|0,0|0,0|0,0|0,0|0,0|0,0|0,0|0,0|0,0|0,0|0,0|0,0|0,0|0,0|0,0|0,0|0,0|0,0|0,0|0
1e7efc0b9fb2472453dc22ccf30f57a6818d8585,0|0,0|0,0|0,0|0,0|0,0|0,time out,0|0,0|0,0|0,0|0,0|0,0|0,0|0,0|0,0|0,0|0,0|0,0|0,0|0,0|0,0|0,0|0,0|0
9a99a1d574a0438d7f4e8a81e60b315f653f4b68,0|0,0|0,0|0,0|0,0|0,0|0,0|0,0|0,0|0,0|0,0|0,0|0,0|0,0|0,0|0,0|0,0|0,0|0,0|0,0|0,0|0,0|0,0|0,0|0
ab7c09f0a972a6fbaf6085dfa83203096f4d7d4d,0|0,0|0,0|0,0|0,0|0,0|0,0|0,0|0,0|0,0|0,0|0,0|0,0|0,0|0,0|0,0|0,0|0,0|0,0|0,0|0,0|0,0|0,0|0,0|0
7576aca19938147dda7688ab685be4d7e5a0cd35,0|0,0|0,0|0,0|0,0|0,0|0,0|0,0|0,0|0,0|0,0|0,0|0,0|0,0|0,0|0,0|0,0|0,0|0,0|0,0|0,0|0,0|0,0|0,0|0
0f5719a38a0d0026917423181c4c9c108c431399,0|0,0|0,0|0,0|0,0|0,0|0,0|0,0|0,0|0,0|0,0|0,0|0,0|0,0|0,0|0,0|0,0|0,0|0,0|0,0|0,0|0,0|0,0|0,0|0
1b1b8ae521eec08ad8acf3f2d0ec5ffd9c35eccd,0|0,0|0,0|0,0|0,0|0,0|0,0|0,0|0,0|0,0|0,0|0,0|0,0|0,0|0,0|0,0|0,0|0,0|0,0|0,0|0,0|0,0|0,0|0,0|0
292a35d7c5181c02521aa3bb7dbd5891f1696967,0|0,0|0,0|0,0|0,0|0,0|0,0|0,0|0,0|0,0|0,0|0,0|0,0|0,0|0,0|0,0|0,0|0,0|0,0|0,0|0,0|0,0|0,0|0,0|0
9ad8270bd30d7b2d0bb20fa0b533a7abedd1cac7,0|0,0|0,0|0,0|0,0|0,0|0,0|0,0|0,0|0,0|0,0|0,0|0,0|0,0|0,0|0,0|0,0|0,0|0,0|0,0|0,0|0,0|0,0|0,0|0
02853a921500c552a8dc32c6a3d68e2c00ade20c,0|0,0|0,0|0,0|0,0|0,0|0,0|0,0|0,0|0,0|0,0|0,0|0,0|0,0|0,0|0,0|0,0|0,0|0,0|0,0|0,0|0,0|0,0|0,0|0
80bf6b8967f7bbb8e33cd0a6515dbf84b77990fe,0|0,0|0,0|0,0|0,0|0,0|0,0|0,0|0,0|0,0|0,0|0,0|0,0|0,0|0,0|0,0|0,0|0,0|0,0|0,0|0,0|0,0|0,0|0,0|0
b204d55c88008ee2b1ef1267e30efa99842e0277,0|0,0|0,0|0,0|0,0|0,0|0,0|0,0|0,0|0,0|0,0|0,0|0,0|0,0|0,0|0,0|0,0|0,0|0,0|0,0|0,0|0,0|0,0|0,0|0
667f14f48da6c6a135a24eb60df0b31b8a017782,0|0,0|0,0|0,0|0,0|0,0|0,0|0,0|0,0|0,0|0,0|0,0|0,0|0,0|0,0|0,0|0,0|0,0|0,0|0,0|0,0|0,0|0,0|0,0|0
75767a308ccec058454ffb5d64e4f32eacea9239,0|0,0|0,0|0,0|0,0|0,0|0,0|0,0|0,0|0,0|0,0|0,0|0,0|0,0|0,0|0,0|0,0|0,0|0,0|0,0|0,0|0,0|0,0|0,0|0
58ef9ec14b487bf80230ae04980b501ce7ef5ea2,0|0,0|0,0|0,0|0,0|0,0|0,0|0,0|0,0|0,0|0,0|0,0|0,0|0,0|0,0|0,0|0,0|0,0|0,0|0,0|0,0|0,0|0,0|0,0|0
6b0a9e97da8a0772e012379b01296685b54eaa5d,0|0,0|0,0|0,0|0,0|0,0|0,0|0,0|0,0|0,0|0,0|0,0|0,0|0,0|0,0|0,0|0,0|0,0|0,0|0,0|0,0|0,0|0,0|0,0|0
30c9c50a874059e3dae7ff8c0ad9e8a9258031c8,0|0,0|0,0|0,0|0,0|0,0|0,0|0,0|0,0|0,0|0,0|0,0|0,0|0,0|0,0|0,0|0,0|0,0|0,0|0,0|0,0|0,0|0,0|0,0|0
5d3186803e627766aedcc381043a788995dd8f1b,0|0,0|0,0|0,0|0,0|0,0|0,0|0,0|0,0|0,0|0,0|0,0|0,0|0,0|0,0|0,0|0,0|0,0|0,0|0,0|0,0|0,0|0,0|0,0|0
60d7aab2c2341a7e115d46c8d310f799f2ff99b8,0|0,0|0,0|0,0|0,0|0,0|0,0|0,0|0,0|0,0|0,0|0,0|0,0|0,0|0,0|0,0|0,0|0,0|0,0|0,0|0,0|0,0|0,0|0,0|0
68564b0361f77c347116196cc184cd1a8eda5d38,0|0,0|0,0|0,0|0,0|0,0|0,0|0,0|0,0|0,0|0,0|0,0|0,0|0,0|0,0|0,0|0,0|0,0|0,0|0,0|0,0|0,0|0,0|0,0|0
ee9a36f151508102cf84b866bf84626e1c776719,0|0,0|0,0|0,0|0,0|0,0|0,0|0,0|0,0|0,0|0,0|0,0|0,0|0,0|0,0|0,0|0,0|0,0|0,0|0,0|0,0|0,0|0,0|0,0|0
db34f68470a684bdf6d41fdb799bb710d4e386da,0|0,0|0,0|0,0|0,0|0,0|0,0|0,0|0,0|0,0|0,0|0,0|0,0|0,0|0,0|0,0|0,0|0,0|0,0|0,0|0,0|0,0|0,0|0,0|0
11205a9ba5e4fc39cc8bb9844d73db2a63fb8119,0|0,0|0,0|0,0|0,0|0,0|0,0|0,0|0,0|0,0|0,0|0,0|0,0|0,0|0,0|0,0|0,0|0,0|0,0|0,0|0,0|0,0|0,0|0,0|0
1c8c335d5c3a5a29edbe03b9d12338404aff8b48,0|0,0|0,0|0,0|0,0|0,0|0,0|0,0|0,0|0,0|0,0|0,0|0,0|0,0|0,0|0,0|0,0|0,0|0,0|0,0|0,0|0,0|0,0|0,0|0
356bfd6b9a573afeed5e4e266f9e15ad71f10896,0|0,0|0,0|0,0|0,0|0,0|0,0|0,0|0,0|0,0|0,0|0,0|0,0|0,0|0,0|0,0|0,0|0,0|0,0|0,0|0,0|0,0|0,0|0,0|0
5f205334cd04bcdac74b1b6d46f88d57a05eaf1c,0|0,0|0,0|0,0|0,0|0,0|0,0|0,0|0,0|0,0|0,0|0,0|0,0|0,0|0,0|0,0|0,0|0,0|0,0|0,0|0,0|0,0|0,0|0,0|0
61b922b4d95c70af248e4c21bd552172ae3f82d1,0|0,0|0,0|0,0|0,0|0,0|0,0|0,0|0,0|0,0|0,0|0,0|0,0|0,0|0,0|0,0|0,0|0,0|0,0|0,0|0,0|0,0|0,0|0,0|0
a0969f42cf9d9fc9add367aff591cb31f170d7b6,0|0,0|0,0|0,0|0,0|0,0|0,0|0,0|0,0|0,0|0,0|0,0|0,0|0,0|0,0|0,0|0,0|0,0|0,0|0,0|0,0|0,0|0,0|0,0|0
abe85836d525ef484e79243f3f992b638930ced0,0|0,0|0,0|0,0|0,0|0,0|0,0|0,0|0,0|0,0|0,0|0,0|0,0|0,0|0,0|0,0|0,0|0,0|0,0|0,0|0,0|0,0|0,0|0,0|0
c722ae5dd370dd8d1fea609f7b5f601b18a2ee68,0|0,0|0,0|0,0|0,0|0,0|0,0|0,0|0,0|0,0|0,0|0,0|0,0|0,0|0,0|0,0|0,0|0,0|0,0|0,0|0,0|0,0|0,0|0,0|0
efefb5397bd249f7e52858ffc6328331ad3920a0,0|0,0|0,0|0,0|0,0|0,0|0,0|0,0|0,0|0,0|0,0|0,0|0,0|0,0|0,0|0,0|0,0|0,0|0,0|0,0|0,0|0,0|0,0|0,0|0
9b257376c75217e601287c56590f9b164535f8aa,0|0,0|0,0|0,0|0,0|0,0|0,0|0,0|0,0|0,0|0,0|0,0|0,0|0,0|0,0|0,0|0,0|0,0|0,0|0,0|0,0|0,0|0,0|0,0|0
165a18a6c45072d91696c485740e853b0323fcdd,0|0,0|0,0|0,0|0,0|0,0|0,0|0,0|0,0|0,0|0,0|0,0|0,0|0,0|0,0|0,0|0,0|0,0|0,0|0,0|0,0|0,0|0,0|0,0|0
c13783110bf13e4a9a0fd6a44def9e770a8e3ef9,0|0,0|0,0|0,0|0,0|0,0|0,0|0,0|0,0|0,0|0,0|0,0|0,0|0,0|0,0|0,0|0,0|0,0|0,0|0,0|0,0|0,0|0,0|0,0|0
e090ef65df75fd16724d866b4538a3ed5bd7d14d,0|0,0|0,0|0,0|0,0|0,0|0,0|0,0|0,0|0,0|0,0|0,0|0,0|0,0|0,0|0,0|0,0|0,0|0,0|0,0|0,0|0,0|0,0|0,0|0
256451f8610facbc97abe2e5df89335a72d57b43,0|0,0|0,0|0,0|0,0|0,0|0,0|0,0|0,0|0,0|0,0|0,0|0,0|0,0|0,0|0,0|0,0|0,0|0,0|0,0|0,0|0,0|0,0|0,0|0
1b4cda656cd8e96420144f5dbe2119d2a37a6265,0|0,0|0,0|0,0|0,0|0,0|0,0|0,0|0,0|0,0|0,0|0,0|0,0|0,0|0,0|0,0|0,0|0,0|0,0|0,0|0,0|0,0|0,0|0,0|0
624e95b874661d93cdd572ef83c7cfdf58351b88,0|0,0|0,0|0,0|0,0|0,0|0,0|0,0|0,0|0,0|0,0|0,0|0,0|0,0|0,0|0,0|0,0|0,0|0,0|0,0|0,0|0,0|0,0|0,0|0
b8145e606af125c7e17b5c9a8803a036969b1bf7,0|0,0|0,0|0,0|0,0|0,0|0,0|0,0|0,0|0,0|0,0|0,0|0,0|0,0|0,0|0,0|0,0|0,0|0,0|0,0|0,0|0,0|0,0|0,0|0
f3d401cc6cf5348c7f1dc8ebb9c1ce4d5001fd46,0|0,0|0,0|0,0|0,0|0,0|0,0|0,0|0,0|0,0|0,0|0,0|0,0|0,0|0,0|0,0|0,0|0,0|0,0|0,0|0,0|0,0|0,0|0,0|0
6012472cc0c937481fc0c36f9b8bdb8da8c4dbfd,0|0,0|0,0|0,0|0,0|0,0|0,0|0,0|0,0|0,0|0,0|0,0|0,0|0,0|0,0|0,0|0,0|0,0|0,0|0,0|0,0|0,0|0,0|0,0|0
41ea68b38d3bc6bc3f42b8d598c80fb52af3b8cc,0|0,0|0,0|0,0|0,0|0,0|0,0|0,0|0,0|0,0|0,0|0,0|0,0|0,0|0,0|0,0|0,0|0,0|0,0|0,0|0,0|0,0|0,0|0,0|0
1187fa832998dd5fea9ea2a78bf6863a31c508f9,0|0,0|0,0|0,0|0,0|0,0|0,0|0,0|0,0|0,0|0,0|0,0|0,0|0,0|0,0|0,0|0,0|0,0|0,0|0,0|0,0|0,0|0,0|0,0|0
19a27e959e3110ca32d7c4f3106775ccf2cf11cc,0|0,0|0,0|0,0|0,0|0,0|0,0|0,0|0,0|0,0|0,0|0,0|0,0|0,0|0,0|0,0|0,0|0,0|0,0|0,0|0,0|0,0|0,0|0,0|0
db2b449a1284b65cb977a73ed6ee09363a8c5870,0|0,0|0,0|0,0|0,0|0,0|0,0|0,0|0,0|0,0|0,0|0,0|0,0|0,0|0,0|0,0|0,0|0,0|0,0|0,0|0,0|0,0|0,0|0,0|0
a135bc041dba09743abbeda66d3ec5dbd0a61cae,0|0,0|0,0|0,0|0,0|0,0|0,0|0,0|0,0|0,0|0,0|0,0|0,0|0,0|0,0|0,0|0,0|0,0|0,0|0,0|0,0|0,0|0,0|0,0|0
f8016c0198bc7033cb6769e0394e18fbdfe353f1,0|0,0|0,0|0,0|0,0|0,0|0,0|0,0|0,0|0,0|0,0|0,0|0,0|0,0|0,0|0,0|0,0|0,0|0,0|0,0|0,0|0,0|0,0|0,0|0
b098572773a6a87f19d38ce35759e93ad7c6e0d2,0|0,0|0,0|0,0|0,0|0,0|0,0|0,0|0,0|0,0|0,0|0,0|0,0|0,0|0,0|0,0|0,0|0,0|0,0|0,0|0,0|0,0|0,0|0,0|0
a314b21dc1fa01845232b26b976e921f76186e7f,0|0,0|0,0|0,0|0,0|0,0|0,0|0,0|0,0|0,0|0,0|0,0|0,0|0,0|0,0|0,0|0,0|0,0|0,0|0,0|0,0|0,0|0,0|0,0|0
25d03c68d81c1b02fec606c0dc6591b1b582ebae,0|0,0|0,0|0,0|0,0|0,0|0,0|0,0|0,0|0,0|0,0|0,0|0,0|0,0|0,0|0,0|0,0|0,0|0,0|0,0|0,0|0,0|0,0|0,0|0
fbe5ff6c52544ee776a5d2ec0176c61ab103cce5,0|0,0|0,0|0,0|0,0|0,0|0,0|0,0|0,0|0,0|0,0|0,0|0,0|0,0|0,0|0,0|0,0|0,0|0,0|0,0|0,0|0,0|0,0|0,0|0
94777caeabf04ea49584a2db728064e62a805140,0|0,0|0,0|0,0|0,0|0,0|0,0|0,0|0,0|0,0|0,0|0,0|0,0|0,0|0,0|0,0|0,0|0,0|0,0|0,0|0,0|0,0|0,0|0,0|0
278e23d9f9abc10c44a244854f69c04f1e71c606,0|0,0|0,0|0,0|0,0|0,0|0,0|0,0|0,0|0,0|0,0|0,0|0,0|0,0|0,0|0,0|0,0|0,0|0,0|0,0|0,0|0,0|0,0|0,0|0
f1a7ec90fa5241e4626d490aec82c78b1122ba64,0|0,0|0,0|0,0|0,0|0,0|0,0|0,0|0,0|0,0|0,0|0,0|0,0|0,0|0,0|0,0|0,0|0,0|0,0|0,0|0,0|0,0|0,0|0,0|0
2202fee19b19d2b34026bf2de6a39ed4ce4bc278,0|0,0|0,0|0,0|0,0|0,0|0,0|0,0|0,0|0,0|0,0|0,0|0,0|0,0|0,0|0,0|0,0|0,0|0,0|0,0|0,0|0,0|0,0|0,0|0
2e32e7f75511d46b3088c5351a7fb3b2b4e30bf4,0|0,0|0,0|0,0|0,0|0,0|0,0|0,0|0,0|0,0|0,0|0,0|0,0|0,0|0,0|0,0|0,0|0,0|0,0|0,0|0,0|0,0|0,0|0,0|0
b14639f9eb6ca03f5f24694cad8f13e37b0bb343,0|0,0|0,0|0,0|0,0|0,0|0,0|0,0|0,0|0,0|0,0|0,0|0,0|0,0|0,0|0,0|0,0|0,0|0,0|0,0|0,0|0,0|0,0|0,0|0
ffdda1e82ec86c40e7f3ccdc8712b9ba9dc14e6c,0|0,0|0,0|0,0|0,0|0,0|0,0|0,0|0,0|0,0|0,0|0,0|0,0|0,0|0,0|0,0|0,0|0,0|0,0|0,0|0,0|0,0|0,0|0,0|0
0fde269d94e56530b9b3eb2c910171a9bdc785fe,0|0,0|0,0|0,0|0,0|0,0|0,0|0,0|0,0|0,0|0,0|0,0|0,0|0,0|0,0|0,0|0,0|0,0|0,0|0,0|0,0|0,0|0,0|0,0|0
d465874b6a54507e8dc8d24454bca5bfd8cfe410,0|0,0|0,0|0,0|0,0|0,0|0,0|0,0|0,0|0,0|0,0|0,0|0,0|0,0|0,0|0,0|0,0|0,0|0,0|0,0|0,0|0,0|0,0|0,0|0
8e3ef4b97cf63fdd0fd95c1b09e3e74da9edd7d4,0|0,0|0,0|0,0|0,0|0,0|0,0|0,0|0,0|0,0|0,0|0,0|0,0|0,0|0,0|0,0|0,0|0,0|0,0|0,0|0,0|0,0|0,0|0,0|0
cf6e166b24d1534ff38e30f7d685242de2bc8b59,0|0,0|0,0|0,0|0,0|0,0|0,0|0,0|0,0|0,0|0,0|0,0|0,0|0,0|0,0|0,0|0,0|0,0|0,0|0,0|0,0|0,0|0,0|0,0|0
5f49a1b98872698899802dee781cc109ff061765,0|0,0|0,0|0,0|0,0|0,0|0,0|0,0|0,0|0,0|0,0|0,0|0,0|0,0|0,0|0,0|0,0|0,0|0,0|0,0|0,0|0,0|0,0|0,0|0
f399d69fd03cd201c4aaa7e645462cf0ac6bf6a7,0|0,0|0,0|0,0|0,0|0,0|0,0|0,0|0,0|0,0|0,0|0,0|0,0|0,0|0,0|0,0|0,0|0,0|0,0|0,0|0,0|0,0|0,0|0,0|0
5d54aa58ebedf38696259cc3c7164bf4ff964097,0|0,0|0,0|0,0|0,0|0,0|0,0|0,0|0,0|0,0|0,0|0,0|0,0|0,0|0,0|0,0|0,0|0,0|0,0|0,0|0,0|0,0|0,0|0,0|0
5ce0f37115be6064c8006317f44b302030b6ff64,0|0,0|0,0|0,0|0,0|0,0|0,0|0,0|0,0|0,0|0,0|0,0|0,0|0,0|0,0|0,0|0,0|0,0|0,0|0,0|0,0|0,0|0,0|0,0|0
b93a8ce7618aabb1ead506b4e0a57b43d0464405,0|0,0|0,0|0,0|0,0|0,0|0,0|0,0|0,0|0,0|0,0|0,0|0,0|0,0|0,0|0,0|0,0|0,0|0,0|0,0|0,0|0,0|0,0|0,0|0
c12496f3b16f441f7641fac62cd24db932cb81e5,0|0,0|0,0|0,0|0,0|0,0|0,0|0,0|0,0|0,0|0,0|0,0|0,0|0,0|0,0|0,0|0,0|0,0|0,0|0,0|0,0|0,0|0,0|0,0|0
ac0ee54638900ad337a8cbffc12887397a05b19f,0|0,0|0,0|0,0|0,0|0,0|0,0|0,0|0,0|0,0|0,0|0,0|0,0|0,0|0,0|0,0|0,0|0,0|0,0|0,0|0,0|0,0|0,0|0,0|0
2f3379d6c87797c51bbc2835de5bf317db959fd7,0|0,0|0,0|0,0|0,0|0,0|0,0|0,0|0,0|0,0|0,0|0,0|0,0|0,0|0,0|0,0|0,0|0,0|0,0|0,0|0,0|0,0|0,0|0,0|0
f41fda4668930a170e02c34713ee059c1aba3c63,0|0,0|0,0|0,0|0,0|0,0|0,0|0,0|0,0|0,0|0,0|0,0|0,0|0,0|0,0|0,0|0,0|0,0|0,0|0,0|0,0|0,0|0,0|0,0|0
86b0652bd2488e0ca08fc803aa299c855f8681a9,0|0,0|0,0|0,0|0,0|0,0|0,0|0,0|0,0|0,0|0,0|0,0|0,0|0,0|0,0|0,0|0,0|0,0|0,0|0,0|0,0|0,0|0,0|0,0|0
bf118051d99ceebcf7809033d2aa00a68f107456,0|0,0|0,0|0,0|0,0|0,0|0,0|0,0|0,0|0,0|0,0|0,0|0,0|0,0|0,0|0,0|0,0|0,0|0,0|0,0|0,0|0,0|0,0|0,0|0
b66c6d213ac8503142f4ea674af467f92587b7c5,0|0,0|0,0|0,0|0,0|0,0|0,0|0,0|0,0|0,0|0,0|0,0|0,0|0,0|0,0|0,0|0,0|0,0|0,0|0,0|0,0|0,0|0,0|0,0|0
0f8bedc11e3ee039060a058b5cd5ec99e0b593a2,0|0,0|0,0|0,0|0,0|0,0|0,0|0,0|0,0|0,0|0,0|0,0|0,0|0,0|0,0|0,0|0,0|0,0|0,0|0,0|0,0|0,0|0,0|0,0|0
4dc620e59060c842270bc8c99a5c67294f20ebcc,0|0,0|0,0|0,0|0,0|0,0|0,0|0,0|0,0|0,0|0,0|0,0|0,0|0,0|0,0|0,0|0,0|0,0|0,0|0,0|0,0|0,0|0,0|0,0|0
077cf7021b27644d9995382ec2224109663bd5a6,0|0,0|0,0|0,0|0,0|0,0|0,0|0,0|0,0|0,0|0,0|0,0|0,0|0,0|0,0|0,0|0,0|0,0|0,0|0,0|0,0|0,0|0,0|0,0|0
5bd420f3e862fcd2992452fed004f77efd443da3,0|0,0|0,0|0,0|0,0|0,0|0,0|0,0|0,0|0,0|0,0|0,0|0,0|0,0|0,0|0,0|0,0|0,0|0,0|0,0|0,0|0,0|0,0|0,0|0
5d8a1866501a4e46a6f84e37730292501ccb2180,0|0,0|0,0|0,0|0,0|0,0|0,0|0,0|0,0|0,0|0,0|0,0|0,0|0,0|0,0|0,0|0,0|0,0|0,0|0,0|0,0|0,0|0,0|0,0|0
2ff207bd16bb3094843395450aa48936dd774ecb,0|0,0|0,0|0,0|0,0|0,0|0,0|0,0|0,0|0,0|0,0|0,0|0,0|0,0|0,0|0,0|0,0|0,0|0,0|0,0|0,0|0,0|0,0|0,0|0
e0d19561ab1dfc011d9ecb4acf135a7b877f9951,0|0,0|0,0|0,0|0,0|0,0|0,0|0,0|0,0|0,0|0,0|0,0|0,0|0,0|0,0|0,0|0,0|0,0|0,0|0,0|0,0|1,0|0,0|0,0|0
2a59ad44d45f8fb6d723274930fb8fc74d61eb1d,0|0,0|0,0|0,0|0,0|0,0|0,0|0,0|0,0|0,0|0,0|0,0|0,0|0,0|0,0|0,0|0,0|0,0|0,0|0,0|0,0|1,0|0,0|0,0|0
24e4e3115041a55fe4f9dec7059576c9087d1781,0|0,0|0,0|0,0|0,0|0,0|0,0|0,0|0,0|0,0|0,0|0,0|0,0|0,0|0,0|0,0|0,0|0,0|0,0|0,0|0,0.5|1,0|0,0|0,0|0
ca920611fcd8be1180045589ac11bff2f04eafd8,0|0,0|0,0|0,0|0,0|0,0|0,0|0,0|0,0|0,0|0,0|0,0|0,0|0,0|0,0|0,0|0,0|0,0|0,0|0,0|0,0.5|1,0|0,0|0,0|0
4c1acb8f31a64c07f4a8f8fb07c087bc67e766a7,0|0,0|0,0|0,0|0,0|0,0|0,0|0,0|0,0|0,0|0,0|0,0|0,0|0,0|0,0|0,0|0,0|0,0|0,0|0,0|0,0|0,0|0,0|0,0|0
