commit_id,OSV-2023-1205,OSV-2023-1206,OSV-2023-1207,OSV-2023-1208,OSV-2023-1294,OSV-2023-1305,OSV-2023-1311,OSV-2023-1312,OSV-2023-1313,OSV-2023-1322,OSV-2023-342,OSV-2023-68,OSV-2023-75,OSV-2023-840,OSV-2023-95,OSV-2023-97,OSV-2024-637,OSV-2024-638,OSV-2025-534,OSV-2025-584,OSV-2025-589
43629a63d8cb3b52195c032a662e62ac3bfd8aae,0|0,0|0,0|0,0|0,0|0,0|0,0|0,0|0,0|0,0|0,0|0,0|0,0|0,0|0,0|0,0|0,0|0,0|0,0|0,0|0,0|0
375b9b7e44b067d7b87bcae7291154ae59c72267,0|0,0|0,0|0,0|0,0|0,0|1,0|0,0|0,0|0,0|1,0|0,0|1,0|0,0|0,0|0,0|0,0|1,0|0,0|1,0|0,0|0
308e043ef64db5773a4c4e12758900603e333108,0|0,0|0,0|0,0|0,0|0,0|1,0|0,0|0,0|0,0|1,0|0,0|1,0|0,0|0,0|0,0|0,0|1,0|0,0|1,0|0,0|0
e6c806df90358c37cefb5bbf27d1205b71b4546a,0|0,0|0,0|0,0|0,0|0,0|1,0|0,0|0,0|0,0|1,0|0,0|1,0|0,0|0,0|0,0|0,0|1,0|0,0|1,0|0,0|0
b2a61a152a5e83b3419212e8d15a10d4488e51d9,0.5|1,0.5|1,0.5|1,0.5|1,0.5|1,0.5|1,0.5|1,0|0,0.5|1,0|1,0|0,0|1,0.5|1,0.5|1,1|1,0.5|1,0.5|1,0|0,0.5|1,0|0,0|0
da58813a3a5c7d35c0bdbc69e53276253c230108,0.5|1,0.5|1,0.5|1,0.5|1,0.5|1,0.5|1,0.5|1,0|0,0.5|1,0|1,0|0,0.5|1,0.5|1,0.5|1,1|1,0.5|1,0.5|1,0|0,0.5|1,0|0,0|0
47125f49a45f94fe3d6033a805116b909e36d4e2,0.5|1,0.5|1,0.5|1,0.5|1,0.5|1,0.5|1,0.5|1,0|0,0.5|1,0.5|1,0|0,0.5|1,0|1,0.5|1,1|1,0.5|1,0.5|1,0|0,0.5|1,0|0,0|0
8b8c7e390d00e5f6e8b354051680e5acd6c9a912,0.5|1,0.5|1,0.5|1,0.5|1,0.5|1,0.5|1,0.5|1,0|0,0.5|1,0|1,0|0,0|1,0.5|1,0.5|1,1|1,0.5|1,0.5|1,0|0,0.5|1,0|0,0|0
764ab7b702142762bfa9c4e93427c6e494ff7940,0.5|1,0.5|1,0.5|1,0.5|1,0.5|1,0|1,0.5|1,0|0,0.5|1,0.5|1,0|0,0|1,0.5|1,0.5|1,1|1,0.5|1,0.5|1,0|0,0.5|1,0|0,0|0
8739b7da75f305ab391eb36c613210c23243fe5b,0.5|1,0.5|1,0.5|1,0.5|1,0.5|1,0.5|1,0.5|1,0|0,0.5|1,0|1,0|0,0|1,0|1,0.5|1,1|1,0.5|1,0.5|1,0|0,0.5|1,0|0,0|0
8e41a50de40011a974d57adfed876b26faf116ba,0.5|1,0.5|1,0.5|1,0.5|1,0.5|1,0.5|1,0.5|1,0|0,0.5|1,0|1,0|0,0|1,0.5|1,0.5|1,1|1,0.5|1,0.5|1,0|0,0.5|1,0|0,0|0
7f19ac220647a58262bf08262049f7340030e1bf,0.5|1,0.5|1,0.5|1,0.5|1,0.5|1,0.5|1,0.5|1,0|0,0.5|1,0|1,0|0,0.5|1,0.5|1,0.5|1,1|1,0.5|1,0.5|1,0|0,0.5|1,0|0,0|0
992407f6c3e77c9ff84684c77072b913eaa3152b,0.5|1,0.5|1,0.5|1,0.5|1,0.5|1,0|1,0.5|1,0.5|1,0.5|1,0|1,0.5|1,0|0,0|0,0.5|1,1|1,0.5|1,0.5|1,0|0,0.5|1,0|0,0|0
c38af025abf0040f6693d15f4ce2e878a728cfee,0.5|1,0.5|1,0.5|1,0.5|1,0.5|1,0.5|1,0.5|1,0.5|1,0.5|1,0.5|1,0.5|1,0|0,0|0,0.5|1,1|1,0.5|1,0.5|1,0|0,0.5|1,0|0,0|0
ed00dfc32546e06260fdb3d08e2ffd1b79bcbace,0.5|1,0.5|1,0.5|1,0.5|1,0.5|1,0.5|1,0.5|1,0.5|1,0.5|1,0|1,0.5|1,0|0,0|0,0.5|1,1|1,0.5|1,0.5|1,0|0,0.5|1,0|0,0|0
b6b12cc5f0d849fc32f7a1604a33ce46ab86d6fc,0.5|1,0.5|1,0.5|1,0.5|1,0.5|1,0.5|1,0.5|1,0.5|1,0.5|1,0.5|1,0.5|1,0|0,0|0,0.5|1,1|1,0.5|1,0.5|1,0|0,0.5|1,0|0,0|0
a7c8d4764346a0c03626d6a9ffcf64aa762acf0e,0.5|1,0.5|1,0.5|1,0.5|1,0.5|1,0.5|1,0.5|1,0.5|1,0.5|1,0.5|1,0.5|1,0|0,0|0,0.5|1,1|1,0.5|1,0.5|1,0|0,0.5|1,0|0,0|0
5fabd43f6af6c5f432c543b8a84e690dfa31a3b2,0.5|1,0.5|1,0.5|1,0.5|1,0.5|1,0|1,0.5|1,0.5|1,0.5|1,0|1,0.5|1,0|0,0|0,0.5|1,0|0,0|0,0.5|1,0|0,0.5|1,0|0,0|0
4900778d4c9f01faa81f6f26327b57ae3b60e3c2,0.5|1,0.5|1,0.5|1,0.5|1,0.5|1,0|1,0.5|1,0.5|1,0.5|1,0.5|1,0.5|1,0|0,0|0,0.5|1,0|0,0|0,0.5|1,0|0,0.5|1,0|0,0|0
c0ca3b2979a6f0999c57549986f99334666e8ef7,0.5|1,0.5|1,0.5|1,0.5|1,0.5|1,0|1,0.5|1,0.5|1,0.5|1,0.5|1,0.5|1,0|0,0|0,0.5|1,0|0,0|0,0.5|1,0|0,0.5|1,0|0,0|0
a49b596b8ee98603842a2d9fa778588ebb86f86b,0.5|1,0.5|1,0.5|1,0.5|1,0.5|1,0.5|1,0.5|1,0.5|1,0.5|1,0.5|1,0.5|1,0|0,0|0,0.5|1,0|0,0|0,0.5|1,0|0,0.5|1,0|0,0|0
3a853e8247ce8e50df7e6a129adb29ab50dabb08,0.5|1,0.5|1,0.5|1,0.5|1,0.5|1,0.5|1,0.5|1,0.5|1,0.5|1,0|1,0.5|1,0|0,0|0,0.5|1,0|0,0|0,0.5|1,0|0,0.5|1,0|0,0|0
7855d6e872ce04398fbab460b8d8fdea39866b4d,0.5|1,0.5|1,0.5|1,0.5|1,0.5|1,0.5|1,0.5|1,0.5|1,0.5|1,0|1,0.5|1,0|0,0|0,0.5|1,0|0,0|0,0.5|1,0|0,0.5|1,0|0,0|0
7164209291432864022553fa96322c95d55bbd89,0.5|1,0.5|1,0.5|1,0.5|1,0.5|1,0.5|1,0.5|1,0.5|1,0.5|1,0|1,0.5|1,0|0,0|0,0.5|1,0|0,0|0,0.5|1,0|0,0.5|1,0|0,0|0
f54d852a3f2d3f6b59e0f6d46de7072e9a040d62,0.5|1,0.5|1,0.5|1,0.5|1,0.5|1,0.5|1,0.5|1,0.5|1,0.5|1,0.5|1,0.5|1,0|0,0|0,0.5|1,0|0,0|0,0.5|1,0|0,0.5|1,0|0,0|0
a3766576c3858ead328a2c177482412722bd50ae,0.5|1,0.5|1,0.5|1,0.5|1,0.5|1,0.5|1,0.5|1,0.5|1,0.5|1,0|1,0.5|1,0|0,0|0,0.5|1,0|0,0|0,0.5|1,0|0,0.5|1,0|0,0|0
ab835f3240d52843b4480fa77352b15c3668ed5a,0.5|1,0.5|1,0.5|1,0.5|1,0.5|1,0.5|1,0.5|1,0.5|1,0.5|1,0|1,0.5|1,0|0,0|0,0.5|1,0|0,0|0,0.5|1,0|0,0.5|1,0|0,0|0
b800d35a56006f6daa41d8c419a813ef3e8d2d34,0.5|1,0.5|1,0.5|1,0.5|1,0.5|1,0.5|1,0.5|1,0.5|1,0.5|1,0.5|1,0.5|1,0|0,0|0,0.5|1,0|0,0|0,0.5|1,0|0,0.5|1,0|0,0|0
164b3953b098644efdc66d8d67339c1c55d98bfa,0.5|1,0.5|1,0.5|1,0.5|1,0.5|1,0|1,0.5|1,0.5|1,0.5|1,0|1,0.5|1,0|0,0|0,0.5|1,0|0,0|0,0.5|1,0|0,0.5|1,0|0,0|0
d7ee38baa19cad0a7fe230537082531d0b20fd1f,0.5|1,0.5|1,0.5|1,0.5|1,0.5|1,0.5|1,0.5|1,0.5|1,0.5|1,0.5|1,0.5|1,0|0,0|0,0.5|1,0|0,0|0,0.5|1,0|0,0.5|1,0|0,0|0
7cee91f24c3491405fa7ff71aef2d9da0a0d6011,0.5|1,0.5|1,0.5|1,0.5|1,0.5|1,0|1,0.5|1,0.5|1,0.5|1,0.5|1,0.5|1,0|0,0|0,0.5|1,0|0,0|0,0.5|1,0|0,0.5|1,0|0,0|0
1806721a4d44cd59dbea3db6ba48b1e7056f3928,0.5|1,0.5|1,0.5|1,0.5|1,0.5|1,0|1,0.5|1,0.5|1,0.5|1,0.5|1,0.5|1,0|0,0|0,0.5|1,0|0,0|0,0.5|1,0|0,0.5|1,0|0,0|0
c5f3b0c97630b33fbb52447440fba0f1e42a73e3,0.5|1,0.5|1,0.5|1,0.5|1,0.5|1,0.5|1,0.5|1,0.5|1,0.5|1,0|1,0.5|1,0|0,0|0,0.5|1,0|0,0|0,0.5|1,0|0,0.5|1,0|0,0|0
5beaa86db43883b3f7c611b931a8c7c217920705,0.5|1,0.5|1,0.5|1,0.5|1,0.5|1,0|1,0.5|1,0.5|1,0.5|1,0|1,0.5|1,0|0,0|0,0.5|1,0|0,0|0,0.5|1,0|0,0.5|1,0|0,0|0
583580270bf46369fe5873b71eae1f57f6e26ade,0.5|1,0.5|1,0.5|1,0.5|1,0.5|1,0.5|1,0.5|1,0.5|1,0.5|1,0|1,0.5|1,0|0,0|0,0.5|1,0|0,0|0,0.5|1,0|0,0.5|1,0|0,0|0
ad23214a836690259f9494e75dfde370651d97a1,0.5|1,0.5|1,0.5|1,0.5|1,0.5|1,0.5|1,0.5|1,0.5|1,0.5|1,0.5|1,0.5|1,0|0,0|0,0.5|1,0|0,0|0,0.5|1,0|0,0.5|1,0|0,0|0
33312473dce521e74fd3bd2882c9cd680893d858,0.5|1,0.5|1,0.5|1,0.5|1,0.5|1,0.5|1,0.5|1,0.5|1,0.5|1,0|1,0.5|1,0|0,0|0,0.5|1,0|0,0|0,0.5|1,0|0,0.5|1,0|0,0|0
5a7d4325bed0ffa3d36616400929241af301ec63,0.5|1,0.5|1,0.5|1,0.5|1,0.5|1,0.5|1,0.5|1,0.5|1,0.5|1,0|1,0.5|1,0|0,0|0,0.5|1,0|0,0|0,0.5|1,0|0,0.5|1,0|0,0|0
9783b509ac174fb51e510548ba1953e3997f07ab,0.5|1,0.5|1,0.5|1,0.5|1,0.5|1,0.5|1,0.5|1,0.5|1,0.5|1,0.5|1,0.5|1,0|0,0|0,0.5|1,0|0,0|0,0.5|1,0|0,0.5|1,0|0,0|0
ba34616a119952074bf32bbb8ae2b93e1d8500c2,0.5|1,0.5|1,0.5|1,0.5|1,0.5|1,0.5|1,0.5|1,0.5|1,0.5|1,0.5|1,0.5|1,0|0,0|0,0.5|1,0|0,0|0,0.5|1,0|0,0.5|1,0|0,0|0
7acfe285552173d1835c28f553209e80b153017d,0.5|1,0.5|1,0.5|1,0.5|1,0.5|1,0|1,0.5|1,0.5|1,0.5|1,0|1,0.5|1,0|0,0|0,0.5|1,0|0,0|0,0.5|1,0|0,0.5|1,0|0,0|0
f8ae418b38e8ac52cf87425d27cb20925607debc,0.5|1,0.5|1,0.5|1,0.5|1,0.5|1,0.5|1,0.5|1,0.5|1,0.5|1,0|1,0.5|1,0|0,0|0,0.5|1,0|0,0|0,0.5|1,0|0,0.5|1,0|0,0|0
84f955dd77e42ffb57cb05a869cb8c8bf68f1e13,0.5|1,0.5|1,0.5|1,0.5|1,0.5|1,0|1,0.5|1,0.5|1,0.5|1,0|1,0|0,0|0,0|0,0.5|1,0|0,0|0,0.5|1,0|0,0.5|1,0|0,0|0
bbf593f21619925ee6a4c9935428ed47dc4d4a48,0.5|1,0.5|1,0.5|1,0.5|1,0.5|1,0|1,0.5|1,0.5|1,0.5|1,0|1,0|0,0|0,0|0,0.5|1,0|0,0|0,0.5|1,0|0,0.5|1,0|0,0|0
6685e380b5f0cd55526b0a1b12f21ec99ef2feae,0.5|1,0.5|1,0.5|1,0.5|1,0.5|1,0.5|1,0.5|1,0.5|1,0.5|1,0.5|1,0|0,0|0,0|0,0.5|1,0|0,0|0,0.5|1,0|0,0.5|1,0|0,0|0
72e8241a64dfab469433fdc48c2de2cde602e8c3,0.5|1,0.5|1,0.5|1,0.5|1,0.5|1,0.5|1,0.5|1,0.5|1,0.5|1,0|1,0|0,0|0,0|0,0.5|1,0|0,0|0,0.5|1,0|0,0.5|1,0|0,0|0
5b04d419d2e1fd8ca818ad15a2a0b4f6d47de0e8,0.5|1,0.5|1,0.5|1,0.5|1,0.5|1,0.5|1,0.5|1,0.5|1,0.5|1,0.5|1,0|0,0|0,0|0,0.5|1,0|0,0|0,0.5|1,0|0,0.5|1,0|0,0|0
c759935aad1d74734c53841eb5d227442a554a5a,0.5|1,0.5|1,0.5|1,0.5|1,0.5|1,0|1,0.5|1,0.5|1,0.5|1,0.5|1,0|0,0|0,0|0,0.5|1,0|0,0|0,0.5|1,0|0,0.5|1,0|0,0|0
468e048959360ba7b3705d430ee136394cc11c19,0.5|1,0.5|1,0.5|1,0.5|1,0.5|1,0.5|1,0.5|1,0.5|1,0.5|1,0.5|1,0|0,0|0,0|0,0.5|1,0|0,0|0,0.5|1,0|0,0.5|1,0|0,0|0
07452e198be12afc9c9ac0154d401632fcf767fd,0.5|1,0.5|1,0.5|1,0.5|1,0.5|1,0.5|1,0.5|1,0.5|1,0.5|1,0|1,0|0,0|0,0|0,0.5|1,0|0,0|0,0.5|1,0|0,0.5|1,0|0,0|0
2e8e8e7d13287759d10ca006524e835aaed5be01,0.5|1,0.5|1,0.5|1,0.5|1,0.5|1,0.5|1,0.5|1,0.5|1,0.5|1,0.5|1,0|0,0|0,0|0,0.5|1,0|0,0|0,0.5|1,0|0,0.5|1,0|0,0|0
40a2df324466a3207dfb19eb7c3a7d5b78c4ffeb,0.5|1,0.5|1,0.5|1,0.5|1,0.5|1,0|1,0.5|1,0.5|1,0.5|1,0|1,0|0,0|0,0|0,0.5|1,0|0,0|0,0.5|1,0|0,0.5|1,0|0,0|0
9030e26c46d27c10138e2679bd295f6cdf4c037b,0.5|1,0.5|1,0.5|1,0.5|1,0.5|1,0.5|1,0.5|1,0.5|1,0.5|1,0|1,0|0,0|0,0|0,0.5|1,0|0,0|0,0.5|1,0|0,0.5|1,0|0,0|0
283f9fcecb9e0d0fe020dc131749294704b866b8,0.5|1,0.5|1,0.5|1,0.5|1,0.5|1,0.5|1,0.5|1,0.5|1,0.5|1,0|1,0|0,0|0,0|0,0.5|1,0|0,0|0,0.5|1,0|0,0.5|1,0|0,0|0
a75597f2402949d941bdabfd3c52ee8dee4b6a4d,0.5|1,0.5|1,0.5|1,0.5|1,0.5|1,0.5|1,0.5|1,0.5|1,0.5|1,0.5|1,0|0,0|0,0|0,0.5|1,0|0,0|0,0.5|1,0|0,0.5|1,0|0,0|0
30858f49ad57b9a888e6768b0ae1558e5f895176,0.5|1,0.5|1,0.5|1,0.5|1,0.5|1,0.5|1,0.5|1,0.5|1,0.5|1,0|1,0|0,0|0,0|0,0.5|1,0|0,0|0,0.5|1,0|0,0.5|1,0|0,0|0
240680473fce0823469bb038d61b29eb7fca12be,0.5|1,0.5|1,0.5|1,0.5|1,0.5|1,0.5|1,0.5|1,0.5|1,0.5|1,0.5|1,0|0,0|0,0|0,0.5|1,0|0,0|0,0.5|1,0|0,0.5|1,0|0,0|0
bbcac434f27e876e6f0f4aea3381d53ab065a3c0,0.5|1,0.5|1,0.5|1,0.5|1,0.5|1,0.5|1,0.5|1,0.5|1,0.5|1,0.5|1,0|0,0|0,0|0,0.5|1,0|0,0|0,0.5|1,0|0,0.5|1,0|0,0|0
f27694faed751f48be840969766577720dc2a084,0.5|1,0.5|1,0.5|1,0.5|1,0.5|1,0.5|1,0.5|1,0.5|1,0.5|1,0|1,0|0,0|0,0|0,0.5|1,0|0,0|0,0.5|1,0|0,0.5|1,0|0,0|0
29f519228a0c8c39414528f2bbb5e44e6b2e05c0,0.5|1,0.5|1,0.5|1,0.5|1,0.5|1,0.5|1,0.5|1,0.5|1,0.5|1,0|1,0|0,0|0,0|0,0.5|1,0|0,0|0,0.5|1,0|0,0.5|1,0|0,0|0
2ff6f153766723731d9eb101ef8b2373356d638f,0.5|1,0.5|1,0.5|1,0.5|1,0.5|1,0.5|1,0.5|1,0.5|1,0.5|1,0|1,0|0,0|0,0|0,0.5|1,0|0,0|0,0.5|1,0|0,0.5|1,0|0,0|0
3fcf95935950ad3fc4bf37eee8fb6e4c77c62339,0.5|1,0.5|1,0.5|1,0.5|1,0.5|1,0.5|1,0.5|1,0.5|1,0.5|1,0.5|1,0|0,0|0,0|0,0.5|1,0|0,0|0,0.5|1,0|0,0.5|1,0|0,0|0
7c59eeb92090e22a46a53d9410475280fd5c86bf,0.5|1,0.5|1,0.5|1,0.5|1,0.5|1,0.5|1,0.5|1,0.5|1,0.5|1,0.5|1,0|0,0|0,0|0,0.5|1,0|0,0|0,0.5|1,0|0,0.5|1,0|0,0|0
47dfd4ca647b446ef34f8c4666d1d1bda0a9366b,0.5|1,0.5|1,0.5|1,0.5|1,0.5|1,0|1,0.5|1,0.5|1,0.5|1,0|1,0|0,0|0,0|0,0.5|1,0|0,0|0,0.5|1,0|0,0.5|1,0|0,0|0
9cb4ae646c9b6f423ed448c5d38a3f587f5ee0c5,0.5|1,0.5|1,0.5|1,0.5|1,0.5|1,0.5|1,0.5|1,0.5|1,0.5|1,0.5|1,0|0,0|0,0|0,0.5|1,0|0,0|0,0.5|1,0|0,0.5|1,0|0,0|0
4ea89ecf7bfc4f058cbba91733948f6a3573ba3e,0.5|1,0.5|1,0.5|1,0.5|1,0.5|1,0|1,0.5|1,0.5|1,0.5|1,0.5|1,0|0,0|0,0|0,0.5|1,0|0,0|0,0.5|1,0|0,0.5|1,0|0,0|0
a24d3cf61f26d7c2f0a6e41830a463a2d781de1a,0.5|1,0.5|1,0.5|1,0.5|1,0.5|1,0.5|1,0.5|1,0.5|1,0.5|1,0|1,0|0,0|0,0|0,0.5|1,0|0,0|0,0.5|1,0|0,0.5|1,0|0,0|0
78dddbc900b786da09a5f0df7a799f0a88ef1ea7,0.5|1,0.5|1,0.5|1,0.5|1,0.5|1,0|1,0.5|1,0.5|1,0.5|1,0.5|1,0|0,0|0,0|0,0.5|1,0|0,0|0,0.5|1,0|0,0.5|1,0|0,0|0
eb20999248fccc6bf6635f5e56c2263a91f0162d,0.5|1,0.5|1,0.5|1,0.5|1,0.5|1,0.5|1,0.5|1,0.5|1,0.5|1,0.5|1,0|0,0|0,0|0,0.5|1,0|0,0|0,0.5|1,0|0,0.5|1,0|0,0|0
f1f3a33bc416e4aabf306db693d5d873b1c32d2f,0.5|1,0.5|1,0.5|1,0.5|1,0.5|1,0|1,0.5|1,0.5|1,0.5|1,0.5|1,0|0,0|0,0|0,0.5|1,0|0,0|0,0.5|1,0|0,0.5|1,0|0,0|0
fef966515c1e8a4f18a9fea436707699a6b50c55,0.5|1,0.5|1,0.5|1,0.5|1,0.5|1,0|1,0.5|1,0.5|1,0.5|1,0.5|1,0|0,0|0,0|0,0.5|1,0|0,0|0,0.5|1,0|0,0.5|1,0|0,0|0
d9ef5790efa895abdfadb5aca29b79633a98c3f6,0.5|1,0.5|1,0.5|1,0.5|1,0.5|1,0.5|1,0.5|1,0.5|1,0.5|1,0.5|1,0|0,0|0,0|0,0.5|1,0|0,0|0,0.5|1,0|0,0.5|1,0|0,0|0
7429c172946719e61e76785a49849f3cec0bd646,0.5|1,0.5|1,0.5|1,0.5|1,0.5|1,0.5|1,0.5|1,0.5|1,0.5|1,0|1,0|0,0|0,0|0,0.5|1,0|0,0|0,0.5|1,0|0,0.5|1,0|0,0|0
c68f552fce1f944c63191ab8202f36ce2e7f19eb,0.5|1,0.5|1,0.5|1,0.5|1,0.5|1,0|1,0.5|1,0.5|1,0.5|1,0.5|1,0|0,0|0,0|0,0.5|1,0|0,0|0,0.5|1,0|0,0.5|1,0|0,0|0
2074f2bfaf317fb231bfdcd99f4650cd4a773b5d,0.5|1,0.5|1,0.5|1,0.5|1,0.5|1,0|1,0.5|1,0.5|1,0.5|1,0.5|1,0|0,0|0,0|0,0.5|1,0|0,0|0,0.5|1,0|0,0.5|1,0|0,0|0
f0b559e4dc5c9f1ce0c1e5c6d9ee3e06321dfef7,0.5|1,0.5|1,0.5|1,0.5|1,0.5|1,0|1,0.5|1,0.5|1,0.5|1,0|1,0|0,0|0,0|0,0.5|1,0|0,0|0,0.5|1,0|0,0.5|1,0|0,0|0
50fd862b8dedcd3dcae211e283115b01215f5171,0.5|1,0.5|1,0.5|1,0.5|1,0.5|1,0.5|1,0.5|1,0.5|1,0.5|1,0.5|1,0|0,0|0,0|0,0.5|1,0|0,0|0,0.5|1,0|0,0.5|1,0|0,0|0
31fc8edb9ce38e779e3d9514cb59b402bef1e58b,0.5|1,0.5|1,0.5|1,0.5|1,0.5|1,0.5|1,0.5|1,0.5|1,0.5|1,0|1,0|0,0|0,0|0,0.5|1,0|0,0|0,0.5|1,0|0,0.5|1,0|0,0|0
2e128ba9133345250937f57581947d2b9b905743,0.5|1,0.5|1,0.5|1,0.5|1,0.5|1,0.5|1,0.5|1,0.5|1,0.5|1,0.5|1,0|0,0|0,0|0,0.5|1,0|0,0|0,0.5|1,0|0,0.5|1,0|0,0|0
56a598ca6f0e255ce33c1abac678abdb19818e75,0.5|1,0.5|1,0.5|1,0.5|1,0.5|1,0|1,0.5|1,0.5|1,0.5|1,0|1,0|0,0|0,0|0,0.5|1,0|0,0|0,0.5|1,0|0,0.5|1,0|0,0|0
e4574d306f1b5fdbe5343147ef9ef72b1e25c680,0.5|1,0.5|1,0.5|1,0.5|1,0.5|1,0.5|1,0.5|1,0.5|1,0.5|1,0.5|1,0|0,0|0,0|0,0.5|1,0|0,0|0,0.5|1,0|0,0.5|1,0|0,0|0
0c9dc5e7b263592775aa56122452d17c6eb01afa,0.5|1,0.5|1,0.5|1,0.5|1,0.5|1,0.5|1,0.5|1,0.5|1,0.5|1,0.5|1,0|0,0|0,0|0,0.5|1,0|0,0|0,0.5|1,0|0,0.5|1,0|0,0|0
7f0c8a545b466bd93e440732d9b0ac484757062e,0.5|1,0.5|1,0.5|1,0.5|1,0.5|1,0|1,0.5|1,0.5|1,0.5|1,0|1,0|0,0|0,0|0,0.5|1,0|0,0|0,0.5|1,0|0,0.5|1,0|0,0|0
072e69978a33dfecc20a93ab966c8d6013e42993,0.5|1,0.5|1,0.5|1,0.5|1,0.5|1,0.5|1,0.5|1,0.5|1,0.5|1,0.5|1,0|0,0|0,0|0,0.5|1,0|0,0|0,0.5|1,0|0,0.5|1,0|0,0|0
f9f0475b6306834ef694c997dfd4df2adbcac20a,0.5|1,0.5|1,0.5|1,0.5|1,0.5|1,0|1,0.5|1,0.5|1,0.5|1,0|1,0|0,0|0,0|0,0.5|1,0|0,0|0,0.5|1,0|0,0.5|1,0|0,0|0
a7b6206fab667ab4e719416bf6fe5960b21da8e5,0.5|1,0.5|1,0.5|1,0.5|1,0.5|1,0.5|1,0.5|1,0.5|1,0.5|1,0|1,0|0,0|0,0|0,0.5|1,0|0,0|0,0.5|1,0|0,0.5|1,0|0,0|0
583887f906a432918a34c40aa58820b33b91d5a7,0.5|1,0.5|1,0.5|1,0.5|1,0.5|1,0|1,0.5|1,0.5|1,0.5|1,0.5|1,0|0,0|0,0|0,0.5|1,0|0,0|0,0.5|1,0|0,0.5|1,0|0,0|0
0ab5c42d2721a0ef966308fe5b1dc2d906650d74,0.5|1,0.5|1,0.5|1,0.5|1,0.5|1,0.5|1,0.5|1,0.5|1,0.5|1,0.5|1,0|0,0|0,0|0,0.5|1,0|0,0|0,0.5|1,0|0,0.5|1,0|0,0|0
b5a861581ec1e47f11abb39ce3f9b49bb4c29082,0.5|1,0.5|1,0.5|1,0.5|1,0.5|1,0|1,0.5|1,0.5|1,0.5|1,0.5|1,0|0,0|0,0|0,0.5|1,0|0,0|0,0.5|1,0|0,0.5|1,0|0,0|0
ea694873e05631415ba7047159775a81ad4c1306,0.5|1,0.5|1,0.5|1,0.5|1,0.5|1,0.5|1,0.5|1,0.5|1,0.5|1,0|1,0|0,0|0,0|0,0.5|1,0|0,0|0,0.5|1,0|0,0.5|1,0|0,0|0
812165111060f8f293aed92263ea1451de5766fc,0.5|1,0.5|1,0.5|1,0.5|1,0.5|1,0|1,0.5|1,0.5|1,0.5|1,0.5|1,0|0,0|0,0|0,0.5|1,0|0,0|0,0.5|1,0|0,0.5|1,0|0,0|0
cc17cb758a1b87a0acbe6b3bd63c137e728fade0,0.5|1,0.5|1,0.5|1,0.5|1,0.5|1,0|1,0.5|1,0.5|1,0.5|1,0|1,0|0,0|0,0|0,0.5|1,0|0,0|0,0.5|1,0|0,0.5|1,0|0,0|0
ed96638db09ef9008587903626adf98b1a07cc4d,0.5|1,0.5|1,0.5|1,0.5|1,0.5|1,0|1,0.5|1,0.5|1,0.5|1,0|1,0|0,0|0,0|0,0.5|1,0|0,0|0,0.5|1,0|0,0.5|1,0|0,0|0
196f0dbaec7e03ed0ea9c818d7662373cb3ede8d,0.5|1,0.5|1,0.5|1,0.5|1,0.5|1,0|1,0.5|1,0.5|1,0.5|1,0.5|1,0|0,0|0,0|0,0.5|1,0|0,0|0,0.5|1,0|0,0.5|1,0|0,0|0
51268b3a71741d6f71ca6b9b980b548b49a20679,0.5|1,0.5|1,0.5|1,0.5|1,0.5|1,0.5|1,0.5|1,0.5|1,0.5|1,0|1,0|0,0|0,0|0,0.5|1,0|0,0|0,0.5|1,0|0,0.5|1,0|0,0|0
972c0aa711cadabb686fa75f95559cfd2c4ad316,0.5|1,0.5|1,0.5|1,0.5|1,0.5|1,0|1,0.5|1,0.5|1,0.5|1,0.5|1,0|0,0|0,0|0,0.5|1,0|0,0|0,0.5|1,0|0,0.5|1,0|0,0|0
0e723489615b8f81d9d5a7f823969eb91787d636,0.5|1,0.5|1,0.5|1,0.5|1,0.5|1,0.5|1,0.5|1,0.5|1,0.5|1,0.5|1,0|0,0|0,0|0,0.5|1,0|0,0|0,0.5|1,0|0,0.5|1,0|0,0|0
37beb9729249a1cde472545e2a19d80660e40edc,0.5|1,0.5|1,0.5|1,0.5|1,0.5|1,0|1,0.5|1,0.5|1,0.5|1,0.5|1,0|0,0|0,0|0,0.5|1,0|0,0|0,0.5|1,0|0,0.5|1,0|0,0|0
82f4e69094b7d6e4200d14ba64ac9937f337710d,0.5|1,0.5|1,0.5|1,0.5|1,0.5|1,0.5|1,0.5|1,0.5|1,0.5|1,0|1,0|0,0|0,0|0,0|0,0|0,0|0,0.5|1,0|0,0.5|1,0|0,0|0
e49a9150a3b1cfc3fb9097ca02dd042e35226129,0.5|1,0.5|1,0|0,0.5|0,0.5|1,0.5|1,0.5|1,0|1,0.5|1,0.5|1,0.5|0,0|0,0.5|0,0|0,0|0,0|0,0|1,0|0,0|1,0|0,0|0
df740b5ebcccb9b46bed8c4f6f8e9b04b3e4441c,0.5|1,0|1,0|0,0|0,0.5|1,0.5|1,0.5|1,0.5|1,0.5|1,0.5|1,0|0,0|0,0|0,0|0,0|0,0|0,0|1,0|0,0.5|1,0|0,0|0
a8a8a80c5fb02befe37bfd92d3089d62612c8f2e,0.5|1,0|1,0|0,0|0,0.5|1,0|1,0.5|1,0.5|1,0.5|1,0|1,0|0,0|0,0|0,0|0,0|0,0|0,0|1,0|0,0.5|1,0|0,0|0
3cc9ff94db44f8739905d8ea9bff1723c19c2745,0.5|1,0|0,0|0,0|0,0.5|1,0.5|1,0.5|1,0.5|1,0.5|1,0.5|1,0|0,0|0,0|0,0|0,0|0,0|0,0|1,0|0,0.5|1,0|0,0|0
63b8be0524cbbbafe9f0a0d527ee5d23ab2d8724,0.5|1,0|0,0|0,0|0,0.5|1,0.5|1,0.5|1,0.5|1,0.5|1,0.5|1,0|0,0|0,0|0,0|0,0|0,0|0,0|1,0|0,0.5|1,0|0,0|0
0d29250b990430ca0d7346459c11ca053380bbb5,0.5|1,0|0,0|0,0|0,0.5|1,0.5|1,0.5|1,0.5|1,0.5|1,0|1,0|0,0|0,0|0,0|0,0|0,0|0,0|1,0|0,0.5|1,0|0,0|0
28727baf58aa7c8983769aff1ceecb3121a26ee6,0|0,0|0,0|0,0|0,0|0,0|0,0|0,0|0,0|0,0|0,0|0,0|0,0|0,0|0,0|0,0|0,0.5|1,0.5|1,0.5|1,0|0,0|0
a20a5df162992908b166644f4d5b7dad96b4cdfd,0|0,0|0,0|0,0|0,0|0,0|0,0|0,0|0,0|0,0|0,0|0,0|0,0|0,0|0,0|0,0|0,0.5|1,0.5|1,0.5|1,0|0,0|0
f0214b163b8ba105fa54ebe947ec36fbaeb621ee,0|0,0|0,0|0,0|0,0|0,0|0,0|0,0|0,0|0,0|0,0|0,0|0,0|0,0|0,0|0,0|0,0.5|1,0.5|1,0.5|1,0|0,0|0
5ff80617fa99c7d61b4e058f0c65431bec55cd7d,0|0,0|0,0|0,0|0,0|0,0|0,0|0,0|0,0|0,0|0,0|0,0|0,0|0,0|0,0|0,0|0,0.5|1,0.5|1,0.5|1,0|0,0|0
1c9bd7e20aa13a50f7b9554c00840b16ab081c29,0|0,0|0,0|0,0|0,0|0,0|0,0|0,0|0,0|0,0|0,0|0,0|0,0|0,0|0,0|0,0|0,0.5|1,0.5|1,0.5|1,0|0,0|0
828cdb77ba434eb11ce19f7f0d4482e744b27064,0|0,0|0,0|0,0|0,0|0,0|0,0|0,0|0,0|0,0|0,0|0,0|0,0|0,0|0,0|0,0|0,0.5|1,0.5|1,0.5|1,0|0,0|0
72315c11ac595a73d3b629cc36647327156d5875,0|0,0|0,0|0,0|0,0|0,0|0,0|0,0|0,0|0,0|0,0|0,0|0,0|0,0|0,0|0,0|0,0.5|1,0.5|1,0.5|1,0|0,0|0
b0117e32b9555e7069c2aef571d921bff22f502f,0|0,0|0,0|0,0|0,0|0,0|0,0|0,0|0,0|0,0|0,0|0,0|0,0|0,0|0,0|0,0|0,0|0,0|0,0.5|1,0|0,0|0
3899610fa89b7a6286829d33d4f6534eda603d81,0|0,0|0,0|0,0|0,0|0,0|0,0|0,0|0,0|0,0|0,0|0,0|0,0|0,0|0,0|0,0|0,0|0,0|0,0.5|1,0|0,0|0
bc0de219077b26d86b608d7bdb0e206191aed7ad,0|0,0|0,0|0,0|0,0|0,0|0,0|0,0|0,0|0,0|0,0|0,0|0,0|0,0|0,0|0,0|0,0|0,0|0,0.5|1,0|0,0|0
42068b0f6cfdf8e2d4a597bf959e3f404f429aef,0|0,0|0,0|0,0|0,0|0,0|0,0|0,0|0,0|0,0|0,0|0,0|0,0|0,0|0,0|0,0|0,0|0,0|0,0.5|1,0|0,0|0
045d0c9156f7f166aba2b38f9af841629a70b286,0|0,0|0,0|0,0|0,0|0,0|0,0|0,0|0,0|0,0|0,0|0,0|0,0|0,0|0,0|0,0|0,0|0,0|0,0.5|1,0|0,0|0
266cda3c3b6079c2cfb2f1972d64710f08ff8273,0|0,0|0,0|0,0|0,0|0,0|0,0|0,0|0,0|0,0|0,0|0,0|0,0|0,0|0,0|0,0|0,0|0,0|0,0.5|1,0|0,0|0
1a896d45d57d72719864d080f383b06744baec9e,0|0,0|0,0|0,0|0,0|0,0|0,0|0,0|0,0|0,0|0,0|0,0|0,0|0,0|0,0|0,0|0,0|0,0|0,0.5|1,0|0,0|0
7d6f8576e0df961e960fdf2ab9f5212b9bb6725d,0|0,0|0,0|0,0|0,0|0,0|0,0|0,0|0,0|0,0|0,0|0,0|0,0|0,0|0,0|0,0|0,0|0,0|0,0.5|1,0|0,0|0
f6a923b7651fa0157185e4e8d9fa4a477047a8b0,0|0,0|0,0|0,0|0,0|0,0|0,0|0,0|0,0|0,0|0,0|0,0|0,0|0,0|0,0|0,0|0,0|0,0|0,0.5|1,0|0,0|0
ba74b083b43228c5472dfd7f01580204513ad8df,0|0,0|0,0|0,0|0,0|0,0|0,0|0,0|0,0|0,0|0,0|0,0|0,0|0,0|0,0|0,0|0,0|0,0|0,0.5|1,0|0,0|0
3916f3eea4a89090d017aa04981022e1cb49f207,0|0,0|0,0|0,0|0,0|0,0|0,0|0,0|0,0|0,0|0,0|0,0|0,0|0,0|0,0|0,0|0,0|0,0|0,0.5|1,0|0,0|0
bf478481749584cb6535be4bf3b8f351987b7e49,0|0,0|0,0|0,0|0,0|0,0|0,0|0,0|0,0|0,0|0,0|0,0|0,0|0,0|0,0|0,0|0,0|0,0|0,0.5|1,0|0,0|0
ee0c417a64b6fae5684d7e353ac497630d93c251,0|0,0|0,0|0,0|0,0|0,0|0,0|0,0|0,0|0,0|0,0|0,0|0,0|0,0|0,0|0,0|0,0|0,0|0,0.5|1,0|0,0|0
cdbee17b6e88cc9b1b2ae3a7565cefd1c0c8f103,0|0,0|0,0|0,0|0,0|0,0|0,0|0,0|0,0|0,0|0,0|0,0|0,0|0,0|0,0|0,0|0,0|0,0|0,0.5|1,0|0,0|0
f17635d2eb789668b7b5aadf2efa588cce2920cb,0|0,0|0,0|0,0|0,0|0,0|0,0|0,0|0,0|0,0|0,0|0,0|0,0|0,0|0,0|0,0|0,0|0,0|0,0.5|1,0|0,0|0
262b845c31d26436a85000c2b22611caf3094f06,0|0,0|0,0|0,0|0,0|0,0|0,0|0,0|0,0|0,0|0,0|0,0|0,0|0,0|0,0|0,0|0,0|0,0|0,0.5|1,0|0,0|0
5e9c764903c6ae3c14aa3a71dd06402f0be6077f,0|0,0|0,0|0,0|0,0|0,0|0,0|0,0|0,0|0,0|0,0|0,0|0,0|0,0|0,0|0,0|0,0|0,0|0,0.5|1,0|0,0|0
bbe50c922a233621f2c5e87283153a2d6e495b9c,0|0,0|0,0|0,0|0,0|0,0|0,0|0,0|0,0|0,0|0,0|0,0|0,0|0,0|0,0|0,0|0,0|0,0|0,0.5|1,0|0,0|0
70530453cc5504ed2d0e34741ae938d697eb7005,0|0,0|0,0|0,0|0,0|0,0|0,0|0,0|0,0|0,0|0,0|0,0|0,0|0,0|0,0|0,0|0,0|0,0|0,0.5|1,0|0,0|0
c2714ee61c7569de2ce39e7615fd8675f4945eef,0|0,0|0,0|0,0|0,0|0,0|0,0|0,0|0,0|0,0|0,0|0,0|0,0|0,0|0,0|0,0|0,0|0,0|0,0.5|1,0|0,0|0
f308c61af0807fa3a3f6b7a6963b5556d0c4c1ce,0|0,0|0,0|0,0|0,0|0,0|0,0|0,0|0,0|0,0|0,0|0,0|0,0|0,0|0,0|0,0|0,0|0,0|0,0.5|1,0|0,0|0
2f6371b3b8d69ee596fa44c48ca522db27f6f22f,0|0,0|0,0|0,0|0,0|0,0|0,0|0,0|0,0|0,0|0,0|0,0|0,0|0,0|0,0|0,0|0,0|0,0|0,0.5|1,0.5|1,0.5|1
b34ac3d492b0a46691a5949c19f30fd844c37396,0|0,0|0,0|0,0|0,0|0,0|0,0|0,0|0,0|0,0|0,0|0,0|0,0|0,0|0,0|0,0|0,0|0,0|0,0.5|1,0|0,0|0
6f5a49da5db207a149a3f0cc43fd850502017012,0|0,0|0,0|0,0|0,0|0,0|0,0|0,0|0,0|0,0|0,0|0,0|0,0|0,0|0,0|0,0|0,0|0,0|0,0|0,0|0,0|0
