commit id,OSV-2021-493,OSV-2021-495,OSV-2021-535,OSV-2021-543,OSV-2021-577,OSV-2021-620,OSV-2021-771,OSV-2021-814,OSV-2022-1180,OSV-2022-1211,OSV-2022-1251,OSV-2022-1252,OSV-2022-128,OSV-2022-129,OSV-2022-363,OSV-2022-377,OSV-2022-387,OSV-2022-398,OSV-2022-403,OSV-2022-654,OSV-2022-656,OSV-2022-657,OSV-2022-664,OSV-2023-1048,OSV-2023-1051,OSV-2023-1063,OSV-2023-1099,OSV-2023-1101,OSV-2023-1104,OSV-2023-1110,OSV-2023-1122,OSV-2023-1149,OSV-2023-1186,OSV-2023-135,OSV-2023-269,OSV-2023-270,OSV-2023-271,OSV-2023-284,OSV-2023-314,OSV-2023-316,OSV-2023-397,OSV-2023-412,OSV-2023-415,OSV-2023-416,OSV-2023-42,OSV-2023-440,OSV-2023-452,OSV-2023-455,OSV-2023-46,OSV-2023-634,OSV-2023-717,OSV-2023-748,OSV-2023-758,OSV-2023-777,OSV-2023-811,OSV-2023-850,OSV-2023-855,OSV-2023-874,OSV-2023-894,OSV-2023-965,OSV-2023-997,OSV-2024-123,OSV-2024-1375,OSV-2024-38,OSV-2024-384,OSV-2024-42,OSV-2025-165,OSV-2025-324,poc count
b9a2494135a52c1fbc357b93d4238315e17763b6,0|0,0|0,0|0,0|0,0|0,0|0,0|0,0|0,0|0,0|0,0|0,0|0,0|0,0|0,0|0,0|0,0|0,0|0,0|0,0|0,0|0,0|0,0|0,0|0,0.5|0,0|0,0|0,0|0,0|0,0|0,0|0,0|0,0|0,0|0,0|0,0|0,0|0,0|0,0.5|0,0|0,0.5|0,0|0,0|0,0|0,0|0,0|0,0|0,0|0,0|0,0|0,0|0,0|0,0|0,0|0,0|0,0|0,0|0,0|0,0|0,0|0,0|0,0|0,0|0,0|0,0|0,0|0,0|0,0|0,0
ec9dca354e2580b7e91fdc2ddc8fd1815ecc54e2,0|0,0|0,0|0,0|0,0|0,0|0,0|0,0|0,0|0,0|0,0|0,0|0,0|0,0|0,0|0,0|0,0|0,0|0,0|0,0|0,0|0,0|0,0|0,0|0,0.5|0,0|0,0|0,0|0,0|0,0|0,0|0,0|0,0|0,0|0,0|0,0|0,0|0,0|0,0.5|0,0|0,0.5|0,0|0,0|0,0|0,0|0,0|0,0|0,0|0,0|0,0|0,0|0,0|0,0|0,0|0,0|0,0|0,0|0,0|0,0|0,0|0,0|0,0|0,0|1,0|0,0|0,0|0,0|1,0|1,3
26804f1006dc2f2b62763f54c4351e78fc797c43,0|0,0|0,0|0,0|0,0|0,0|0,0|0,0|0,0|0,0|0,0|0,0|0,0|0,0|0,0|0,0|0,0|0,0|0,0|0,0|0,0|0,0|0,0|0,0|0,0.5|0,0|0,0|0,0|0,0|0,0|0,0|0,0|0,0|0,0|0,0|0,0|0,0|0,0|0,0.5|0,0|0,0.5|0,0|0,0|0,0|0,0|0,0|0,0|0,0|0,0|0,0|0,0|0,0|0,0|0,0|0,0|0,0|0,0|0,0|0,0|0,0|0,0|0,0|0,0|1,0|0,0|0,0|0,0|1,0|1,3
0cce8593fbbc2fddc63ca2e1314fbff87cbcbecf,0|0,0|0,0|0,0|0,0|0,0|0,0|0,0|0,0|0,0|0,0|0,0|0,0|0,0|0,0|0,0|0,0|0,0|0,0|0,0|0,0|0,0|0,0|0,0|0,0.5|0,0|0,0|0,0|0,0|0,0|0,0|0,0|0,0|0,0|0,0|0,0|0,0|0,0|0,0.5|0,0|0,0.5|0,0|0,0|0,0|0,0|0,0|0,0|0,0|0,0|0,0|0,0|0,0|0,0|0,0|0,0|0,0|0,0|0,0|0,0|0,0|0,0|0,0|0,0|1,0|0,0|0,0|0,0|1,0|1,3
16cfd84b99c6f6b1eab9f7652c534eb32ac579f4,0|0,0|0,0|0,0|0,0|0,0|0,0|0,0|0,0|0,0|0,0|0,0|0,0|0,0|0,0|0,0|0,0|0,0|0,0|0,0|0,0|0,0|0,0|0,0|0,0.5|0,0|0,0|0,0|0,0|0,0|0,0|0,0|0,0|0,0|0,0|0,0|0,0|0,0|0,0.5|0,0|0,0.5|0,0|0,0|0,0|0,0|0,0|0,0|0,0|0,0|0,0|0,0|0,0|0,0|0,0|0,0|0,0|0,0|0,0|0,0|0,0|0,0|0,0|0,0|1,0|0,0|0,0|0,0|1,0|1,3
35bd49e3134999f89fbd3c5f3dd5093ba294389a,0|0,0|0,0|0,0|0,0|0,0|0,0|0,0|0,0|0,0|0,0|0,0|0,0|0,0|0,0|0,0|0,0|0,0|0,0|0,0|0,0|0,0|0,0|0,0|0,0.5|0,0|0,0|0,0|0,0|0,0|0,0|0,0|0,0|0,0|0,0|0,0|0,0|0,0|0,0.5|0,0|0,0.5|0,0|0,0|0,0|0,0|0,0|0,0|0,0|0,0|0,0|0,0|0,0|0,0|0,0|0,0|0,0|0,0|0,0|0,0|0,0|0,0|0,0|0,0|1,0|0,0|0,0|0,0|1,0|1,3
d1cb17234bb30d7573256ab330d4125d0d5b12b6,0|0,0|0,0|0,0|0,0|0,0|0,0|0,0|0,0|0,0|0,0|0,0|0,0|0,0|0,0|0,0|0,0|0,0|0,0|0,0|0,0|0,0|0,0|0,0|0,0.5|0,0|0,0|0,0|0,0|0,0|0,0|0,0|0,0|0,0|0,0|0,0|0,0|0,0|0,0.5|0,0|0,0.5|0,0|0,0|0,0|0,0|0,0|0,0|0,0|0,0|0,0|0,0|0,0|0,0|0,0|0,0|0,0|0,0|0,0|0,0|0,0|0,0|0,0|0,0|1,0|0,0|0,0|0,0|1,0|1,3
d09bf010c3fb18deb6c2c42cdeebd27b8a1a9dd9,0|0,0|0,0|0,0|0,0|0,0|0,0|0,0|0,0|0,0|0,0|0,0|0,0|0,0|0,0|0,0|0,0|0,0|0,0|0,0|0,0|0,0|0,0|0,0|0,0.5|0,0|0,0|0,0|0,0|0,0|0,0|0,0|0,0|0,0|0,0|0,0|0,0|0,0|0,0.5|0,0|0,0.5|0,0|0,0|0,0|0,0|0,0|0,0|0,0|0,0|0,0|0,0|0,0|0,0|0,0|0,0|0,0|0,0|0,0|0,0|0,0|0,0|0,0|0,0|1,0|0,0|0,0|0,0|1,0|1,3
3fa888d410b5649c984ac2d0c0582e581dcc5cf6,0|0,0|0,0|0,0|0,0|0,0|0,0|0,0|0,0|0,0|0,0|0,0|0,0|0,0|0,0|0,0|0,0|0,0|0,0|0,0|0,0|0,0|0,0|0,0|0,0.5|0,0|0,0|0,0|0,0|0,0|0,0|0,0|0,0|0,0|0,0|0,0|0,0|0,0|0,0.5|0,0|0,0.5|0,0|0,0|0,0|0,0|0,0|0,0|0,0|0,0|0,0|0,0|0,0|0,0|0,0|0,0|0,0|0,0|0,0|0,0|0,0|0,0|0,0|0,0|1,0|0,0|0,0|0,0|1,0|1,3
b8fd7252b6d4cfd78333346fcfd5c2eed2f748ba,0|0,0|0,0|0,0|0,0|0,0|0,0|0,0|0,0|0,0|0,0|0,0|0,0|0,0|0,0|0,0|0,0|0,0|0,0|0,0|0,0|0,0|0,0|0,0|0,0.5|0,0|0,0|0,0|0,0|0,0|0,0|0,0|0,0|0,0|0,0|0,0|0,0|0,0|0,0.5|0,0|0,0.5|0,0|0,0|0,0|0,0|0,0|0,0|0,0|0,0|0,0|0,0|0,0|0,0|0,0|0,0|0,0|0,0|0,0|0,0|0,0|0,0|0,0|0,0|0,0|0,0.5|1,0|0,0|0,0|0,1
51b7f5387d5f150af8efd77e6388bc82007ab323,0|0,0|0,0|0,0|0,0|0,0|0,0|0,0|0,0|0,0|0,0|0,0|0,0|0,0|0,0|0,0|0,0|0,0|0,0|0,0|0,0|0,0|0,0|0,0|0,0.5|0,0|0,0|0,0|0,0|0,0|0,0|0,0|0,0|0,0|0,0|0,0|0,0|0,0|0,0.5|0,0|0,0.5|0,0|0,0|0,0|0,0|0,0|0,0|0,0|0,0|0,0|0,0|0,0|0,0|0,0|0,0|0,0|0,0|0,0|0,0|0,0|0,0|0,0|0,0|0,0|0,0.5|1,0|0,0|0,0|0,1
3ab51004dabb6619e5badcb7c36bb0b83a65ecb2,0|0,0|0,0|0,0|0,0|0,0|0,0|0,0|0,0|0,0|0,0|0,0|0,0|0,0|0,0|0,0|0,0|0,0|0,0|0,0|0,0|0,0|0,0|0,0|0,0.5|0,0|0,0|0,0|0,0|0,0|0,0|0,0|0,0|0,0|0,0|0,0|0,0|0,0|0,0.5|0,0|0,0.5|0,0|0,0|0,0|0,0|0,0|0,0|0,0|0,0|0,0|0,0|0,0|0,0|0,0|0,0|0,0|0,0|0,0|0,0|0,0|0,0|0,0|0,0|0,0|0,0.5|1,0|0,0|0,0|0,1
c0b87d636140d15397eadfeda93641a62b128cdb,0|0,0|0,0|0,0|0,0|0,0|0,0|0,0|0,0|0,0|0,0|0,0|0,0|0,0|0,0|0,0|0,0|0,0|0,0|0,0|0,0|0,0|0,0|0,0|0,0.5|0,0|0,0|0,0|0,0|0,0|0,0|0,0|0,0|0,0|0,0|0,0|0,0|0,0|0,0.5|0,0|0,0.5|0,0|0,0|0,0|0,0|0,0|0,0|0,0|0,0|0,0|0,0|0,0|0,0|0,0|0,0|0,0|0,0|0,0|0,0|0,0|0,0|0,0|0,0|0,0|0,0.5|1,0|0,0|0,0|0,1
6e7839fbc9bd86902d9cef28bae0c5dd11c78ef8,0|0,0|0,0|0,0|0,0|0,0|0,0|0,0|0,0|0,0|0,0|0,0|0,0|0,0|0,0|0,0|0,0|0,0|0,0|0,0|0,0|0,0|0,0|0,0|0,0.5|0,0|0,0|0,0|0,0|0,0|0,0|0,0|0,0|0,0|0,0|0,0|0,0|0,0|0,0.5|0,0|0,0.5|0,0|0,0|0,0|0,0|0,0|0,0|0,0|0,0|0,0|0,0|0,0|0,0|0,0|0,0|0,0|0,0|0,0|0,0|0,0|0,0|0,0|0,0|0,0|0,0.5|1,0|0,0|0,0|0,1
7e3a96a88cf11a18d4d88920b08f75653d49a3c5,0|0,0|0,0|0,0|0,0|0,0|0,0|0,0|0,0|0,0|0,0|0,0|0,0|0,0|0,0|0,0|0,0|0,0|0,0|0,0|0,0|0,0|0,0|0,0|0,0.5|0,0|0,0|0,0|0,0|0,0|0,0|0,0|0,0|0,0|0,0|0,0|0,0|0,0|0,0.5|0,0|0,0.5|0,0|0,0|0,0|0,0|0,0|0,0|0,0|0,0|0,0|0,0|0,0|0,0|0,0|0,0|0,0|0,0|0,0|0,0|0,0|0,0|0,0|0,0|0,0|0,0.5|1,0|0,0|0,0|0,1
0656005f8c67e7ae0a0591b6225a640a9eab2d3e,0|0,0|0,0|0,0|0,0|0,0|0,0|0,0|0,0|0,0|0,0|0,0|0,0|0,0|0,0|0,0|0,0|0,0|0,0|0,0|0,0|0,0|0,0|0,0|0,0.5|0,0|0,0|0,0|0,0|0,0|0,0|0,0|0,0|0,0|0,0|0,0|0,0|0,0|0,0.5|0,0|0,0.5|0,0|0,0|0,0|0,0|0,0|0,0|0,0|0,0|0,0|0,0|0,0|0,0|0,0|0,0|0,0|0,0|0,0|0,0|0,0|0,0|0,0|0,0|0,0|0,0.5|1,0|0,0|0,0|0,1
33a59e0df8924b1afdac82d59b858ab405948bf0,0|0,0|0,0|0,0|0,0|0,0|0,0|0,0|0,0|0,0|0,0|0,0|0,0|0,0|0,0|0,0|0,0|0,0|0,0|0,0|0,0|0,0|0,0|0,0|0,0.5|0,0|0,0|0,0|0,0|0,0|0,0|0,0|0,0|0,0|0,0|0,0|0,0|0,0|0,0.5|0,0|0,0.5|0,0|0,0|0,0|0,0|0,0|0,0|0,0|0,0|0,0|0,0|0,0|0,0|0,0|0,0|0,0|0,0|0,0|0,0|0,0|0,0|0,0|0,0|0,0|0,0.5|1,0|0,0|0,0|0,1
9cd3b325346176612f35e20e7297c06f7b685c48,0|0,0|0,0|0,0|0,0|0,0|0,0|0,0|0,0|0,0|0,0|0,0|0,0|0,0|0,0|0,0|0,0|0,0|0,0|0,0|0,0|0,0|0,0|0,0|0,0.5|0,0|0,0|0,0|0,0|0,0|0,0|0,0|0,0|0,0|0,0|0,0|0,0|0,0|0,0.5|0,0|0,0.5|0,0|0,0|0,0|0,0|0,0|0,0|0,0|0,0|0,0|0,0|0,0|0,0|0,0|0,0|0,0|0,0|0,0|0,0|0,0|0,0|0,0|0,0|0,0|0,0.5|1,0|0,0|0,0|0,1
e53eab76991e68724bb44feb444ef41a1707927a,0|0,0|0,0|0,0|0,0|0,0|0,0|0,0|0,0|0,0|0,0|0,0|0,0|0,0|0,0|0,0|0,0|0,0|0,0|0,0|0,0|0,0|0,0|0,0|0,0.5|0,0|0,0|0,0|0,0|0,0|0,0|0,0|0,0|0,0|0,0|0,0|0,0|0,0|0,0.5|0,0|0,0.5|0,0|0,0|0,0|0,0|0,0|0,0|0,0|0,0|0,0|0,0|0,0|0,0|0,0|0,0|0,0|0,0|0,0|0,0|0,0|0,0|0,0|0,0|0,0|0,0.5|1,0|0,0|0,0|0,1
f436fd69a68a6c426a26ff7e7018531a6753756c,0|0,0|0,0|0,0|0,0|0,0|0,0|0,0|0,0|0,0|0,0|0,0|0,0|0,0|0,0|0,0|0,0|0,0|0,0|0,0|0,0|0,0|0,0|0,0|0,0.5|0,0|0,0|0,0|0,0|0,0|0,0|0,0|0,0|0,0|0,0|0,0|0,0|0,0|0,0.5|0,0|0,0.5|0,0|0,0|0,0|0,0|0,0|0,0|0,0|0,0|0,0|0,0|0,0|0,0|0,0|0,0|0,0|0,0|0,0|0,0|0,0|0,0|0,0|0,0|0,0|0,0.5|1,0|0,0|0,0|0,1
e420d5aac90f799dec1ce123812bc07eb20e0cc2,0|0,0|0,0|0,0|0,0|0,0|0,0|0,0|0,0|0,0|0,0|0,0|0,0|0,0|0,0|0,0|0,0|0,0|0,0|0,0|0,0|0,0|0,0|0,0|0,0.5|0,0|0,0|0,0|0,0|0,0|0,0|0,0|0,0|0,0|0,0|0,0|0,0|0,0|0,0.5|0,0|0,0.5|0,0|0,0|0,0|0,0|0,0|0,0|0,0|0,0|0,0|0,0|0,0|0,0|0,0|0,0|0,0|0,0|0,0|0,0|0,0|0,0|0,0|0,0|0,0|0,0.5|1,0|0,0|0,0|0,1
72aaca00b7d81d36829f7d54b52fd669bd1a6f08,0|0,0|0,0|0,0|0,0|0,0|0,0|0,0|0,0|0,0|0,0|0,0|0,0|0,0|0,0|0,0|0,0|0,0|0,0|0,0|0,0|0,0|0,0|0,0|0,0.5|0,0|0,0|0,0|0,0|0,0|0,0|0,0|0,0|0,0|0,0|0,0|0,0|0,0|0,0.5|0,0|0,0.5|0,0|0,0|0,0|0,0|0,0|0,0|0,0|0,0|0,0|0,0|0,0|0,0|0,0|0,0|0,0|0,0|0,0|0,0|0,0|0,0|0,0|0,0|0,0|0,0.5|1,0|0,0|0,0|0,1
2e2d7bda11b0f753258e1d26c01400497bf6f2c8,0|0,0|0,0|0,0|0,0|0,0|0,0|0,0|0,0|0,0|0,0|0,0|0,0|0,0|0,0|0,0|0,0|0,0|0,0|0,0|0,0|0,0|0,0|0,0|0,0.5|0,0|0,0|0,0|0,0|0,0|0,0|0,0|0,0|0,0|0,0|0,0|0,0|0,0|0,0.5|0,0|0,0.5|0,0|0,0|0,0|0,0|0,0|0,0|0,0|0,0|0,0|0,0|0,0|0,0|0,0|0,0|0,0|0,0|0,0|0,0|0,0|0,0|0,0.5|1,0|0,0|0,0.5|1,0|0,0|0,0|0,2
09923afd84f549805c25091b39891fd6eb612dd4,0|0,0|0,0|0,0|0,0|0,0|0,0|0,0|0,0|0,0|0,0|0,0|0,0|0,0|0,0|0,0|0,0|0,0|0,0|0,0|0,0|0,0|0,0|0,0|0,0.5|0,0|0,0|0,0|0,0|0,0|0,0|0,0|0,0|0,0|0,0|0,0|0,0|0,0|0,0.5|0,0|0,0.5|0,0|0,0|0,0|0,0|0,0|0,0|0,0|0,0|0,0|0,0|0,0|0,0|0,0|0,0|0,0|0,0|0,0|0,0|0,0|0,0|0,0.5|1,0|0,0|0,0.5|1,0|0,0|0,0|0,2
52cbfaeb3ebe8dfade0433a1744f386dc6dd9807,0|0,0|0,0|0,0|0,0|0,0|0,0|0,0|0,0|0,0|0,0|0,0|0,0|0,0|0,0|0,0|0,0|0,0|0,0|0,0|0,0|0,0|0,0|0,0|0,0.5|0,0|0,0|0,0|0,0|0,0|0,0|0,0|0,0|0,0|0,0|0,0|0,0|0,0|0,0.5|0,0|0,0.5|0,0|0,0|0,0|0,0|0,0|0,0|0,0|0,0|0,0|0,0|0,0|0,0|0,0|0,0|0,0|0,0|0,0|0,0|0,0|0,0|0,0.5|1,0|0,0|0,0.5|1,0|0,0|0,0|0,2
4eb7b2cb088c2fb97b62c4becc61bead0571bf96,0|0,0|0,0|0,0|0,0|0,0|0,0|0,0|0,0|0,0|0,0|0,0|0,0|0,0|0,0|0,0|0,0|0,0|0,0|0,0|0,0|0,0|0,0|0,0|0,0.5|0,0|0,0|0,0|0,0|0,0|0,0|0,0|0,0|0,0|0,0|0,0|0,0|0,0|0,0.5|0,0|0,0.5|0,0|0,0|0,0|0,0|0,0|0,0|0,0|0,0|0,0|0,0|0,0|0,0|0,0|0,0|0,0|0,0|0,0|0,0|0,0|0,0|0,0.5|1,0|0,0|0,0.5|1,0|0,0|0,0|0,2
a0721645f98b409cf4ddf96133ecb409244ab90d,0|0,0|0,0|0,0|0,0|0,0|0,0|0,0|0,0|0,0|0,0|0,0|0,0|0,0|0,0|0,0|0,0|0,0|0,0|0,0|0,0|0,0|0,0|0,0|0,0.5|0,0|0,0|0,0|0,0|0,0|0,0|0,0|0,0|0,0|0,0|0,0|0,0|0,0|0,0.5|0,0|0,0.5|0,0|0,0|0,0|0,0|0,0|0,0|0,0|0,0|0,0|0,0|0,0|0,0|0,0|0,0|0,0|0,0|0,0|0,0|0,0|0,0|0,0.5|1,0|0,0|0,0.5|1,0|0,0|0,0|0,2
53ad41cf71b3aa8c74ceb144c046230a3b94d407,0|0,0|0,0|0,0|0,0|0,0|0,0|0,0|0,0|0,0|0,0|0,0|0,0|0,0|0,0|0,0|0,0|0,0|0,0|0,0|0,0|0,0|0,0|0,0|0,0.5|0,0|0,0|0,0|0,0|0,0|0,0|0,0|0,0|0,0|0,0|0,0|0,0|0,0|0,0.5|0,0|0,0.5|0,0|0,0|0,0|0,0|0,0|0,0|0,0|0,0|0,0|0,0|0,0|0,0|0,0|0,0|0,0|0,0|0,0|0,0|0,0|0,0|0,0.5|1,0|0,0|0,0.5|1,0|0,0|0,0|0,2
909e61852e3b64fc6ae782d78a5a49136e6b20c1,0|0,0|0,0|0,0|0,0|0,0|0,0|0,0|0,0|0,0|0,0|0,0|0,0|0,0|0,0|0,0|0,0|0,0|0,0|0,0|0,0|0,0|0,0|0,0|0,0.5|0,0|0,0|0,0|0,0|0,0|0,0|0,0|0,0|0,0|0,0|0,0|0,0|0,0|0,0.5|0,0|0,0.5|0,0|0,0|0,0|0,0|0,0|0,0|0,0|0,0|0,0|0,0|0,0|0,0|0,0|0,0|0,0|0,0|0,0|0,0|0,0|0,0|0,0.5|1,0|0,0|0,0.5|1,0|0,0|0,0|0,2
46f2695570046561f8b049f393534f414dd12c7c,0|0,0|0,0|0,0|0,0|0,0|0,0|0,0|0,0|0,0|0,0|0,0|0,0|0,0|0,0|0,0|0,0|0,0|0,0|0,0|0,0|0,0|0,0|0,0|0,0.5|0,0|0,0|0,0|0,0|0,0|0,0|0,0|0,0|0,0|0,0|0,0|0,0|0,0|0,0.5|0,0|0,0.5|0,0|0,0|0,0|0,0|0,0|0,0|0,0|0,0|0,0|0,0|0,0|0,0|0,0|0,0|0,0|0,0|0,0|0,0|0,0|0,0|0,0.5|1,0|0,0|0,0.5|1,0|0,0|0,0|0,2
eaed9ba7984a859d5518fbf129a482f5d407ed8f,0|0,0|0,0|0,0|0,0|0,0|0,0|0,0|0,0|0,0|0,0|0,0|0,0|0,0|0,0|0,0|0,0|0,0|0,0|0,0|0,0|0,0|0,0|0,0|0,0.5|0,0|0,0|0,0|0,0|0,0|0,0|0,0|0,0|0,0|0,0|0,0|0,0|0,0|0,0.5|0,0|0,0.5|0,0|0,0|0,0|0,0|0,0|0,0|0,0|0,0|0,0|0,0|0,0|0,0|0,0|0,0|0,0|0,0|0,0|0,0|0,0|0,0|0,0.5|1,0|0,0|0,0.5|1,0|0,0|0,0|0,2
59ee81ac0c7d7f66f45b791ce2f6f7f0f052d09b,0|0,0|0,0|0,0|0,0|0,0|0,0|0,0|0,0|0,0|0,0|0,0|0,0|0,0|0,0|0,0|0,0|0,0|0,0|0,0|0,0|0,0|0,0|0,0|0,0.5|0,0|0,0|0,0|0,0|0,0|0,0|0,0|0,0|0,0|0,0|0,0|0,0|0,0|0,0.5|0,0|0,0.5|0,0|0,0|0,0|0,0|0,0|0,0|0,0|0,0|0,0|0,0|0,0|0,0|0,0|0,0|0,0|0,0|0,0|0,0|0,0|0,0|0,0.5|1,0|0,0|0,0.5|1,0|0,0|0,0|0,2
7657ea2bb1bf53a61f4fb5bbca628ad6fe9a4d3a,0|0,0|0,0|0,0|0,0|0,0|0,0|0,0|0,0|0,0|0,0|0,0|0,0|0,0|0,0|0,0|0,0|0,0|0,0|0,0|0,0|0,0|0,0|0,0|0,0.5|0,0|0,0|0,0|0,0|0,0|0,0|0,0|0,0.5|1,0|0,0|0,0|0,0|0,0|0,0.5|0,0|0,0.5|0,0|0,0|0,0|0,0|0,0|0,0|0,0|0,0|0,0|0,0|0,0|0,0|0,0|0,0|0,0|0,0.5|1,0|0,0|0,0|0,0|0,0.5|1,0|0,0.5|1,0.5|1,0.5|1,0|0,0|0,6
72be518a25ba23b771750607c36613a924bef32d,0|0,0|0,0|0,0|0,0|0,0|0,0|0,0|0,0|0,0|0,0|0,0|0,0|0,0|0,0|0,0|0,0|0,0|0,0|0,0|0,0|0,0|0,0|0,0|0,0.5|0,0|0,0|0,0|0,0|0,0|0,0|0,0|0,0.5|1,0|0,0|0,0|0,0|0,0|0,0.5|0,0|0,0.5|0,0|0,0|0,0|0,0|0,0|0,0|0,0|0,0|0,0|0,0|0,0|0,0|0,0|0,0|0,0|0,0.5|1,0|0,0|0,0|0,0|0,0.5|1,0|0,0.5|1,0.5|1,0.5|1,0|0,0|0,6
e649e4fec02bd0a4c4065a3f64a524adf1640e16,0|0,0|0,0|0,0|0,0|0,0|0,0|0,0|0,0|0,0|0,0|0,0|0,0|0,0|0,0|0,0|0,0|0,0|0,0|0,0|0,0|0,0|0,0|0,0|0,0.5|0,0|0,0|0,0|0,0|0,0|0,0|0,0|0,0.5|1,0|0,0|0,0|0,0|0,0|0,0.5|0,0|0,0.5|0,0|0,0|0,0|0,0|0,0|0,0|0,0|0,0|0,0|0,0|0,0|0,0|0,0|0,0|0,0|0,0.5|1,0|0,0|0,0|0,0|0,0.5|1,0|0,0.5|1,0.5|1,0.5|1,0|0,0|0,6
7fd40e4ae528553e85fe49660f15136925a0630c,0|0,0|0,0|0,0|0,0|0,0|0,0|0,0|0,0|0,0|0,0|0,0|0,0|0,0|0,0|0,0|0,0|0,0|0,0|0,0|0,0|0,0|0,0|0,0|0,0.5|0,0|0,0|0,0|0,0|0,0|0,0|0,0|0,0.5|1,0|0,0|0,0|0,0|0,0|0,0.5|0,0|0,0.5|0,0|0,0|0,0|0,0|0,0|0,0|0,0|0,0|0,0|0,0|0,0|0,0|0,0|0,0|0,0|0,0.5|1,0|0,0|0,0|0,0|0,0.5|1,0|0,0.5|1,0.5|1,0.5|1,0|0,0|0,6
744fef3837ef316b7552a3b2ce8727838eaf259e,0|0,0|0,0|0,0|0,0|0,0|0,0|0,0|0,0|0,0|0,0|0,0|0,0|0,0|0,0|0,0|0,0|0,0|0,0|0,0|0,0|0,0|0,0|0,0|0,0.5|0,0|0,0|0,0|0,0|0,0|0,0|0,0|0,0.5|1,0|0,0|0,0|0,0|0,0|0,0.5|0,0|0,0.5|0,0|0,0|0,0|0,0|0,0|0,0|0,0|0,0|0,0|0,0|0,0|0,0|0,0|0,0|0,0|0,0.5|1,0|0,0|0,0|0,0|0,0.5|1,0|0,0.5|1,0.5|1,0.5|1,0|0,0|0,6
76a574c2b7ecaab13a5ad7c9a9ba82074a5614fe,0|0,0|0,0|0,0|0,0|0,0|0,0|0,0|0,0|0,0|0,0|0,0|0,0|0,0|0,0|0,0|0,0|0,0|0,0|0,0|0,0.5|0,0|0,0|0,0|0,0.5|0,0|0,0|0,0|0,0|0,0|0,0|0,0|0,0.5|1,0|0,0|0,0|0,0|0,0|0,0.5|0,0|0,0.5|0,0|0,0|0,0|0,0.5|1,0|0,0|0,0|0,0|0,0|0,0|0,0|0,0|0,0|0,0|0,0|0,0.5|1,0|0,0|0,0|0,0|0,0.5|1,0|0,0.5|1,0.5|1,0.5|1,0|0,0|0,7
1e551ba7b0c431aa34c3639a92f10e03e9fbbc82,0|0,0|0,0|0,0|0,0|0,0|0,0|0,0|0,0|0,0|0,0|0,0|0,0|0,0|0,0|0,0|0,0|0,0|0,0|0,0|0,0.5|0,0|0,0|0,0|0,0.5|0,0|0,0|0,0|0,0|0,0|0,0|0,0|0,0.5|1,0|0,0|0,0|0,0|0,0|0,0.5|0,0|0,0.5|0,0|0,0|0,0|0,0.5|1,0|0,0|0,0|0,0|0,0|0,0|0,0|0,0|0,0|0,0|0,0|0,0.5|1,0|0,0|0,0|0,0|0,0.5|1,0|0,0.5|1,0.5|1,0.5|1,0|0,0|0,7
8daeba2018b8c2d24ffb15977ed637b8ec515380,0|0,0|0,0|0,0|0,0|0,0|0,0|0,0|0,0|0,0|0,0|0,0|0,0|0,0|0,0|0,0|0,0|0,0|0,0|0,0|0,0.5|0,0|0,0|0,0|0,0.5|0,0|0,0|0,0|0,0|0,0|0,0|0,0|0,0.5|1,0|0,0|0,0|0,0|0,0|0,0.5|0,0|0,0.5|0,0|0,0|0,0|0,0.5|1,0|0,0|0,0|0,0|0,0|0,0.5|1,0|0,0|0,0|0,0|0,0|0,0.5|1,0|0,0|0,0|0,0|0,0.5|1,0|0,0.5|1,0.5|1,0.5|1,0|0,0|0,8
c49226b166c7e740a2966aa3002cf6a9e032fb7e,0|0,0|0,0|0,0|0,0|0,0|0,0|0,0|0,0|0,0|0,0|0,0|0,0|0,0|0,0|0,0|0,0|0,0|0,0|0,0|0,0.5|0,0|0,0|0,0|0,0.5|0,0|0,0|0,0|0,0|0,0|0,0|0,0|0,0.5|1,0|0,0|0,0|0,0|0,0|0,0.5|0,0|0,0.5|0,0|0,0|0,0|0,0.5|1,0|0,0|0,0|0,0|0,0|0,0.5|1,0|0,0|0,0|0,0|0,0|0,0.5|1,0|0,0|0,0|0,0|0,0.5|1,0|0,0.5|1,0.5|1,0.5|1,0|0,0|0,8
e8ecfdeae762a6e2a9a3af0d36738d1fbc333f19,0|0,0|0,0|0,0|0,0|0,0|0,0|0,0|0,0|0,0|0,0|0,0|0,0|0,0|0,0|0,0|0,0|0,0|0,0|0,0|0,0.5|0,0|0,0|0,0|0,0.5|0,0|0,0|0,0|0,0|0,0|0,0|0,0|0,0.5|1,0|0,0|0,0|0,0|0,0|0,0.5|0,0|0,0.5|0,0|0,0|0,0|0,0.5|1,0|0,0|0,0|0,0|0,0|0,0.5|1,0|0,0|0,0|0,0|0,0|0,0.5|1,0|0,0|0,0|0,0|0,0.5|1,0|0,0.5|1,0.5|1,0.5|1,0|0,0|0,8
79e7dabc737bef56e6eec2a919290c6581f8b829,0|0,0|0,0|0,0|0,0|0,0|0,0|0,0|0,0|0,0|0,0|0,0|0,0|0,0|0,0|0,0|0,0|0,0|0,0|0,0|0,0.5|0,0|0,0|0,0|0,0.5|0,0|0,0|0,0|0,0|0,0|0,0|0,0|0,0.5|1,0|0,0|0,0|0,0|0,0|0,0.5|0,0|0,0.5|0,0|0,0|0,0|0,0.5|1,0|0,0|0,0|0,0|0,0|0,0.5|1,0|0,0|0,0|0,0|0,0|0,0.5|1,0|0,0|0,0|0,0|0,0.5|1,0|0,0.5|1,0.5|1,0.5|1,0|0,0|0,8
774894c13e511318215a888eb483d76282a18ed1,0|0,0|0,0|0,0|0,0|0,0|0,0|0,0|0,0|0,0|0,0|0,0|0,0|0,0|0,0|0,0|0,0|0,0|0,0|0,0|0,0.5|0,0|0,0|0,0|0,0.5|0,0|0,0|0,0|0,0|0,0|0,0|0,0|0,0.5|1,0|0,0|0,0|0,0|0,0|0,0.5|0,0|0,0.5|0,0|0,0|0,0|0,0.5|1,0|0,0|0,0|0,0|0,0|0,0.5|1,0|0,0|0,0|0,0|0,0|0,0.5|1,0|0,0|0,0|0,0|0,0.5|1,0|0,0.5|1,0.5|1,0.5|1,0|0,0|0,8
2df7a4f590c2ef170576a8c3a985a56e8282307d,0|0,0|0,0|0,0|0,0|0,0|0,0|0,0|0,0|0,0|0,0|0,0|0,0|0,0|0,0|0,0|0,0|0,0|0,0|0,0|0,0|0,0|0,0|0,0|0,0.5|0,0|0,0|0,0|0,0.5|1,0|0,0.5|1,0.5|1,0.5|1,0.5|0,0|0,0|0,0|0,0|0,0.5|0,0|0,0.5|0,0|0,0|0,0|0,0.5|1,0|0,0.5|0,0|0,0|0,0|0,0.5|1,0|0,0|0,0|0,0|0,0|0,0.5|1,0|0,0|0,0|0,0|0,0.5|1,0|0,0.5|1,0.5|1,0.5|1,0|0,0|0,11
8b6d49a19269320fbe91922fc51e4cda84105c28,0|0,0|0,0|0,0|0,0|0,0|0,0|0,0|0,0|0,0|0,0|0,0|0,0|0,0|0,0|0,0|0,0|0,0|0,0|0,0|0,0|0,0|0,0|0,0|0,0.5|0,0|0,0|0,0|0,0.5|1,0.5|1,0.5|1,0.5|1,0.5|1,0.5|0,0|0,0|0,0|0,0|0,0.5|0,0|0,0.5|0,0|0,0|0,0|0,0.5|1,0|0,0.5|0,0|0,0|0,0|0,0.5|1,0|0,0|0,0|0,0|0,0|0,0.5|1,0|0,0|0,0|0,0|0,0.5|1,0|0,0.5|1,0.5|1,0.5|1,0|0,0|0,12
8c06840f1668cb30686dd3707a15a466d293cef0,0|0,0|0,0|0,0|0,0|0,0|0,0|0,0|0,0|0,0|0,0|0,0|0,0|0,0|0,0|0,0|0,0|0,0|0,0|0,0|0,0|0,0|0,0|0,0|0,0.5|0,0|0,0|0,0|0,0.5|1,0.5|1,0.5|1,0.5|1,0.5|1,0.5|0,0|0,0|0,0|0,0|0,0.5|0,0|0,0.5|0,0|0,0|0,0|0,0.5|1,0|0,0.5|0,0|0,0|0,0|0,0.5|1,0|0,0|0,0|0,0|0,0|0,0.5|1,0|0,0|0,0|0,0|0,0.5|1,0|0,0.5|1,0.5|1,0.5|1,0|0,0|0,12
636e2886a9e918f79243912608fbdcdafacc784c,0.5|0,0.5|0,0.5|0,0|0,0|0,0|0,0|0,0|0,0.5|0,0|0,0.5|0,0.5|0,0|0,0|0,0|0,0|0,0|0,0.5|0,0|0,0|0,0.5|0,0|0,0|0,0|0,0.5|0,0|0,0.5|0,0|0,0.5|1,0.5|1,0.5|1,0.5|1,0.5|1,0.5|0,0|0,0|0,0|0,0.5|0,0.5|0,0.5|0,0.5|1,0.5|0,0.5|0,0.5|0,0.5|1,0|0,0.5|0,0.5|0,0|0,0.5|0,0.5|1,0.5|1,0.5|0,0.5|1,0|1,0.5|0,0.5|1,0.5|0,0|0,0.5|0,0.5|1,0.5|1,0|0,0.5|1,0.5|1,0.5|1,0|0,time out,17
17eea00d192455dd4248b206caacaf311356cc20,0|0,0.5|0,0|0,0|0,0|0,0|0,0|0,0|0,0|0,0|0,0.5|1,0.5|1,0|0,0|0,0|0,0|0,0|0,0.5|0,0|0,0|0,0.5|0,0|0,0|0,0|0,0|0,0|0,0.5|1,0|1,0.5|1,0.5|1,0.5|1,0.5|1,0.5|1,0|0,0|0,0|0,0|0,0|0,0|0,0|0,0.5|1,0.5|0,0.5|0,0.5|0,0.5|1,0|0,0|0,0|0,0|0,0.5|1,0.5|1,1|1,0.5|0,0.5|1,0.5|1,0|0,0.5|1,0.5|0,0|0,0|0,0.5|1,0.5|1,0|0,0.5|1,0.5|1,0.5|1,0|0,0|0,22
2ed11a3076459c67e949e352b7abacde66fa4365,0|0,0.5|0,0|0,0|0,0|0,0|0,0|0,0|0,0|0,0|0,0.5|1,0.5|1,0|0,0|0,0|0,0|0,0|0,0|0,0|0,0|0,0.5|0,0|0,0|0,0|0,0.5|1,0.5|1,0.5|1,0.5|1,0.5|1,0.5|1,0.5|1,0.5|1,0.5|1,0.5|0,0|0,0|0,0|0,0|0,0|0,0|0,0.5|1,0.5|0,0.5|0,0.5|0,0.5|1,0|0,0.5|1,0|0,0|0,0.5|1,0.5|1,1|1,0|0,0.5|1,0.5|1,0|0,0.5|1,0.5|0,0|0,0.5|1,0.5|1,0.5|1,0|0,0.5|1,0.5|1,0.5|1,0|0,0|0,26
a67ea97d93998f35d6494c96118c60c5f1aee4e9,0|0,0.5|0,0|0,0|0,0|0,0|0,0|0,0|0,0|0,0|0,0.5|1,0.5|1,0|0,0|0,0|0,0|0,0|0,0|0,0|0,0|0,0.5|0,0|0,0|0,0.5|1,0.5|1,0.5|1,0.5|1,0.5|1,0.5|1,0.5|1,0.5|1,0.5|1,0.5|1,0.5|0,0|0,0|0,0|0,0|0,0|0,0|0,0.5|1,0.5|0,0.5|0,0.5|0,0.5|1,0|0,0.5|1,0|0,0|0,0.5|1,0.5|1,1|1,0|0,0.5|1,0.5|1,0|0,0.5|1,0.5|0,0|0,0.5|1,0.5|1,0.5|1,0|0,0.5|1,0.5|1,0.5|1,0|0,0|0,27
592696a109efeaddd47495da3b4283f1dde9e053,0|0,0.5|0,0|0,0|0,0|0,0|0,0|0,0|0,0|0,0|0,0.5|1,0.5|1,0|0,0|0,0|0,0|0,0|0,0|0,0|0,0|0,0.5|0,0|0,0|0,0.5|1,0.5|1,0.5|1,0.5|1,0.5|1,0.5|1,0.5|1,0.5|1,0.5|1,0.5|1,0.5|0,0|0,0|0,0|0,0|0,0|0,0|0,0.5|1,0.5|0,0.5|0,0.5|0,0.5|1,0|0,0.5|1,0|0,0|0,0.5|1,0.5|1,1|1,0|0,0.5|1,0.5|1,0|0,0.5|1,0.5|0,0|0,0.5|1,0.5|1,0.5|1,0|0,0.5|1,0.5|1,0.5|1,0|0,0|0,27
1667b16caa1d7c3f584ce067b90ddc84b6bf8424,0|0,0.5|0,0|0,0|0,0|0,0|0,0|0,0|0,0|0,0|0,0.5|1,0.5|1,0|0,0|0,0|0,0|0,0|0,0|0,0|0,0|0,0.5|0,0|0,0|0,0|0,0|0,0.5|1,0.5|1,0|0,0.5|1,0.5|1,0.5|1,0.5|1,0.5|1,0.5|0,0|0,0|0,0|0,0|0,0|0,0|0,0.5|1,0.5|0,0.5|0,0.5|0,0.5|1,0|0,0.5|1,0|0,0|0,0.5|1,0.5|1,1|1,0|0,0.5|1,0.5|1,0|0,0.5|1,0.5|0,0|0,0.5|1,0.5|1,0.5|1,0|0,0.5|1,0.5|1,0.5|1,0|0,0|0,24
b4bf31ac73570ac19a6ca9f753bdf979c5f625f7,0|0,0.5|0,0|0,0|0,0|0,0|0,0|0,0|0,0|0,0|0,0.5|1,0.5|1,0|0,0.5|0,0|0,0|0,0|0,0|0,0|0,0|0,0.5|0,0|0,0|0,0|0,0|0,0.5|1,0.5|1,0|0,0.5|1,0.5|1,0.5|1,0.5|1,0.5|1,0.5|0,0|0,0|0,0|0,0|0,0|0,0|0,0.5|1,0.5|0,0.5|0,0.5|0,0.5|1,0|0,0.5|1,0|0,0|0,0.5|1,0.5|1,1|1,0|0,0.5|1,0.5|1,0|0,0.5|1,0.5|0,0.5|1,0.5|1,0.5|1,0.5|1,0|0,0.5|1,0|0,0.5|1,0|0,0|0,24
76baf858da4cdc14bb4f0d8c994f0aa859232cae,0|0,0.5|0,0|0,0|0,0|0,0|0,0|0,0|0,0|0,0|0,0.5|1,0.5|1,0|0,0.5|0,0|0,0|0,0|0,0|0,0|0,0|0,0.5|0,0|0,0|0,0|0,0|0,0.5|1,0.5|1,0|0,0.5|1,0.5|1,0.5|1,0.5|1,0.5|1,0.5|0,0|0,0|0,0|0,0|0,0|0,0|0,0.5|1,0.5|0,0.5|0,0.5|0,0.5|1,0|0,0.5|1,0|0,0|0,0.5|1,0.5|1,1|1,0|0,0.5|1,0.5|1,0|0,0.5|1,0.5|0,0.5|1,0.5|1,0.5|1,0.5|1,0|0,0.5|1,0|0,0.5|1,0|0,0|0,24
336fa39444631a5eb27fcf9311ff08098a45aa24,0|0,0.5|0,0|0,0|0,0|0,0|0,0|0,0|0,0|0,0|0,0.5|1,0.5|1,0|0,0.5|0,0|0,0|0,0|0,0|0,0|0,0|0,0.5|0,0|0,0|0,0|0,0|0,0.5|1,0.5|1,0|0,0.5|1,0|0,0.5|1,0.5|1,0.5|1,0.5|0,0|0,0|0,0|0,0|0,0|0,0|0,0.5|1,0.5|0,0.5|0,0.5|0,0.5|1,0|0,0.5|1,0|0,0|0,0.5|1,0.5|1,1|1,0|0,0.5|1,0.5|1,0.5|1,0.5|1,0.5|0,0.5|1,0.5|1,0.5|1,0.5|1,0|0,0|0,0|0,0.5|1,0|0,0|0,23
36590dabf9ada4f15e5b9f86e206632c376d2b16,0|0,0.5|0,0|0,0|0,0|0,0|0,0|0,0|0,0|0,0|0,0.5|1,0.5|1,0|0,0.5|0,0|0,0|0,0|0,0|0,0|0,0|0,0.5|0,0|0,0|0,0|0,0|0,0.5|1,0.5|1,0|0,0.5|1,0|0,0.5|1,0.5|1,0.5|1,0.5|0,0|0,0|0,0|0,0|0,0|0,0|0,0.5|1,0.5|0,0.5|0,0.5|0,0.5|1,0|0,0.5|1,0|0,0|0,0.5|1,0.5|1,1|1,0|0,0.5|1,0.5|1,0.5|1,0.5|1,0.5|0,0.5|1,0.5|1,0.5|1,0.5|1,0|0,0|0,0|0,0.5|1,0|0,0|0,23
8c36b98d4308bc28a1fed434faef6e51d75ca566,0|0,0.5|0,0|0,0|0,0.5|0,0|0,0.5|0,0|0,0|0,0|0,0.5|1,0.5|1,0|0,0.5|0,0.5|0,0|0,0|0,0.5|0,0|0,0|0,0.5|0,0.5|0,0|0,0|0,0|0,0.5|1,0.5|1,0|0,0.5|1,0|0,0.5|1,0|0,0.5|1,0.5|0,0|0,0|0,0|0,0|0,0|0,0|0,0.5|1,0.5|0,0.5|0,0.5|0,0.5|1,0.5|1,0.5|1,0|0,0|0,0.5|1,0.5|1,1|1,0.5|1,0.5|1,0.5|1,0.5|1,0.5|1,1|1,0.5|1,0.5|1,0.5|1,0.5|1,0|0,0|0,0|0,0.5|1,0|0,0|0,25
a3d7ff87941a229484be88f78f75758f9b5a36d9,0|0,0.5|0,0|0,0|0,0.5|0,0|0,0.5|0,0|0,0|0,0|0,0.5|1,0.5|1,0|0,0.5|0,0.5|0,0|0,0|0,0.5|0,0|0,0|0,0.5|0,0.5|0,0|0,0|0,0|0,0.5|1,0.5|1,0|0,0.5|1,0|0,0.5|1,0|0,0.5|1,0.5|0,0|0,0|0,0|0,0|0,0|0,0|0,0.5|1,0.5|0,0.5|0,0.5|0,0.5|1,0.5|1,0.5|1,0|0,0|0,0.5|1,0.5|1,1|1,0.5|1,0.5|1,0.5|1,0.5|1,0.5|1,1|1,0.5|1,0.5|1,0.5|1,0.5|1,0|0,0|0,0|0,0.5|1,0|0,0|0,25
231beea9d97122f3ce0c49b5de2103af75e4c713,0|0,0.5|0,0|0,0|0,0.5|0,0|0,0.5|0,0|0,0|0,0|0,0.5|1,0.5|1,0|0,0.5|0,0.5|0,0|0,0|0,0.5|0,0|0,0|0,0.5|0,0.5|0,0|0,0|0,0|0,0.5|1,0.5|1,0|0,0.5|1,0|0,0.5|0,0|0,0.5|1,0.5|0,0|0,0|0,0.5|0,0|0,0|0,0|0,0.5|1,0.5|0,0.5|0,0.5|0,0.5|1,0.5|1,0.5|1,0|0,0|0,0.5|1,0.5|1,1|1,0.5|1,0.5|1,0.5|1,0.5|1,0.5|1,1|1,0.5|1,0.5|1,0.5|1,0.5|1,0|0,0|0,0|0,0.5|1,0|0,0|0,24
e4f17edb03f4789120d975036e17596295a32566,0|0,0.5|0,0|0,0|0,0.5|0,0|0,0.5|0,0|0,0|0,0|0,0.5|1,0.5|1,0|0,0.5|0,0.5|0,0|0,0|0,0.5|0,0|0,0|0,0.5|0,0.5|0,0|0,0|0,0|0,0.5|1,0.5|1,0|0,0.5|1,0|0,0.5|0,0|0,0.5|1,0.5|0,0|0,0|0,0.5|0,0|0,0|0,0|0,0.5|1,0.5|0,0.5|0,0.5|0,0.5|1,0.5|1,0.5|1,0|0,0|0,0.5|1,0.5|1,1|1,0.5|1,0.5|1,0.5|1,0.5|1,0.5|1,1|1,0.5|1,0.5|1,0.5|1,0.5|1,0|0,0|0,0|0,0.5|1,0|0,0|0,24
7efc5fabdd0060503149a724571fad0df423b509,0|0,0.5|0,0|0,0|0,0.5|0,0|0,0.5|0,0|0,0|0,0|0,0.5|1,0.5|1,0|0,0.5|0,0.5|0,0|0,0|0,0.5|0,0|0,0|0,0.5|0,0.5|0,0|0,0|0,0|0,0.5|1,0.5|1,0|0,0.5|1,0|0,0.5|0,0|0,0.5|1,0.5|0,0|0,0|0,0.5|0,0|0,0|0,0|0,0.5|1,0.5|0,0.5|0,0.5|0,0.5|1,0.5|1,0.5|1,0|0,0|0,0.5|1,0.5|1,1|1,0.5|1,0.5|1,0.5|1,0.5|1,0.5|1,1|1,0.5|1,0.5|1,0.5|1,0.5|1,0|0,0|0,0|0,0.5|1,0|0,0|0,24
bac38880b6bf539eabf69923d0a284ca604ede6a,0|0,0.5|0,0|0,0|0,0.5|0,0|0,0.5|0,0|0,0|0,0|0,0.5|1,0.5|1,0|0,0.5|0,0.5|0,0|0,0|0,0.5|0,0|0,0|0,0.5|0,0.5|0,0|0,0|0,0|0,0.5|1,0.5|1,0|0,0.5|1,0|0,0.5|0,0|0,0.5|1,0.5|0,0|0,0|0,0.5|0,0|0,0|0,0|0,0.5|1,0.5|0,0.5|0,0.5|0,0.5|1,0.5|1,0.5|1,0|0,0|0,0.5|1,0.5|1,1|1,0.5|1,0.5|1,0.5|1,0.5|1,0.5|1,1|1,0.5|1,0.5|1,0.5|1,0.5|1,0|0,0|0,0|0,0.5|1,0|0,0|0,24
f4a60934281f5d86f412c7af55ed08d035789b02,0|0,0.5|0,0|0,0|0,0.5|0,0|0,0.5|0,0|0,0|0,0|0,0.5|1,0.5|1,0|0,0.5|0,0.5|0,0|0,0|0,0.5|0,0|0,0|0,0.5|0,0.5|0,0|0,0|0,0|0,0.5|1,0.5|1,0|0,0.5|1,0|0,0|0,0|0,0.5|1,0.5|0,0|0,0|0,0|0,0|0,0|0,0|0,0.5|1,0.5|0,0.5|0,0.5|0,0.5|1,0.5|1,0.5|1,0|0,0|0,0.5|1,0.5|1,0|0,0.5|1,0.5|1,0|0,0.5|1,0.5|1,1|1,0.5|1,0.5|1,0.5|1,0.5|1,0|0,0|0,0|0,0.5|1,0|0,0|0,22
4ac724c1f132e2c9b0d958d214a32bf14a99c26b,0|0,0.5|0,0|0,0|0,0.5|0,0|0,0.5|0,0|0,0|0,0|0,0.5|1,0.5|1,0|0,0.5|0,0.5|0,0|0,0|0,0.5|0,0|0,0|0,0.5|0,0.5|0,0|0,0|0,0|0,0.5|1,0.5|1,0|0,0.5|1,0|0,0|0,0|0,0.5|1,0.5|0,0|0,0|0,0|0,0|0,0|0,0|0,0.5|1,0.5|0,0.5|0,0.5|0,0.5|1,0.5|1,0.5|1,0|0,0|0,0.5|1,0.5|1,0|0,0.5|1,0.5|1,0|0,0.5|1,0.5|1,1|1,0.5|1,0.5|1,0.5|1,0.5|1,0|0,0|0,0|0,0.5|1,0|0,0|0,22
7e8b2e23437b16b76b6474bbd6d76a73cabc3671,0|0,0.5|0,0|0,0|0,0.5|0,0|0,0.5|0,0|0,0|0,0|0,0.5|1,0.5|1,0|0,0.5|0,0.5|0,0|0,0|0,0.5|0,0|0,0|0,0.5|0,0.5|0,0|0,0|0,0|0,0.5|1,0.5|1,0|0,0.5|1,0|0,0|0,0|0,0.5|1,0.5|0,0|0,0|0,0|0,0|0,0|0,0|0,0.5|1,0.5|0,0.5|0,0.5|0,0.5|1,0.5|1,0.5|1,0|0,0|0,0.5|1,0|0,0|0,0.5|1,0.5|1,0|0,0.5|1,0.5|1,0.5|0,0.5|1,0.5|1,0.5|1,0.5|1,0|0,0|0,0|0,0.5|1,0|0,0|0,20
36b51b75b4d55f975c22e9444fdcd56330cda92b,0|0,0.5|0,0|0,0|0,0.5|0,0|0,0.5|0,0|0,0|0,0|0,0.5|1,0.5|1,0|0,0.5|0,0.5|0,0|0,0|0,0.5|0,0|0,0|0,0.5|0,0.5|0,0|0,0|0,0|0,0.5|1,0.5|1,0|0,0.5|1,0|0,0|0,0|0,0.5|1,0.5|0,0|0,0|0,0|0,0|0,0|0,0|0,0.5|1,0.5|0,0.5|0,0.5|0,0.5|1,0.5|1,0.5|1,0|0,0|0,0.5|1,0|0,0|0,0.5|1,0|0,0|0,0.5|1,0.5|1,0.5|0,0.5|1,0.5|1,0|0,0.5|1,0|0,0|0,0|0,0.5|1,0|0,0|0,18
22816ff71127af10a779f20e54de40948a0cd6e7,0|0,0.5|0,0|0,0|0,0.5|0,0|0,0.5|0,0|0,0|0,0|0,0.5|1,0.5|1,0|0,0.5|0,0.5|0,0|0,0|0,0.5|0,0|0,0|0,0.5|0,0.5|0,0|0,0|0,0|0,0.5|1,0.5|1,0|0,0.5|1,0|0,0|0,0|0,0.5|1,0.5|0,0|0,0|0,0|0,0|0,0|0,0|0,0.5|1,0.5|0,0.5|0,0.5|0,0.5|1,0.5|1,0.5|1,0|0,0|0,0.5|1,0|0,0|0,0.5|1,0|0,0|0,0.5|1,0.5|1,0.5|0,0.5|1,0.5|1,0|0,0.5|1,0|0,0|0,0|0,0.5|1,0|0,0|0,18
bf11fad98f6f3af66eac0aa86efdd4e9deb30c9d,0|0,0.5|0,0|0,0|0,0.5|0,0|0,0.5|0,0|0,0|0,0|0,0.5|1,0.5|1,0|0,0.5|0,0.5|0,0|0,0|0,0.5|0,0|0,0|0,0.5|0,0.5|0,0|0,0|0,0|0,0.5|1,0.5|1,0|0,0.5|1,0|0,0|0,0|0,0.5|1,0.5|0,0|0,0|0,0|0,0|0,0|0,0|0,0.5|1,0.5|0,0.5|0,0.5|0,0.5|1,0.5|1,0.5|1,0.5|1,0|0,0.5|1,0|0,0|0,0.5|1,0|0,0|0,0.5|1,0.5|1,0.5|0,0.5|1,0.5|1,0|0,0.5|1,0|0,0|0,0|0,0.5|1,0|0,0|0,19
70eacdf9a0f7d198a56a7b996abbbb356c669192,0|0,0.5|0,0|0,0|0,0.5|0,0|0,0.5|0,0|0,0|0,0|0,0.5|1,0.5|1,0|0,0.5|0,0.5|0,0|0,0|0,0.5|0,0|0,0|0,0.5|0,0.5|0,0|0,0|0,0|0,0.5|1,0.5|1,0|0,0.5|1,0|0,0|0,0|0,0.5|1,0.5|0,0|0,0|0,0|0,0|0,0|0,0|0,0.5|1,0.5|0,0.5|0,0.5|0,0.5|1,0.5|1,0.5|1,0.5|1,0|0,0.5|1,0|0,0|0,0.5|1,0|0,0|0,0.5|1,0.5|1,0.5|0,0.5|1,0.5|1,0|0,0.5|1,0|0,0|0,0|0,0.5|1,0|0,0|0,19
bf78b769b7376e9f98e8d9aa8006f97efa1037f7,0|0,0.5|0,0|0,0|0,0.5|0,0|0,0.5|0,0|0,0|0,0|0,0.5|1,0.5|1,0|0,0.5|0,0.5|0,0|0,0|0,0.5|0,0|0,0|0,0.5|0,0.5|0,0|0,0|0,0|0,0.5|1,0.5|1,0|0,0.5|1,0|0,0|0,0|0,0.5|1,0.5|0,0|0,0|0,0|0,0|0,0|0,0|0,0.5|1,0.5|0,0.5|0,0.5|0,0.5|1,0.5|1,0.5|1,0.5|1,0|0,0.5|1,0|0,0|0,0.5|1,0|0,0|0,0.5|1,0.5|1,0.5|0,0.5|1,0.5|1,0|0,0.5|1,0|0,0|0,0|0,0.5|1,0|0,0|0,19
d64a59d45a5bd9c27ad4139b0ffef54f092fe536,0|0,0.5|0,0|0,0|0,0.5|0,0|0,0.5|0,0|0,0|0,0|0,0.5|1,0.5|1,0|0,0.5|0,0.5|0,0|0,0|0,0.5|0,0|0,0|0,0.5|0,0.5|0,0|0,0|0,0|0,0.5|1,0|0,0|0,0.5|1,0|0,0|0,0|0,0.5|1,0.5|0,0|0,0|0,0|0,0|0,0|0,0|0,0.5|1,0|0,0|0,0.5|0,0.5|1,0.5|1,0.5|1,0.5|1,0|0,0.5|1,0|0,0|0,0.5|1,0|0,0|0,0.5|1,0.5|1,0.5|0,0.5|1,0.5|1,0|0,0.5|1,0|0,0|0,0|0,0.5|1,0|0,0|0,18
1440dc995fcadb4cc0cfd1e48b38117ba946a54c,0|0,0.5|0,0|0,0|0,0.5|0,0|0,0.5|0,0|0,0|0,0|0,0.5|1,0.5|1,0|0,0.5|0,0.5|0,0|0,0|0,0.5|0,0|0,0|0,0.5|0,0.5|0,0|0,0|0,0|0,0.5|1,0|0,0|0,0.5|1,0|0,0|0,0|0,0.5|1,0.5|0,0|0,0|0,0|0,0|0,0|0,0|0,0.5|1,0|0,0|0,0.5|0,0.5|1,0.5|1,0.5|1,0.5|1,0|0,0.5|1,0|0,0|0,0.5|1,0|0,0|0,0.5|1,0.5|1,0.5|0,0.5|1,0.5|1,0|0,0.5|1,0|0,0|0,0|0,0.5|1,0|0,0|0,18
dc7977f37b760cb0de447c7f77a6d662061f2200,0|0,0.5|0,0|0,0|0,0.5|0,0|0,0.5|0,0|0,0|0,0|0,0.5|1,0.5|1,0|0,0.5|0,0.5|0,0|0,0|0,0.5|0,0|0,0|0,0.5|0,0.5|0,0|0,0|0,0|0,0.5|1,0|0,0|0,0.5|1,0|0,0|0,0|0,0.5|1,0.5|0,0|0,0|0,0|0,0|0,0|0,0|0,0.5|1,0|0,0|0,0.5|0,0.5|1,0.5|1,0.5|1,0.5|1,0|0,0.5|1,0|0,0|0,0.5|1,0|0,0|0,0.5|1,0.5|1,0.5|0,0.5|1,0.5|1,0|0,0.5|1,0|0,0|0,0|0,0.5|1,0|0,0|0,18
b415608f62495a102d424d6989cf8b82f6c57847,0|0,0.5|0,0|0,0|0,0.5|0,0|0,0.5|0,0|0,0|0,0|0,0.5|1,0.5|1,0|0,0.5|0,0.5|0,0|0,0|0,0.5|0,0|0,0|0,0.5|0,0.5|0,0|0,0|0,0|0,0.5|1,0|0,0|0,0.5|1,0|0,0|0,0|0,0.5|1,0.5|0,0|0,0|0,0|0,0|0,0|0,0|0,0.5|1,0|0,0|0,0.5|0,0.5|1,0.5|1,0.5|1,0.5|1,0|0,0.5|1,0|0,0|0,0.5|1,0|0,0|0,0.5|1,0.5|1,0.5|0,0.5|1,0.5|1,0|0,0.5|1,0|0,0|0,0|0,0.5|1,0|0,0|0,18
98034cb7f26721abaf3f2252eea84476e3c03afa,0|0,0.5|0,0|0,0|0,0.5|0,0|0,0.5|0,0|0,0|0,0|0,0.5|1,0.5|1,0|0,0.5|0,0.5|0,0|0,0|0,0.5|0,0|0,0|0,0.5|0,0.5|0,0|0,0|0,0|0,0.5|1,0|0,0|0,0.5|1,0|0,0|0,0|0,0.5|1,0.5|0,0|0,0|0,0|0,0|0,0|0,0|0,0.5|1,0|0,0|0,0.5|0,0.5|1,0.5|1,0.5|1,0.5|1,0|0,0.5|1,0|0,0|0,0.5|1,0|0,0|0,0.5|1,0.5|1,0.5|0,0.5|1,0.5|1,0|0,0.5|1,0|0,0|0,0|0,0.5|1,0|0,0|0,18
ab0d17c7fada2c31e655fbcd8f8aff4b0ecff333,0|0,0.5|0,0|0,0|0,0.5|0,0|0,0.5|0,0|0,0|0,0|0,0.5|1,0.5|1,0|0,0.5|0,0.5|0,0|0,0|0,0|0,0|0,0|0,0.5|0,0.5|0,0|0,0|0,0|0,0.5|1,0|0,0|0,0.5|1,0|0,0|0,0|0,0.5|1,0.5|0,0|0,0|0,0|0,0|0,0.5|0,0|0,0.5|1,0|0,0|0,0.5|0,0.5|1,0.5|1,0.5|1,0.5|1,0.5|0,0.5|1,0|0,0|0,0|0,0|0,0|0,0.5|1,0.5|1,0.5|0,0.5|1,0.5|1,0|0,0.5|1,0|0,0|0,0|0,0.5|1,0|0,0|0,17
ac8ae4676935bcebeca22b016aeeb574416697db,0|0,0.5|0,0|0,0|0,0.5|0,0|0,0.5|0,0|0,0|0,0|0,0.5|1,0.5|1,0|0,0.5|0,0.5|0,0|0,0|0,0|0,0|0,0|0,0.5|0,0.5|0,0|0,0|0,0|0,0.5|1,0|0,0|0,0.5|1,0|0,0|0,0|0,0.5|1,0.5|0,0|0,0|0,0|0,0|0,0.5|0,0|0,0.5|1,0|0,0|0,0.5|0,0.5|1,0.5|1,0.5|1,0.5|1,0.5|0,0.5|1,0|0,0|0,0|0,0|0,0|0,0.5|1,0.5|1,0.5|0,0.5|1,0.5|1,0|0,0.5|1,0|0,0|0,0|0,0.5|1,0|0,0|0,17
4157ddb9a74f32eabae9cfb65ffd66961b8ba0cb,0|0,0.5|0,0|0,0|0,0.5|0,0|0,0.5|0,0|0,0|0,0|0,0.5|1,0.5|1,0|0,0.5|0,0.5|0,0|0,0|0,0|0,0|0,0|0,0.5|0,0.5|0,0|0,0|0,0|0,0.5|1,0|0,0|0,0.5|1,0|0,0|0,0|0,0.5|1,0.5|0,0|0,0|0,0|0,0|0,0.5|0,0|0,0.5|1,0|0,0|0,0.5|0,0.5|1,0.5|1,0.5|1,0.5|1,0.5|0,0.5|1,0|0,0|0,0|0,0|0,0|0,0.5|1,0.5|1,0.5|0,0.5|1,0.5|1,0|0,0.5|1,0|0,0|0,0|0,0.5|1,0|0,0|0,17
8571e2f066f77ff88354138f7cc3edbdc61bceee,0|0,0.5|0,0|0,0|0,0.5|0,0|0,0.5|0,0|0,0|0,0|0,0.5|1,0.5|1,0|0,0.5|0,0.5|0,0|0,0|0,0|0,0|0,0|0,0.5|0,0.5|0,0|0,0|0,0|0,0.5|1,0|0,0|0,0.5|1,0|0,0|0,0|0,0.5|1,0.5|0,0|0,0|0,0|0,0|0,0.5|0,0|0,0.5|1,0|0,0|0,0.5|0,0.5|1,0.5|1,0.5|1,0.5|1,0.5|0,0.5|1,0|0,0|0,0|0,0|0,0|0,0.5|1,0.5|1,0.5|0,0.5|1,0.5|1,0|0,0.5|1,0|0,0|0,0|0,0.5|1,0|0,0|0,17
eb1b2dc37cb632fbc5f105b669fbe57015ebee90,0|0,0.5|0,0|0,0|0,0.5|0,0|0,0.5|0,0|0,0|0,0|0,0.5|1,0.5|1,0|0,0.5|0,0.5|0,0|0,0|0,0|0,0|0,0|0,0.5|0,0.5|0,0|0,0|0,0|0,0.5|1,0|0,0|0,0.5|1,0|0,0|0,0|0,0.5|1,0.5|0,0|0,0|0,0|0,0|0,0.5|0,0|0,0.5|1,0|0,0|0,0.5|0,0.5|1,0.5|1,0.5|1,0.5|1,0.5|0,0.5|1,0|0,0|0,0|0,0|0,0|0,0.5|1,0.5|1,0.5|0,0.5|1,0.5|1,0|0,0.5|1,0|0,0|0,0|0,0.5|1,0|0,0|0,17
479f8f595864f9b5ab64204642e8f0340a45c673,0|0,0.5|0,0|0,0|0,0.5|0,0|0,0.5|0,0|0,0|0,0|0,0.5|1,0.5|1,0|0,0.5|0,0.5|0,0|0,0|0,0|0,0|0,0|0,0.5|0,0.5|0,0|0,0|0,0|0,0.5|1,0|0,0|0,0.5|1,0|0,0|0,0|0,0.5|1,0.5|0,0|0,0|0,0|0,0|0,0.5|0,0|0,0.5|1,0|0,0|0,0.5|0,0.5|1,0.5|1,0.5|1,0.5|1,0.5|0,0.5|1,0|0,0|0,0|0,0|0,0|0,0.5|1,0.5|1,0.5|0,0.5|1,0.5|1,0|0,0.5|1,0|0,0|0,0|0,0.5|1,0|0,0|0,17
2ed9254fd35509d8aaba8adbc33d14f78e61f404,0|0,0.5|0,0|0,0|0,0.5|0,0|0,0.5|0,0|0,0|0,0|0,0.5|1,0.5|1,0|0,0.5|0,0.5|0,0|0,0|0,0|0,0|0,0|0,0.5|0,0.5|0,0|0,0|0,0|0,0.5|1,0|0,0|0,0.5|1,0|0,0|0,0|0,0.5|1,0.5|0,0|0,0|0,0|0,0|0,0.5|0,0|0,0.5|1,0|0,0|0,0.5|0,0.5|1,0.5|1,0.5|1,0.5|1,0.5|0,0.5|1,0|0,0|0,0|0,0|0,0|0,0.5|1,0.5|1,0.5|0,0.5|1,0.5|1,0|0,0.5|1,0|0,0|0,0|0,0.5|1,0|0,0|0,17
9aaa5cd398d6f984fdee80d225464d4b98929524,0.5|0,0.5|0,0|0,0|0,0.5|0,0|0,0.5|0,0|0,0|0,0|0,0.5|1,0.5|1,0|0,0.5|0,0.5|0,0|0,0|0,0|0,0|0,0|0,0.5|0,0.5|0,0|0,0|0,0|0,0.5|1,0|0,0|0,0.5|1,0|0,0|0,0|0,0.5|1,0.5|0,0|0,0|0,0|0,0|0,0.5|0,0|0,0.5|1,0.5|1,0.5|1,0.5|1,0.5|1,0.5|1,0.5|1,0.5|1,0.5|0,0.5|1,0|0,0|0,0|0,0.5|0,0|0,0.5|1,0.5|1,0.5|0,0.5|1,0.5|1,0|0,0.5|1,0|0,0|0,0|0,0.5|1,0|0,0|0,20
5e2e98964715710be3a3b61998c0f707cf73f650,0.5|0,0.5|0,0|0,0|0,0.5|0,0|0,0.5|0,0|0,0|0,0|0,0.5|1,0.5|1,0|0,0.5|0,0.5|0,0|0,0|0,0|0,0|0,0|0,0.5|0,0.5|0,0|0,0|0,0|0,0.5|1,0|0,0|0,0.5|1,0|0,0|0,0|0,0.5|1,0.5|0,0|0,0|0,0|0,0|0,0.5|0,0|0,0.5|1,0.5|1,0.5|1,0.5|1,0.5|1,0.5|1,0.5|1,0.5|1,0.5|0,0.5|1,0|0,0|0,0|0,0.5|0,0|0,0.5|1,0.5|1,0.5|0,0.5|1,0.5|1,0|0,0.5|1,0|0,0|0,0|0,0.5|1,0|0,0|0,20
ea313e2ca9a93782a6eff8a3ae061832ffc0cdf2,0.5|0,0.5|0,0|0,0|0,0.5|0,0|0,0.5|0,0|0,0|0,0|0,0.5|1,0.5|1,0|0,0.5|0,0.5|0,0|0,0|0,0|0,0|0,0|0,0.5|0,0.5|0,0|0,0|0,0|0,0.5|1,0|0,0|0,0.5|1,0|0,0|0,0|0,0.5|1,0.5|0,0|0,0|0,0|0,0|0,0.5|0,0|0,0.5|1,0.5|1,0.5|1,0.5|1,0.5|1,0.5|1,0.5|0,0.5|1,0.5|0,0.5|1,0|0,0|0,0|0,0.5|0,0|0,0.5|1,0.5|1,0.5|0,0.5|1,0.5|1,0|0,0.5|1,0|0,0|0,0|0,0.5|1,0|0,0|0,19
f5cf8dc7aa5c687938bf4b278f5eb35a572a624b,0.5|0,0.5|0,0|0,0|0,0.5|0,0|0,0.5|0,0|0,0|0,0|0,0.5|1,0.5|1,0|0,0.5|0,0.5|0,0|0,0|0,0|0,0|0,0|0,0.5|0,0.5|0,0|0,0|0,0|0,0.5|1,0|0,0|0,0.5|1,0|0,0|0,0|0,0.5|1,0.5|0,0|0,0|0,0|0,0|0,0.5|0,0|0,0.5|1,0.5|1,0.5|1,0.5|1,0.5|1,0.5|1,0.5|0,0.5|1,0.5|0,0.5|1,0|0,0|0,0|0,0.5|0,0|0,0.5|1,0.5|1,0.5|0,0.5|1,0.5|1,0|0,0.5|1,0|0,0|0,0|0,0.5|1,0|0,0|0,19
60da6ef2cdc6d58be8f77dd1ab4f5b0e4d32e955,0.5|0,0.5|0,0|0,0|0,0.5|0,0|0,0.5|0,0|0,0|0,0|0,0.5|1,0.5|1,0|0,0.5|0,0.5|0,0|0,0|0,0|0,0|0,0|0,0.5|0,0.5|0,0|0,0|0,0|0,0.5|1,0|0,0|0,0.5|1,0|0,0|0,0|0,0.5|1,0.5|0,0|0,0|0,0|0,0|0,0.5|0,0|0,0.5|1,0.5|1,0.5|1,0.5|1,0.5|1,0.5|1,0.5|0,0.5|1,0.5|0,0.5|1,0|0,0|0,0|0,0.5|0,0|0,0.5|1,0.5|1,0.5|0,0.5|1,0.5|1,0|0,0.5|1,0|0,0|0,0|0,0.5|1,0|0,0|0,19
631919510c59166aff458fef2ce39c2b64f8cff5,0.5|0,0.5|0,0|0,0|0,0.5|0,0|0,0.5|0,0|0,0|0,0|0,0.5|1,0.5|1,0|0,0.5|0,0.5|0,0|0,0|0,0|0,0|0,0|0,0.5|0,0.5|0,0|0,0|0,0|0,0.5|1,0|0,0|0,0.5|1,0|0,0|0,0|0,0.5|1,0.5|0,0|0,0|0,0|0,0|0,0.5|0,0|0,0.5|1,0.5|1,0.5|1,0.5|1,0.5|1,0.5|1,0.5|0,0.5|1,0.5|0,0.5|1,0|0,0|0,0|0,0.5|0,0|0,0.5|1,0.5|1,0.5|0,0.5|1,0.5|1,0|0,0.5|1,0|0,0|0,0|0,0.5|1,0|0,0|0,19
488edbbca98d614c6f4d11f84744b372f31649f8,0.5|0,0.5|0,0|0,0|0,0.5|0,0|0,0.5|0,0|0,0|0,0|0,0.5|1,0.5|1,0|0,0.5|0,0.5|0,0|0,0|0,0|0,0|0,0|0,0.5|0,0.5|0,0|0,0|0,0|0,0.5|1,0|0,0|0,0.5|1,0|0,0|0,0|0,0.5|1,0.5|0,0|0,0|0,0|0,0|0,0.5|0,0|0,0.5|1,0.5|1,0.5|1,0.5|1,0.5|1,0.5|1,0.5|0,0.5|1,0.5|0,0.5|1,0|0,0|0,0|0,0.5|0,0|0,0.5|1,0.5|1,0.5|0,0.5|1,0.5|1,0|0,0.5|1,0|0,0|0,0|0,0.5|1,0|0,0|0,19
53d96d6ea749c0fe05c97c4a834f036f66dfda0e,0.5|0,0.5|0,0|0,0|0,0.5|0,0|0,0.5|0,0|0,0|0,0|0,0.5|1,0.5|1,0|0,0.5|0,0.5|0,0|0,0|0,0|0,0|0,0|0,0.5|0,0.5|0,0|0,0|0,0|0,0.5|1,0|0,0|0,0.5|1,0|0,0|0,0|0,0.5|1,0.5|0,0|0,0|0,0|0,0|0,0.5|0,0|0,0.5|1,0.5|1,0.5|1,0.5|1,0.5|1,0.5|1,0.5|0,0.5|1,0.5|0,0.5|1,0|0,0|0,0|0,0.5|0,0|0,0.5|1,0.5|1,0.5|0,0.5|1,0.5|1,0|0,0.5|1,0|0,0|0,0|0,0.5|1,0|0,0|0,19
94d373da7a1ce81c522fcb8aa2dfa4ea38b2f175,0|0,0.5|0,0|0,0|0,0.5|0,0|0,0.5|0,0|0,0|0,0|0,0.5|1,0.5|1,0|0,0.5|0,0.5|0,0|0,0|0,0|0,0|0,0|0,0.5|0,0.5|0,0|0,0|0,0|0,0.5|1,0|0,0|0,0.5|1,0|0,0|0,0|0,0.5|1,0.5|0,0|0,0|0,0|0,0|0,0.5|0,0|0,0.5|1,0|0,0|0,0.5|0,0.5|1,0.5|1,0.5|0,0.5|1,0.5|0,0.5|1,0|0,0|0,0|0,0|0,0|0,0.5|1,0.5|1,0.5|0,0.5|1,0.5|1,0|0,0.5|1,0|0,0|0,0|0,0.5|1,0|0,0|0,16
f469adfd84e8e0dfcca8fbe8511c6687c63c7798,0|0,0|0,0|0,0|0,0.5|0,0|0,0.5|0,0|0,0|0,0|0,0.5|1,0.5|1,0|0,0.5|0,0.5|0,0|0,0|0,0|0,0|0,0|0,0.5|0,0.5|0,0|0,0|0,0|0,0.5|1,0|0,0|0,0.5|1,0|0,0|0,0|0,0.5|1,0.5|0,0|0,0|0,0|0,0|0,0.5|0,0|0,0.5|1,0|0,0|0,0|0,0.5|1,0.5|1,0.5|0,0.5|1,0.5|0,0.5|1,0|0,0|0,0|0,0|0,0|0,0.5|1,0.5|1,0.5|0,0.5|1,0.5|1,0|0,0.5|1,0|0,0|0,0|0,0.5|1,0|0,0|0,16
f4a639a97838b982f3db11e0ab16e9c33bb05167,0|0,0|0,0|0,0|0,0.5|0,0|0,0.5|0,0|0,0|0,0|0,0.5|1,0.5|1,0|0,0.5|0,0.5|0,0|0,0|0,0|0,0|0,0|0,0.5|0,0.5|0,0|0,0|0,0|0,0.5|1,0|0,0|0,0.5|1,0|0,0|0,0|0,0.5|1,0.5|1,0|0,0|0,0|0,0|0,0.5|1,0|0,0|0,0|0,0|0,0|0,0.5|1,0.5|1,0.5|0,0.5|1,0.5|0,0.5|1,0|0,0|0,0|0,0|0,0|0,0.5|1,0.5|1,0.5|0,0.5|1,0.5|1,0|0,0.5|1,0|0,0|0,0|0,0.5|1,0|0,0|0,17
9c498bfd35a3414e502d3dd68995d6ce86734f9a,0|0,0|0,0|0,0|0,0.5|0,0|0,0.5|0,0|0,0|0,0|0,0.5|1,0.5|1,0|0,0.5|0,0.5|0,0|0,0|0,0|0,0|0,0|0,0.5|0,0.5|0,0|0,0|0,0|0,0.5|1,0|0,0|0,0.5|1,0|0,0|0,0|0,0.5|1,0.5|1,0|0,0|0,0|0,0|0,0.5|1,0|0,0|0,0|0,0|0,0|0,0.5|1,0.5|1,0.5|0,0.5|1,0.5|0,0.5|1,0|0,0|0,0|0,0|0,0|0,0.5|1,0.5|1,0.5|0,0.5|1,0.5|1,0|0,0.5|1,0|0,0|0,0|0,0.5|1,0|0,0|0,17
2560fd0c218180d3ae0e57a3d54187ff9051af9f,0|0,0|0,0|0,0|0,0.5|0,0|0,0.5|0,0|0,0|0,0|0,0.5|1,0.5|1,0|0,0.5|0,0.5|0,0|0,0|0,0|0,0|0,0|0,0.5|0,0.5|0,0|0,0|0,0|0,0.5|1,0|0,0|0,0.5|1,0|0,0|0,0|0,0.5|1,0.5|1,0|0,0|0,0|0,0|0,0.5|1,0|0,0|0,0|0,0|0,0|0,0.5|1,0.5|1,0.5|0,0.5|1,0.5|0,0.5|1,0|0,0|0,0|0,0|0,0|0,0.5|1,0.5|1,0.5|0,0.5|1,0.5|1,0|0,0.5|1,0|0,0|0,0|0,0.5|1,0|0,0|0,17
dc386c7289b22a7afbfeda959fea8b95b3b602f6,0|0,0|0,0|0,0|0,0.5|0,0|0,0.5|0,0|0,0|0,0|0,0.5|1,0.5|1,0|0,0.5|0,0.5|0,0|0,0|0,0|0,0|0,0|0,0.5|0,0.5|0,0|0,0|0,0|0,0.5|1,0|0,0|0,0.5|1,0|0,0|0,0|0,0.5|1,0.5|1,0|0,0|0,0|0,0|0,0.5|1,0|0,0|0,0|0,0|0,0|0,0.5|1,0.5|1,0.5|0,0.5|1,0.5|0,0.5|1,0|0,0|0,0|0,0|0,0|0,0.5|1,0.5|1,0.5|0,0.5|1,0.5|1,0|0,0.5|1,0|0,0|0,0|0,0.5|1,0|0,0|0,17
9ca529b8677faad8fdca887ca4eda1a0f255d7b0,0|0,0|0,0|0,0|0,0.5|0,0|0,0.5|0,0|0,0|0,0|0,0.5|1,0.5|1,0|0,0.5|0,0.5|0,0|0,0|0,0|0,0|0,0|0,0.5|0,0.5|0,0|0,0|0,0|0,0.5|1,0|0,0|0,0.5|1,0|0,0|0,0|0,0.5|1,0.5|1,0|0,0|0,0|0,0|0,0.5|1,0|0,0|0,0|0,0|0,0|0,0.5|1,0.5|1,0.5|0,0.5|1,0.5|0,0.5|1,0|0,0|0,0|0,0|0,0|0,0.5|1,0.5|1,0.5|0,0.5|1,0.5|1,0|0,0.5|1,0|0,0|0,0|0,0.5|1,0|0,0|0,17
28226fb2cb52105d6f4131b3f797192f39cff9fe,0|0,0|0,0|0,0|0,0.5|0,0|0,0.5|0,0|0,0|0,0|0,0.5|1,0.5|1,0|0,0.5|0,0.5|0,0|0,0|0,0|0,0|0,0|0,0.5|0,0.5|0,0|0,0|0,0|0,0.5|1,0|0,0|0,0.5|1,0|0,0|0,0|0,0.5|1,0.5|1,0|0,0|0,0|0,0|0,0.5|1,0|0,0|0,0|0,0|0,0|0,0.5|1,0.5|1,0.5|0,0.5|1,0.5|0,0.5|1,0|0,0|0,0|0,0|0,0|0,0.5|1,0.5|1,0.5|0,0.5|1,0.5|1,0|0,0.5|1,0|0,0|0,0|0,0.5|1,0|0,0|0,17
c1577ef3153c2be573237fb85ff8aaeb2861ee0c,0|0,0|0,0|0,0|0,0.5|0,0|0,0.5|0,0|0,0|0,0|0,0.5|1,0.5|1,0|0,0.5|0,0.5|0,0|0,0|0,0|0,0|0,0|0,0.5|0,0.5|0,0|0,0|0,0|0,0.5|1,0|0,0|0,0.5|1,0|0,0|0,0|0,0.5|1,0.5|1,0|0,0|0,0|0,0|0,0.5|1,0|0,0|0,0|0,0|0,0|0,0.5|1,0.5|1,0.5|0,0.5|1,0.5|0,0.5|1,0|0,0|0,0|0,0|0,0|0,0.5|1,0.5|1,0.5|0,0.5|1,0.5|1,0|0,0.5|1,0|0,0|0,0|0,0.5|1,0|0,0|0,17
7eb51e329f8c5f98bca6c9eaa3f64c6b2a58cb11,0|0,0|0,0|0,0|0,0.5|0,0|0,0.5|0,0|0,0|0,0|0,0.5|1,0.5|1,0|0,0.5|0,0.5|0,0|0,0|0,0|0,0|0,0|0,0.5|0,0.5|0,0|0,0|0,0|0,0.5|1,0|0,0|0,0.5|1,0|0,0|0,0|0,0.5|1,0.5|1,0|0,0|0,0|0,0|0,0.5|1,0|0,0|0,0|0,0|0,0|0,0.5|1,0.5|1,0.5|0,0.5|1,0.5|0,0.5|1,0|0,0|0,0|0,0|0,0|0,0.5|1,0.5|1,0.5|0,0.5|1,0.5|1,0|0,0.5|1,0|0,0|0,0|0,0.5|1,0|0,0|0,17
e9f0971dcdc49ed089ee0e56dd80fb97e8e351d8,0|0,0|0,0|0,0|0,0.5|0,0|0,0.5|0,0|0,0|0,0|0,0.5|1,0.5|1,0|0,0.5|0,0.5|0,0|0,0|0,0|0,0|0,0|0,0.5|0,0.5|0,0|0,0|0,0|0,0.5|1,0|0,0|0,0.5|1,0|0,0|0,0|0,0.5|1,0.5|1,0|0,0|0,0|0,0|0,0.5|1,0|0,0|0,0|0,0|0,0|0,0.5|1,0.5|1,0.5|0,0.5|1,0.5|0,0.5|1,0|0,0|0,0|0,0|0,0|0,0.5|1,0.5|1,0.5|0,0.5|1,0.5|1,0|0,0.5|1,0|0,0|0,0|0,0.5|1,0|0,0|0,17
2d62e2e23a94b1c1aed6df5d265f6ae63a356f07,0|0,0|0,0|0,0|0,0.5|0,0|0,0.5|0,0|0,0|0,0|0,0.5|1,0.5|1,0|0,0.5|0,0.5|0,0|0,0|0,0|0,0|0,0|0,0.5|0,0.5|0,0|0,0|0,0|0,0.5|1,0|0,0|0,0.5|1,0|0,0|0,0|0,0.5|1,0.5|1,0|0,0|0,0|0,0|0,0.5|1,0|0,0|0,0|0,0|0,0|0,0.5|1,0.5|1,0.5|0,0.5|1,0.5|0,0.5|1,0|0,0|0,0|0,0|0,0|0,0.5|1,0.5|1,0.5|0,0.5|1,0.5|1,0|0,0.5|1,0|0,0|0,0|0,0.5|1,0|0,0|0,17
b0af2cc31fb7a1b4099a804e1729344befc77f14,0|0,0|0,0|0,0|0,0.5|0,0|0,0.5|0,0|0,0|0,0|0,0.5|1,0.5|1,0|0,0.5|0,0.5|0,0|0,0|0,0|0,0|0,0|0,0.5|0,0.5|0,0|0,0|0,0|0,0.5|1,0|0,0|0,0.5|1,0|0,0|0,0|0,0.5|1,0.5|1,0|0,0|0,0|0,0|0,0.5|1,0|0,0|0,0|0,0|0,0|0,0.5|1,0.5|1,0.5|0,0.5|1,0|0,0.5|1,0|0,0|0,0|0,0|0,0|0,0.5|1,0.5|1,0.5|0,0.5|1,0.5|1,0|0,0.5|1,0|0,0|0,0|0,0.5|1,0|0,0|0,17
1c722dabc26a3b91e3bb5b4cb8f480c4b5bb900b,0|0,0|0,0|0,0|0,0.5|0,0|0,0.5|0,0|0,0|0,0|0,0.5|1,0.5|1,0|0,0.5|0,0.5|0,0|0,0|0,0|0,0|0,0|0,0.5|0,0.5|0,0|0,0|0,0|0,0.5|1,0|0,0|0,0.5|1,0|0,0|0,0|0,0.5|1,0.5|1,0|0,0|0,0|0,0|0,0.5|1,1|1,0|0,0|0,0|0,0|0,0.5|1,0.5|1,0.5|0,0.5|1,0.5|0,0.5|1,0|0,0|0,0|0,0|0,0|0,0.5|1,0.5|1,0.5|0,0.5|1,0.5|1,0|0,0.5|1,0|0,0|0,0|0,0.5|1,0|0,0|0,18
12dbc4cfa2a3219e2d6be0381b5f587bd0292abf,0|0,0|0,0|0,0|0,0.5|0,0|0,0.5|0,0|0,0|0,0|0,0.5|1,0.5|1,0|0,0.5|0,0.5|0,0|0,0|0,0|0,0|0,0|0,0.5|0,0.5|0,0|0,0|0,0|0,0.5|1,0|0,0|0,0.5|1,0|0,0|0,0|0,0.5|1,0.5|1,0|0,0|0,0|0,0|0,0.5|1,1|1,0|0,0|0,0|0,0|0,0.5|1,0.5|1,0.5|0,0.5|1,0.5|0,0.5|1,0|0,0|0,0|0,0|0,0|0,0.5|1,0.5|1,0.5|0,0.5|1,0.5|1,0|0,0.5|1,0|0,0|0,0|0,0.5|1,0|0,0|0,18
0535b49f60e54bca78848ec4239d844a61e31c95,0|0,0|0,0|0,0|0,0.5|0,0|0,0.5|0,0|0,0|0,0|0,0.5|1,0.5|1,0|0,0.5|0,0.5|0,0|0,0|0,0|0,0|0,0|0,0.5|0,0.5|0,0|0,0|0,0|0,0.5|1,0|0,0|0,0.5|1,0|0,0|0,0|0,0.5|1,0.5|1,0|0,0|0,0|0,0|0,0.5|1,1|1,0|0,0|0,0|0,0|0,0.5|1,0.5|1,0.5|0,0.5|1,0.5|0,0.5|1,0|0,0|0,0|0,0|0,0|0,0.5|1,0.5|1,0.5|0,0.5|1,0.5|1,0|0,0.5|1,0|0,0|0,0|0,0.5|1,0|0,0|0,18
f00344626e5248befa0f95170bb6e07697c8b464,0|0,0|0,0|0,0|0,0.5|0,0|0,0.5|0,0|0,0|0,0|0,0.5|1,0.5|1,0|0,0.5|0,0.5|0,0|0,0|0,0|0,0|0,0|0,0.5|0,0.5|0,0|0,0|0,0|0,0.5|1,0|0,0|0,0.5|1,0|0,0|0,0|0,0.5|1,0.5|1,0|0,0|0,0|0,0|0,0.5|1,1|1,0|0,0|0,0|0,0|0,0.5|1,0.5|1,0.5|0,0.5|1,0.5|0,0.5|1,0|0,0|0,0|0,0|0,0|0,0.5|1,0.5|1,0.5|0,0.5|1,0.5|1,0|0,0.5|1,0|0,0|0,0|0,0.5|1,0|0,0|0,18
6cb65e7482d4870c30230d4db97e0d081b83405d,0|0,0|0,0|0,0|0,0.5|0,0|0,0.5|0,0|0,0|0,0|0,0.5|1,0.5|1,0|0,0.5|0,0.5|0,0|0,0|0,0.5|0,0|0,0|0,0.5|0,0.5|0,0|0,0|0,0|0,0.5|1,0|0,0|0,0.5|1,0|0,0|0,0|0,0.5|1,0.5|1,0|0,0|0,0|0,0|0,0.5|1,1|1,0|0,0|0,0|0,0|0,0.5|1,0.5|1,0.5|0,0.5|1,0|0,0.5|1,0|0,0|0,0.5|0,0|0,0|0,0.5|1,0.5|1,0.5|0,0.5|1,0.5|1,0|0,0.5|1,0|0,0|0,0|0,0.5|1,0|0,0|0,18
11d41887c09f2de1cefcf74e45a4bf651a987217,0|0,0|0,0|0,0|0,0.5|0,0|0,0.5|0,0|0,0|0,0|0,0.5|1,0.5|1,0|0,0.5|0,0.5|0,0|0,0|0,0.5|0,0|0,0|0,0.5|0,0.5|0,0|0,0|0,0|0,0.5|1,0|0,0|0,0.5|1,0|0,0|0,0|0,0.5|1,0.5|1,0|0,0|0,0|0,0|0,0.5|1,1|1,0|0,0|0,0|0,0|0,0.5|1,0.5|1,0.5|0,0.5|1,0|0,0.5|1,0|0,0|0,0.5|0,0|0,0|0,0.5|1,0.5|1,0.5|0,0.5|1,0.5|1,0|0,0.5|1,0|0,0|0,0|0,0.5|1,0|0,0|0,18
8f3afc1b98de37e9263ed91dd300daa877b7e5df,0|0,0|0,0|0,0|0,0.5|0,0|0,0.5|0,0|0,0|0,0|0,0.5|1,0.5|1,0|0,0.5|0,0.5|0,0|0,0|0,0.5|0,0|0,0|0,0.5|0,0.5|0,0|0,0|0,0|0,0.5|1,0|0,0|0,0.5|1,0|0,0|0,0|0,0.5|1,0.5|1,0|0,0|0,0|0,0.5|1,0.5|1,1|1,0|0,0|0,0|0,0|0,0.5|1,0.5|1,0.5|0,0.5|1,0|0,0.5|1,0|0,0|0,0.5|0,0.5|0,0|0,0.5|1,0.5|1,0.5|0,0.5|1,0.5|1,0|0,0.5|1,0|0,0|0,0|0,0.5|1,0|0,0|0,19
3cdadb5ff15c7531b779b749576919e7fb43606f,0|0,0|0,0|0,0|0,0.5|0,0|0,0.5|0,0|0,0|0,0|0,0.5|1,0.5|1,0|0,0.5|0,0.5|0,0|0,0|0,0|0,0|0,0|0,0.5|0,0.5|0,0|0,0|0,0|0,0.5|1,0|0,0|0,0.5|1,0|0,0|0,0|0,0.5|1,0.5|1,0|0,0|0,0|0,0|0,0.5|1,1|1,0|0,0|0,0|0,0|0,0.5|1,0.5|1,0.5|0,0|0,0|0,0.5|1,0|0,0|0,0|0,0|0,0|0,0|0,0.5|1,0.5|0,0.5|1,0|0,0|0,0.5|1,0|0,0|0,0|0,0.5|1,0|0,0|0,15
5accdc8c6e2cccbe117570756ef8d21e147a949b,0|0,0|0,0|0,0|0,0.5|0,0|0,0.5|0,0|0,0|0,0|0,0.5|1,0.5|1,0|0,0.5|0,0.5|0,0|0,0|0,0|0,0|0,0|0,0.5|0,0.5|0,0|0,0|0,0|0,0.5|1,0|0,0|0,0.5|1,0|0,0|0,0|0,0.5|1,0.5|1,0|0,0|0,0|0,0|0,0.5|1,1|1,0|0,0|0,0|0,0|0,0.5|1,0.5|1,0.5|0,0|0,0|0,0.5|1,0|0,0|0,0|0,0|0,0|0,0|0,0.5|1,0.5|0,0.5|1,0|0,0|0,0.5|1,0|0,0|0,0|0,0.5|1,0|0,0|0,15
c22575b727cb17f1491b74f3218dc817fc3d35ff,0|0,0|0,0|0,0|0,0.5|0,0|0,0.5|0,0|0,0|0,0|0,0.5|1,0.5|1,0|0,0.5|0,0.5|0,0|0,0|0,0|0,0|0,0|0,0.5|0,0.5|0,0|0,0|0,0|0,0.5|1,0|0,0|0,0.5|1,0|0,0|0,0|0,0.5|1,0.5|1,0|0,0|0,0|0,0|0,0.5|1,1|1,0|0,0|0,0|0,0|0,0.5|1,0.5|1,0.5|0,0|0,0|0,0.5|1,0|0,0|0,0|0,0|0,0|0,0|0,0.5|1,0.5|0,0.5|1,0|0,0|0,0.5|1,0|0,0|0,0|0,0.5|1,0|0,0|0,15
a8bc5d06cbb503f88958e45338bfebdee9baf0fd,0|0,0|0,0|0,0|0,0|0,0|0,0|0,0|0,0|0,0|0,0.5|1,0.5|1,0|0,0|0,0|0,0|0,0|0,0|0,0|0,0|0,0.5|0,0|0,0|0,0|0,0|0,0|0,0|0,0|0,0.5|1,0|0,0.5|0,0|0,0.5|1,0.5|1,0.5|1,0.5|1,0.5|1,0|0,0.5|1,1|1,0|0,0|0,0|0,0|0,0.5|1,0|0,0.5|0,0|0,0|0,0.5|1,0|0,0|0,0|0,0|0,0|0,0|0,0.5|1,0.5|0,0|0,0|0,0|0,0.5|1,0|0,0|0,0|0,0.5|1,0|0,0|0,15
8651fa27dd2de731e706e2ba09f0d28e4e0dce33,0|0,0|0,0|0,0|0,0|0,0|0,0|0,0|0,0|0,0|0,0.5|1,0.5|1,0|0,0|0,0|0,0|0,0|0,0|0,0|0,0|0,0.5|0,0|0,0|0,0|0,0|0,0|0,0|0,0|0,0.5|1,0|0,0|0,0|0,0.5|1,0.5|1,0|0,0|0,0|0,0|0,0.5|1,1|1,0|0,0|0,0|0,0|0,0.5|1,0|0,0.5|0,0|0,0|0,0.5|1,0|0,0|0,0|0,0|0,0|0,0|0,0.5|1,0.5|0,0|0,0|0,0|0,0.5|1,0|0,0|0,0|0,0.5|1,0|0,0|0,12
2e36e8a7391b060319e553b990cc5b76b84d5cb0,0|0,0|0,0|0,0|0,0|0,0|0,0|0,0|0,0|0,0|0,0.5|1,0.5|1,0|0,0|0,0|0,0|0,0|0,0|0,0|0,0|0,0.5|0,0|0,0|0,0|0,0|0,0|0,0|0,0|0,0.5|1,0|0,0|0,0|0,0.5|1,0.5|1,0|0,0|0,0|0,0|0,0.5|1,1|1,0|0,0|0,0|0,0|0,0.5|1,0|0,0.5|0,0|0,0|0,0.5|1,0|0,0|0,0|0,0|0,0|0,0|0,0.5|1,0.5|0,0|0,0|0,0|0,0.5|1,0|0,0|0,0|0,0.5|1,0|0,0|0,12
7820c7aacac89f2603c93dc7d199c01ddc1569b3,0|0,0|0,0|0,0|0,0|0,0|0,0|0,0|0,0|0,0|0,0.5|1,0.5|1,0|0,0|0,0|0,0|0,0|0,0|0,0|0,0|0,0.5|0,0|0,0|0,0|0,0|0,0|0,0|0,0|0,0.5|1,0|0,0|0,0|0,0.5|1,0.5|1,0|0,0|0,0|0,0|0,0.5|1,1|1,0|0,0|0,0|0,0|0,0.5|1,0|0,0.5|0,0|0,0|0,0.5|1,0|0,0|0,0|0,0|0,0|0,0|0,0.5|1,0.5|0,0|0,0|0,0|0,0.5|1,0|0,0|0,0|0,0.5|1,0|0,0|0,12
4340d0bcabc298ae1dca706040bf6998e59911c2,0|0,0|0,0|0,0|0,0|0,0|0,0|0,0|0,0|0,0|0,0.5|1,0.5|1,0|0,0|0,0|0,0|0,0|0,0|0,0|0,0|0,0.5|0,0|0,0|0,0|0,0|0,0|0,0|0,0|0,0.5|1,0|0,0|0,0|0,0.5|1,0.5|1,0|0,0|0,0|0,0|0,0.5|1,1|1,0|0,0|0,0|0,0|0,0.5|1,0|0,0.5|0,0|0,0|0,0.5|1,0|0,0|0,0|0,0|0,0|0,0|0,0.5|1,0.5|0,0|0,0|0,0|0,0.5|1,0|0,0|0,0|0,0.5|1,0|0,0|0,12
eda2ed55b48ac80d1fae667c4e6a02313d612bd1,0|0,0|0,0|0,0|0,0|0,0|0,0|0,0|0,0|0,0|0,0.5|1,0.5|1,0|0,0|0,0|0,0|0,0|0,0|0,0|0,0|0,0.5|0,0|0,0|0,0|0,0|0,0|0,0|0,0|0,0.5|1,0|0,0|0,0|0,0.5|1,0.5|1,0|0,0|0,0|0,0|0,0.5|1,1|1,0|0,0|0,0|0,0|0,0.5|1,0|0,0.5|0,0|0,0|0,0.5|1,0|0,0|0,0|0,0|0,0|0,0|0,0.5|1,0.5|0,0|0,0|0,0|0,0.5|1,0|0,0|0,0|0,0.5|1,0|0,0|0,12
0bed5bdbd976852bb023cb61559e9be603319945,0|0,0|0,0|0,0|0,0|0,0|0,0|0,0|0,0|0,0|0,0.5|1,0.5|1,0|0,0|0,0|0,0|0,0|0,0|0,0|0,0|0,0.5|0,0|0,0|0,0|0,0|0,0|0,0|0,0|0,0.5|1,0|0,0|0,0|0,0.5|1,0.5|1,0|0,0|0,0|0,0|0,0.5|1,1|1,0|0,0|0,0|0,0|0,0.5|1,0|0,0.5|0,0|0,0|0,0.5|1,0|0,0|0,0|0,0|0,0|0,0|0,0.5|1,0.5|0,0|0,0|0,0|0,0.5|1,0|0,0|0,0|0,0.5|1,0|0,0|0,12
80f3c7884477e84d70f31a61fa8059992040ae9a,0|0,0|0,0|0,0|0,0|0,0|0,0|0,0|0,0|0,0|0,0.5|1,0.5|1,0|0,0|0,0|0,0|0,0|0,0|0,0|0,0|0,0.5|0,0|0,0|0,0|0,0|0,0|0,0|0,0|0,0.5|1,0|0,0|0,0|0,0.5|1,0.5|1,0|0,0|0,0|0,0|0,0.5|1,1|1,0|0,0|0,0|0,0|0,0.5|1,0|0,0.5|0,0|0,0|0,0.5|1,0|0,0|0,0|0,0|0,0|0,0|0,0.5|1,0.5|0,0|0,0|0,0|0,0.5|1,0|0,0|0,0|0,0.5|1,0|0,0|0,12
919f9faa30942269ba453ae563a0d376b290d861,0|0,0|0,0|0,0|0,0|0,0|0,0|0,0|0,0|0,0|0,0.5|1,0.5|1,0|0,0|0,0|0,0|0,0|0,0|0,0|0,0|0,0.5|0,0|0,0|0,0|0,0|0,0|0,0|0,0|0,0.5|1,0|0,0|0,0|0,0.5|1,0.5|1,0|0,0|0,0|0,0|0,0.5|1,1|1,0|0,0|0,0|0,0|0,0.5|1,0|0,0.5|0,0|0,0.5|1,0.5|1,0|0,0|0,0|0,0|0,0|0,0|0,0.5|1,0.5|0,0|0,0|0,0|0,0.5|1,0|0,0|0,0|0,0.5|1,0|0,0|0,13
04131beced5ebbd82ca374238f98428cb6c52070,0|0,0|0,0|0,0|0,0|0,0|0,0|0,0|0,0|0,0|0,0.5|1,0.5|1,0|0,0|0,0|0,0|0,0|0,0|0,0|0,0|0,0.5|0,0|0,0|0,0|0,0|0,0|0,0|0,0|0,0.5|1,0|0,0|0,0|0,0.5|1,0.5|1,0|0,0|0,0|0,0|0,0|0,1|1,0|0,0|0,0|0,0|0,0.5|1,0|0,0.5|0,0|0,0.5|1,0.5|1,0|0,0|0,0|0,0|0,0|0,0|0,0.5|1,0.5|0,0|0,0|0,0|0,0.5|1,0|0,0|0,0|0,0.5|1,0|0,0|0,12
4a68724d417ad306418ef67d485a6d80b0265660,0|0,0|0,0|0,0|0,0|0,0|0,0|0,0|0,0|0,0|0,0.5|1,0.5|1,0|0,0|0,0|0,0|0,0|0,0|0,0|0,0|0,0.5|0,0|0,0|0,0|0,0|0,0|0,0|0,0|0,0.5|1,0|0,0|0,0|0,0.5|1,0.5|1,0|0,0|0,0|0,0|0,0|0,1|1,0|0,0|0,0|0,0|0,0.5|1,0|0,0.5|0,0|0,0.5|1,0.5|1,0|0,0|0,0|0,0|0,0|0,0|0,0.5|1,0.5|0,0|0,0|0,0|0,0.5|1,0|0,0|0,0|0,0.5|1,0|0,0|0,12
4b39dcf8147c25b9eceb85c2ffdfca4afe677551,0|0,0|0,0|0,0|0,0|0,0|0,0|0,0|0,0|0,0|0,0.5|1,0.5|1,0|0,0|0,0|0,0|0,0|0,0|0,0|0,0|0,0.5|0,0|0,0|0,0|0,0|0,0|0,0|0,0|0,0.5|1,0|0,0|0,0|0,0.5|1,0.5|1,0|0,0|0,0|0,0|0,0|0,1|1,0|0,0|0,0|0,0|0,0.5|1,0|0,0.5|0,0|0,0.5|1,0.5|1,0|0,0|0,0|0,0|0,0|0,0|0,0.5|1,0.5|0,0|0,0|0,0|0,0.5|1,0|0,0|0,0|0,0.5|1,0|0,0|0,12
bf979464d9db9c4715147a8142211c90cc07c716,0|0,0|0,0|0,0|0,0|0,0|0,0|0,0|0,0|0,0|0,0.5|1,0.5|1,0|0,0|0,0|0,0|0,0|0,0|0,0|0,0|0,0.5|0,0|0,0|0,0|0,0|0,0|0,0|0,0|0,0|0,0|0,0|0,0|0,0.5|1,0.5|1,0|0,0|0,0|0,0|0,0|0,1|1,0|0,0|0,0|0,0|0,0.5|1,0|0,0.5|0,0|0,0.5|1,0.5|1,0|0,0|0,0|0,0|0,0|0,0|0,0.5|1,0.5|0,0|0,0|0,0|0,0.5|1,0|0,0|0,0|0,0.5|1,0|0,0|0,11
c423e198865a962d363f33031f54d5307a3d31b1,0|0,0|0,0|0,0|0,0|0,0|0,0|0,0|0,0|0,0|0,0.5|1,0.5|1,0|0,0|0,0|0,0|0,0|0,0|0,0|0,0|0,0.5|0,0|0,0|0,0|0,0|0,0|0,0|0,0|0,0|0,0|0,0|0,0|0,0.5|1,0.5|1,0|0,0|0,0|0,0|0,0|0,1|1,0|0,0|0,0|0,0|0,0.5|1,0|0,0.5|0,0|0,0.5|1,0.5|1,0|0,0|0,0|0,0|0,0|0,0|0,0.5|1,0.5|0,0|0,0|0,0|0,0.5|1,0|0,0|0,0|0,0.5|1,0|0,0|0,11
b628ff5237f7801b654c5e1b6e29b3779c3d53f4,0|0,0|0,0|0,0|0,0|0,0|0,0|0,0|0,0|0,0|0,0.5|1,0.5|1,0|0,0|0,0|0,0|0,0|0,0|0,0|0,0|0,0.5|0,0|0,0|0,0|0,0|0,0|0,0|0,0|0,0|0,0|0,0|0,0|0,0.5|1,0.5|1,0|0,0|0,0|0,0|0,0|0,1|1,0|0,0|0,0|0,0|0,0.5|1,0|0,0.5|0,0|0,0.5|1,0.5|1,0|0,0|0,0|0,0|0,0|0,0|0,0.5|1,0.5|0,0|0,0|0,0|0,0.5|1,0|0,0|0,0|0,0.5|1,0|0,0|0,11
79b505fc23a2dd2a2feedd9b619736b811b3eb0a,0|0,0|0,0|0,0|0,0|0,0|0,0|0,0|0,0|0,0|0,0.5|1,0.5|1,0|0,0|0,0|0,0|0,0|0,0|0,0|0,0|0,0.5|0,0|0,0|0,0|0,0|0,0|0,0|0,0|0,0|0,0|0,0|0,0|0,0.5|1,0.5|1,0|0,0|0,0|0,0|0,0|0,1|1,0|0,0|0,0|0,0|0,0.5|1,0|0,0.5|0,0|0,0.5|1,0.5|1,0|0,0|0,0|0,0|0,0|0,0|0,0.5|1,0.5|0,0|0,0|0,0|0,0.5|1,0|0,0|0,0|0,0.5|1,0|0,0|0,11
89f476aa9e235470e72cbc1fa798e9b74544d574,0|0,0|0,0|0,0|0,0|0,0|0,0|0,0|0,0|0,0|0,0.5|1,0.5|1,0|0,0|0,0|0,0|0,0|0,0|0,0|0,0|0,0.5|0,0|0,0|0,0|0,0|0,0|0,0|0,0|0,0|0,0|0,0|0,0|0,0.5|1,0.5|1,0|0,0|0,0|0,0|0,0|0,1|1,0|0,0|0,0|0,0|0,0.5|1,0|0,0.5|0,0|0,0.5|1,0.5|1,0|0,0|0,0|0,0|0,0|0,0|0,0.5|1,0.5|0,0|0,0|0,0|0,0.5|1,0|0,0|0,0|0,0.5|1,0|0,0|0,11
8e475e998bdf60eb24d9af098a1a22a53479ef5c,0|0,0|0,0|0,0|0,0|0,0|0,0|0,0|0,0|0,0|0,0.5|1,0.5|1,0|0,0|0,0|0,0|0,0|0,0|0,0|0,0|0,0.5|0,0|0,0|0,0|0,0|0,0|0,0|0,0|0,0|0,0|0,0|0,0|0,0.5|1,0.5|1,0|0,0|0,0|0,0|0,0|0,1|1,0|0,0|0,0|0,0|0,0.5|1,0|0,0.5|0,0|0,0.5|1,0.5|1,0|0,0|0,0|0,0|0,0|0,0|0,0.5|1,0.5|0,0|0,0|0,0|0,0.5|1,0|0,0|0,0|0,0.5|1,0|0,0|0,11
d3dbc00be98b803197d7ce571c55b6c4b44eefef,0.5|0,0|0,0.5|0,0|0,0|0,0|0,0|0,0|0,0.5|0,0|0,0.5|1,0.5|1,0|0,0|0,0|0,0|0,0|0,0.5|0,0|0,0|0,0.5|0,0|0,0|0,0|0,0|0,0|0,0|0,0|0,0|0,0|0,0|0,0|0,0.5|1,0.5|1,0|0,0|0,0|0,0|0,0|0,1|1,0|0,0|0,0|0,0|0,0.5|0,0|0,0.5|0,0|0,0.5|1,0.5|1,0.5|0,0|0,0.5|0,0|0,0|0,0|0,0.5|1,0.5|0,0|0,0|0,0|0,0.5|1,0|0,0|0,0|0,0.5|1,0|0,0|0,10
12afd0f0cc225cf3a06fb0b9e84ac050854018ee,0.5|0,0|0,0.5|0,0|0,0|0,0|0,0|0,0|0,0.5|0,0|0,0.5|1,0.5|1,0|0,0|0,0|0,0|0,0|0,0.5|0,0|0,0|0,0.5|0,0|0,0|0,0|0,0|0,0|0,0|0,0|0,0|0,0|0,0|0,0|0,0.5|1,0.5|1,0|0,0|0,0|0,0|0,0|0,1|1,0|0,0|0,0|0,0|0,0.5|0,0|0,0.5|0,0|0,0.5|1,0.5|1,0.5|0,0|0,0.5|0,0|0,0|0,0|0,0.5|1,0.5|0,0|0,0|0,0|0,0.5|1,0|0,0|0,0|0,0.5|1,0|0,0|0,10
d41ecbdb8e01951753157c53dd75c359ee417263,0.5|0,0|0,0.5|0,0|0,0|0,0|0,0|0,0|0,0.5|0,0|0,0.5|1,0.5|1,0|0,0|0,0|0,0|0,0|0,0.5|0,0|0,0|0,0.5|0,0|0,0|0,0|0,0|0,0|0,0|0,0|0,0|0,0|0,0|0,0|0,0.5|1,0.5|1,0|0,0|0,0|0,0|0,0|0,1|1,0|0,0|0,0|0,0|0,0.5|0,0|0,0.5|0,0|0,0.5|1,0.5|1,0.5|0,0|0,0.5|0,0|0,0|0,0|0,0.5|1,0.5|0,0|0,0|0,0|0,0.5|1,0|0,0|0,0|0,0.5|1,0|0,0|0,10
e8e0007a0ba61558f69ba80beffd569015e4bb9e,0.5|0,0|0,0.5|0,0|0,0|0,0|0,0|0,0|0,0.5|0,0|0,0.5|1,0.5|1,0|0,0|0,0|0,0|0,0|0,0.5|0,0|0,0|0,0.5|0,0|0,0|0,0|0,0|0,0|0,0|0,0|0,0|0,0|0,0|0,0|0,0.5|1,0.5|1,0|0,0|0,0|0,0|0,0|0,1|1,0|0,0|0,0|0,0|0,0.5|0,0|0,0.5|0,0|0,0.5|1,0.5|1,0.5|0,0|0,0.5|0,0|0,0|0,0|0,0.5|1,0.5|0,0|0,0|0,0|0,0.5|1,0|0,0|0,0|0,0.5|1,0|0,0|0,10
764d45568ae31acf5a36b3960ecc674b4ee0f152,0.5|0,0|0,0.5|0,0|0,0|0,0|0,0|0,0|0,0.5|0,0|0,0.5|1,0.5|1,0|0,0|0,0|0,0|0,0|0,0.5|0,0|0,0|0,0.5|0,0|0,0|0,0|0,0|0,0|0,0|0,0|0,0|0,0|0,0|0,0|0,0.5|1,0.5|1,0|0,0|0,0|0,0|0,0|0,1|1,0|0,0|0,0|0,0|0,0.5|0,0|0,0.5|0,0|0,0.5|1,0.5|1,0.5|0,0|0,0.5|0,0|0,0|0,0|0,0.5|1,0.5|0,0|0,0|0,0|0,0.5|1,0|0,0|0,0|0,0.5|1,0|0,0|0,10
f0f7df1926bbb559923301e75553ca9b789b0023,0.5|0,0|0,0.5|0,0|0,0|0,0|0,0|0,0|0,0.5|0,0|0,0.5|1,0.5|1,0|0,0|0,0|0,0|0,0|0,0.5|0,0|0,0|0,0.5|0,0|0,0|0,0|0,0|0,0|0,0|0,0|0,0|0,0|0,0|0,0|0,0.5|1,0.5|1,0|0,0|0,0|0,0|0,0|0,1|1,0|0,0|0,0|0,0|0,0.5|0,0|0,0.5|0,0|0,0.5|1,0.5|1,0.5|0,0|0,0.5|0,0|0,0|0,0|0,0.5|1,0.5|0,0|0,0|0,0|0,0.5|1,0|0,0|0,0|0,0.5|1,0|0,0|0,10
6fc9a9936c385b3cd2ada5bfc42bc7af70eb6262,0.5|0,0|0,0.5|0,0|0,0|0,0|0,0|0,0|0,0.5|0,0|0,0.5|1,0.5|1,0|0,0|0,0|0,0|0,0|0,0.5|0,0|0,0|0,0.5|0,0|0,0|0,0|0,0.5|0,0|0,0|0,0|0,0|0,0|0,0|0,0|0,0.5|1,0.5|1,0|0,0|0,0|0,0|0,0|0,1|1,0.5|0,0|0,0|0,0|0,0.5|0,0|0,0.5|0,0|0,0.5|1,0.5|1,0.5|0,0|0,0.5|0,0|0,0|0,0|0,0.5|1,0.5|0,0|0,0|0,0|0,0.5|1,0|0,0|0,0|0,0.5|1,0|0,0|0,10
67f77d0c8c19b6a42ff4f815b9587ec4aebd6905,0.5|0,0|0,0.5|0,0|0,0|0,0|0,0|0,0|0,0.5|0,0|0,0.5|1,0.5|1,0|0,0|0,0|0,0|0,0|0,0.5|0,0|0,0|0,0.5|0,0|0,0|0,0|0,0.5|0,0|0,0|0,0|0,0|0,0|0,0|0,0|0,0.5|1,0.5|1,0|0,0|0,0|0,0|0,0|0,1|1,0.5|0,0|0,0|0,0|0,0.5|0,0|0,0.5|0,0|0,0.5|1,0.5|1,0.5|0,0|0,0.5|0,0|0,0|0,0|0,0.5|1,0.5|0,0|0,0|0,0|0,0.5|1,0|0,0|0,0|0,0.5|1,0|0,0|0,10
5e33721ea013639b3bd20ee1a537d3d1df82696d,0.5|0,0|0,0.5|0,0|0,0|0,0|0,0|0,0|0,0.5|0,0|0,0.5|1,0.5|1,0|0,0|0,0|0,0|0,0|0,0.5|0,0|0,0|0,0.5|0,0|0,0|0,0|0,0.5|0,0|0,0|0,0|0,0|0,0|0,0|0,0|0,0.5|1,0.5|1,0|0,0|0,0|0,0|0,0|0,1|1,0.5|0,0|0,0|0,0|0,0.5|0,0|0,0.5|0,0|0,0.5|1,0.5|1,0.5|0,0|0,0.5|0,0|0,0|0,0|0,0.5|1,0.5|0,0|0,0|0,0|0,0.5|1,0|0,0|0,0|0,0.5|1,0|0,0|0,10
66f10d03ba142ed6829fa7173e5bb3d40b66bf5f,0.5|0,0|0,0.5|0,0|0,0|0,0|0,0|0,0|0,0.5|0,0|0,0.5|1,0.5|1,0|0,0|0,0|0,0|0,0|0,0.5|0,0|0,0|0,0.5|0,0|0,0|0,0|0,0.5|0,0|0,0|0,0|0,0|0,0|0,0|0,0|0,0.5|1,0.5|1,0|0,0|0,0|0,0|0,0|0,1|1,0.5|0,0|0,0|0,0|0,0.5|0,0|0,0.5|0,0|0,0.5|1,0.5|1,0.5|0,0|0,0.5|0,0|0,0|0,0|0,0.5|1,0.5|0,0|0,0|0,0|0,0.5|1,0|0,0|0,0|0,0.5|1,0|0,0|0,10
ce2c35128d1d5934df10a19f4efd071e9a92ab7d,0.5|0,0.5|0,0.5|0,0|0,0|0,0|0,0|0,0|0,0.5|0,0|0,0.5|1,0.5|1,0|0,0|0,0|0,0|0,0|0,0.5|0,0|0,0|0,0.5|0,0|0,0|0,0|0,0.5|0,0|0,0|0,0|0,0|0,0|0,0|0,0|0,0.5|1,0.5|1,0|0,0|0,0|0,0|0,0|0,1|1,0.5|0,0.5|0,0.5|0,0.5|0,0.5|0,0|0,0.5|0,0|0,0.5|1,0.5|1,0.5|0,0|0,0.5|0,0|0,0|0,0|0,0.5|1,0.5|0,0|0,0|0,0|0,0.5|1,0|0,0|0,0|0,0.5|1,0|0,0|0,10
020bf31f9ebe663b3bc1c17178769165b148b771,0.5|0,0.5|0,0.5|0,0|0,0|0,0|0,0|0,0|0,0.5|0,0|0,0.5|1,0.5|1,0|0,0|0,0|0,0|0,0|0,0.5|0,0|0,0|0,0.5|0,0|0,0|0,0|0,0.5|0,0|0,0|0,0|0,0|0,0|0,0|0,0|0,0.5|1,0.5|1,0|0,0|0,0|0,0|0,0|0,1|1,0.5|0,0.5|0,0.5|0,0.5|0,0.5|0,0|0,0.5|0,0|0,0.5|1,0.5|1,0.5|0,0|0,0.5|0,0|0,0|0,0|0,0.5|1,0.5|0,0|0,0|0,0|0,0.5|1,0|0,0|0,0|0,0.5|1,0|0,0|0,10
234f32d564d20342498215e0caef26ad344a8182,0.5|0,0.5|0,0.5|0,0|0,0|0,0|0,0|0,0|0,0.5|0,0|0,0.5|1,0.5|1,0|0,0|0,0|0,0|0,0|0,0.5|0,0|0,0|0,0.5|0,0|0,0|0,0|0,0.5|0,0|0,0|0,0|0,0|0,0|0,0|0,0|0,0.5|1,0.5|1,0|0,0|0,0|0,0|0,0|0,1|1,0.5|0,0.5|0,0.5|0,0.5|0,0.5|0,0|0,0.5|0,0|0,0.5|1,0.5|1,0.5|0,0|0,0.5|0,0|0,0|0,0|0,0.5|1,0.5|0,0|0,0|0,0|0,0.5|1,0|0,0|0,0|0,0.5|1,0|0,0|0,10
42bafb899a16639755923af6e3200417db4c7169,0.5|0,0.5|0,0.5|0,0|0,0|0,0|0,0|0,0|0,0.5|0,0|0,0.5|1,0.5|1,0|0,0|0,0|0,0|0,0|0,0.5|0,0|0,0|0,0.5|0,0|0,0|0,0|0,0.5|0,0|0,0|0,0|0,0|0,0|0,0|0,0|0,0.5|1,0.5|1,0|0,0|0,0|0,0|0,0|0,1|1,0.5|0,0.5|0,0.5|0,0.5|0,0.5|0,0|0,0.5|0,0|0,0.5|1,0.5|1,0.5|0,0|0,0.5|0,0|0,0|0,0|0,0.5|1,0.5|0,0|0,0|0,0|0,0.5|1,0|0,0|0,0|0,0.5|1,0|0,0|0,10
039da4567fc0a455af1e8a23a24ee045811b826b,0.5|0,0|0,0.5|0,0|0,0|0,0|0,0|0,0|0,0.5|0,0|0,0.5|1,0.5|1,0|0,0|0,0|0,0.5|0,0.5|0,0.5|0,0|0,0|0,0.5|0,0|0,0|0,0|0,0.5|0,0|0,0|0,0|0,0|0,0|0,0|0,0|0,0.5|1,0.5|1,0|0,0|0,0|0,0|0,0|0,1|1,0.5|0,0|0,0|0,0|0,0.5|0,0|0,0.5|0,0|0,0.5|1,0.5|1,0.5|0,0|0,0.5|0,0|0,0|0,0|0,0.5|1,0.5|0,0|0,0|0,0|0,0.5|1,0|0,0|0,0|0,0.5|1,0|0,0|0,10
3300fa2816e2a9a1c88afa9de8e34d231e58c0fa,0.5|0,0|0,0.5|0,0|0,0|0,0|0,0|0,0|0,0.5|0,0|0,0.5|1,0.5|1,0|0,0|0,0|0,0.5|0,0.5|0,0.5|0,0|0,0|0,0.5|0,0|0,0|0,0|0,0.5|0,0|0,0|0,0|0,0|0,0|0,0|0,0|0,0.5|1,0.5|1,0|0,0|0,0|0,0|0,0|0,1|1,0.5|0,0|0,0|0,0|0,0.5|0,0|0,0.5|0,0|0,0.5|1,0.5|1,0.5|0,0|0,0.5|0,0|0,0|0,0|0,0.5|1,0.5|0,0|0,0|0,0|0,0.5|1,0|0,0|0,0|0,0.5|1,0|0,0|0,10
8a54b839fb069f75dda61778fad0db9bbbd9c400,0.5|0,0|0,0.5|0,0|0,0|0,0|0,0|0,0|0,0.5|0,0|0,0.5|1,0.5|1,0|0,0|0,0|0,0.5|0,0.5|0,0.5|0,0|0,0|0,0.5|0,0|0,0|0,0|0,0.5|0,0|0,0|0,0|0,0|0,0|0,0|0,0|0,0.5|1,0.5|1,0|0,0|0,0|0,0|0,0.5|0,1|1,0.5|0,0|0,0|0,0|0,0.5|0,0|0,0.5|0,0|0,0.5|1,0.5|1,0.5|0,0.5|0,0.5|0,0|0,0|0,0|0,0.5|1,0.5|0,0|0,0|0,0|0,0.5|1,0|0,0|0,0|0,0.5|1,0|0,0|0,10
fa37faf0470b053d24da941ce5c7b97f9ec38393,0.5|0,0|0,0.5|0,0|0,0|0,0|0,0|0,0|0,0.5|0,0|0,0.5|1,0.5|1,0|0,0|0,0|0,0.5|0,0.5|0,0.5|0,0|0,0|0,0.5|0,0|0,0|0,0|0,0.5|0,0|0,0|0,0|0,0|0,0|0,0|0,0|0,0.5|1,0.5|1,0|0,0|0,0|0,0|0,0.5|0,1|1,0.5|0,0|0,0|0,0|0,0.5|0,0|0,0.5|0,0|0,0|0,0.5|1,0.5|0,0.5|0,0.5|0,0|0,0|0,0|0,0.5|1,0.5|0,0|0,0|0,0|0,0.5|1,0|0,0|0,0|0,0.5|1,0|0,0|0,9
14a3ffe26d4bcd267c42471caebaf21185c16a4c,0.5|0,0|0,0.5|0,0|0,0|0,0|0,0|0,0|0,0.5|0,0|0,0.5|1,0.5|1,0|0,0|0,0|0,0|0,0|0,0.5|0,0|0,0|0,0.5|0,0|0,0|0,0|0,0|0,0|0,0|0,0|0,0|0,0|0,0|0,0|0,0.5|1,0.5|1,0|0,0|0,0|0,0|0,0|0,1|1,0|0,0|0,0|0,0|0,0.5|0,0|0,0.5|0,0|0,0|0,0.5|1,0.5|0,0|0,0.5|0,0|0,0|0,0|0,0.5|1,0.5|0,0|0,0|0,0|0,0.5|1,0|0,0|0,0|0,0.5|1,0|0,0|0,9
04db0511ca687574fafb551d3c1a763c1e4d8a09,0.5|0,0|0,0.5|0,0|0,0|0,0|0,0|0,0|0,0.5|0,0|0,0.5|1,0.5|1,0|0,0|0,0|0,0|0,0|0,0.5|0,0|0,0|0,0.5|0,0|0,0|0,0|0,0|0,0|0,0|0,0|0,0|0,0|0,0|0,0|0,0.5|1,0.5|1,0|0,0|0,0|0,0|0,0|0,1|1,0|0,0|0,0|0,0|0,0.5|0,0|0,0.5|0,0|0,0|0,0.5|1,0.5|0,0|0,0.5|0,0|0,0|0,0|0,0.5|1,0.5|0,0|0,0|0,0|0,0.5|1,0|0,0|0,0|0,0.5|1,0|0,0|0,9
24faedf968fc32f563b596d3621d086696958a8b,0.5|0,0|0,0.5|0,0|0,0|0,0|0,0|0,0|0,0.5|0,0|0,0.5|1,0.5|1,0|0,0|0,0|0,0|0,0|0,0.5|0,0.5|0,0|0,0.5|0,0.5|1,0|0,0|0,0|0,0|0,0|0,0|0,0|0,0|0,0|0,0|0,0.5|1,0.5|0,0|0,0|0,0|0,0|0,0|0,1|1,0|0,0|0,0|0,0|0,0.5|0,0|0,0.5|0,0|0,0|0,0.5|1,0.5|0,0|0,0.5|0,0|0,0|0,0|0,0.5|1,0.5|0,0|0,0|0,0|0,0.5|1,0|0,0|0,0|0,0.5|1,0|0,0|0,9
7fb4b5dba1a70ddb9b65149fade6c0106452dc0f,0.5|0,0|0,0.5|0,0|0,0|0,0|0,0|0,0|0,0.5|0,0|0,0.5|1,0.5|1,0|0,0|0,0|0,0|0,0|0,0.5|0,0.5|0,0|0,0.5|0,0.5|1,0|0,0|0,0|0,0|0,0|0,0|0,0|0,0|0,0|0,0|0,0.5|1,0.5|0,0|0,0|0,0|0,0|0,0|0,1|1,0|0,0|0,0|0,0|0,0.5|0,0|0,0.5|0,0|0,0|0,0.5|1,0.5|0,0|0,0.5|0,0|0,0|0,0|0,0.5|1,0.5|0,0|0,0|0,0|0,0.5|1,0|0,0|0,0|0,0.5|1,0|0,0|0,9
63bff2c29fc8d66bf5d29df8d9b75b6fbec7e15a,0.5|0,0|0,0.5|0,0|0,0|0,0|0,0|0,0|0,0.5|0,0|0,0.5|1,0.5|1,0|0,0|0,0|0,0|0,0|0,0.5|0,0.5|0,0|0,0.5|0,0.5|1,0|0,0|0,0|0,0|0,0|0,0|0,0|0,0|0,0|0,0|0,0.5|1,0.5|0,0|0,0|0,0|0,0|0,0|0,1|1,0|0,0|0,0|0,0|0,0.5|0,0|0,0.5|0,0|0,0|0,0.5|1,0.5|0,0|0,0.5|0,0|0,0|0,0|0,0.5|1,0.5|0,0|0,0|0,0|0,0.5|1,0|0,0|0,0|0,0.5|1,0|0,0|0,9
9a98686f3f54f6e8450056ec846f82c71a4777e1,0.5|0,0|0,0.5|0,0|0,0|0,0|0,0|0,0|0,0.5|0,0|0,0.5|1,0.5|1,0|0,0|0,0|0,0|0,0|0,0.5|0,0.5|0,0.5|1,0.5|0,0.5|1,0|0,0|0,0|0,0|0,0|0,0|0,0|0,0|0,0|0,0|0,0.5|1,0.5|0,0|0,0|0,0|0,0|0,0|0,1|1,0|0,0|0,0|0,0|0,0.5|0,0|0,0.5|0,0|0,0|0,0.5|1,0.5|0,0|0,0.5|0,0|0,0|0,0|0,0.5|1,0.5|0,0|0,0|0,0|0,0.5|1,0|0,0|0,0|0,0.5|1,0|0,0|0,10
f518aa20ef9a376fad1382332efbac77541ad624,0|0,0|0,0|0,0|0,0|0,0|0,0|0,0|0,0|0,0|0,0|0,0|0,0|0,0|0,0|0,0|0,0|0,0|0,0.5|0,0.5|1,0.5|1,0.5|1,0|0,0|0,0|0,0|0,0|0,0|0,0|0,0|0,0|0,0|0,0.5|1,0.5|0,0|0,0|0,0|0,0|0,0|0,1|1,0|0,0|0,0|0,0|0,0.5|0,0|0,0.5|0,0|0,0|0,0|0,0|0,0|0,0|0,0|0,0|0,0|0,0.5|1,0|0,0|0,0|0,0|0,0.5|1,0|0,0|0,0|0,0.5|1,0|0,0|0,8
3e82788cd4884ea3330e1782ded7e03e5b57e50e,0|0,0|0,0|0,0|0,0|0,0|0,0|0,0|0,0|0,0|0,0|0,0|0,0|0,0|0,0|0,0|0,0|0,0|0,0.5|0,0.5|1,0.5|1,0.5|1,0|0,0|0,0|0,0|0,0|0,0|0,0|0,0|0,0|0,0|0,0.5|1,0.5|0,0|0,0|0,0|0,0|0,0|0,1|1,0|0,0|0,0|0,0|0,0.5|0,0|0,0.5|0,0|0,0|0,0|0,0|0,0|0,0|0,0|0,0|0,0|0,0.5|1,0|0,0|0,0|0,0|0,0.5|1,0|0,0|0,0|0,0.5|1,0|0,0|0,8
98729e9d56bd5e8e0530de39d955dc838803cbb2,0|0,0|0,0|0,0|0,0|0,0|0,0|0,0|0,0|0,0|0,0|0,0|0,0|0,0|0,0|0,0|0,0|0,0|0,0.5|1,0.5|1,0.5|1,0.5|1,0|0,0|0,0|0,0|0,0|0,0|0,0|0,0|0,0|0,0|0,0.5|1,0.5|0,0|0,0|0,0|0,0|0,0|0,1|1,0|0,0|0,0|0,0|0,0.5|0,0|0,0.5|0,0|0,0|0,0|0,0|0,0|0,0|0,0|0,0|0,0|0,0.5|1,0|0,0|0,0|0,0|0,0.5|1,0|0,0|0,0|0,0.5|1,0|0,0|0,9
a06d461bf19a9542204ad9761f2b38dc57c9d23d,0|0,0|0,0|0,0|0,0|0,0|0,0|0,0|0,0.5|1,0.5|1,0|0,0|0,0|0,0|0,0|0,0|0,0.5|0,0.5|1,0.5|1,0.5|1,0.5|1,0.5|1,0.5|1,0|0,0|0,0|0,0|0,0|0,0|0,0|0,0|0,0|0,0.5|1,0.5|0,0|0,0|0,0|0,0|0,0|0,1|1,0|0,0|0,0|0,0|0,0.5|0,0|0,0.5|0,0|0,0|0,0|0,0|0,0.5|0,0|0,0|0,0|0,0|0,0.5|1,0|0,0|0,0|0,0|0,0.5|1,0|0,0|0,0|0,0.5|1,0|0,0|0,13
e32962da3f247937f6355f80a113ea716016e998,0|0,0|0,0|0,0|0,0|0,0|0,0|0,0|0,0.5|1,0.5|1,0|0,0|0,0|0,0|0,0|0,0|0,0.5|0,0.5|1,0.5|1,0.5|1,0.5|1,0.5|1,0.5|1,0|0,0|0,0|0,0|0,0|0,0|0,0|0,0|0,0|0,0|0,0.5|0,0|0,0|0,0|0,0|0,0|0,1|1,0|0,0|0,0|0,0|0,0.5|0,0|0,0.5|0,0|0,0|0,0|0,0|0,0.5|0,0|0,0|0,0|0,0|0,0.5|1,0|0,0|0,0|0,0|0,0|0,0|0,0|0,0|0,0.5|1,0|0,0|0,11
376c4f69a4e6590c63c4b4df6a9ff76a357aff36,0|0,0|0,0|0,0|0,0|0,1|1,0|0,0|0,0.5|1,0.5|1,0|0,0|0,0.5|1,0|0,0|0,0|0,0.5|0,0.5|1,0.5|1,0.5|1,0.5|0,0.5|1,0.5|1,0|0,0|0,0|0,0|0,0|0,0|0,0|0,0|0,0|0,0|0,0.5|0,0|0,0|0,0|0,0|0,0|0,1|1,0|0,0|0,0|0,0|0,0.5|0,0|0,0.5|0,0|0,0|0,0|0,0|0,0.5|0,0|0,0|0,0|0,0|0,0.5|1,0|0,0|0,0|0,0|0,0|0,0|0,0|0,0|0,0.5|1,0|0,0|0,12
c463afbab3a48532f2bf1a79bdb8ab046d5b3065,0|0,0|0,0|0,0|0,0|0,1|1,0|0,0|0,0.5|1,0.5|1,0|0,0|0,0.5|1,0|0,0|0,0.5|1,0|1,0.5|1,0.5|1,0.5|0,0.5|0,0|0,0.5|0,0|0,0.5|0,0|0,0|0,0|0,0|0,0|0,0|0,0|0,0|0,0.5|0,0|0,0|0,0|0,0|0,0|0,0.5|0,0.5|0,0|0,0|0,0|0,0.5|0,0|0,0.5|0,0|0,0.5|0,0|0,0|0,0|0,0|0,0|0,0|0,0|0,0|0,0|0,0|0,0|0,0|0,0|0,0|0,0|0,0|0,0|0,0|0,0|0,8
79b1468d82dad17048e5fed0611026591650581a,0|0,0|0,0|0,0|0,0|0,1|1,0|0,0|0,0.5|1,0.5|1,0|0,0|0,0.5|1,0|0,0|0,0|0,0.5|0,0.5|1,0.5|1,0.5|1,0.5|0,0.5|1,0.5|1,0|0,0|0,0|0,0|0,0|0,0|0,0|0,0|0,0|0,0|0,0.5|0,0|0,0|0,0|0,0|0,0|0,1|1,0|0,0|0,0|0,0|0,0.5|0,0|0,0.5|0,0|0,0|0,0|0,0|0,0.5|0,0|0,0|0,0|0,0|0,0.5|1,0|0,0|0,0|0,0|0,0|0,0|0,0|0,0|0,0.5|1,0|0,0|0,12
35db05114f85e7b7a2c8cea6795c082064490739,0|0,0|0,0|0,0|0,0|0,1|1,0|0,0|0,0.5|1,0.5|1,0|0,0|0,0.5|1,0|0,0|0,0.5|1,0|1,0.5|1,0.5|1,0.5|0,0.5|0,0|0,0|0,0|0,0.5|0,0|0,0|0,0|0,0|0,0|0,0|0,0|0,0|0,0|0,0|0,0|0,0|0,0|0,0|0,0.5|0,0.5|0,0|0,0|0,0|0,0.5|0,0|0,0|0,0|0,0.5|0,0|0,0|0,0|0,0|0,0|0,0|0,0|0,0|0,0|0,0|0,0|0,0|0,0|0,0|0,0|0,0|0,0|0,0|0,0|0,8
3b41a68b3a1e52cbf9ba6df2c0af51c85bf1a377,0|0,0|0,0|0,0|0,0|0,1|1,0|0,0|0,0.5|1,0.5|1,0|0,0|0,0.5|1,0|0,0|0,0.5|1,0|1,0.5|1,0.5|1,0.5|0,0.5|0,0|0,0|0,0|0,0.5|0,0|0,0|0,0|0,0|0,0|0,0|0,0|0,0|0,0|0,0|0,0|0,0|0,0|0,0|0,0.5|0,0.5|0,0|0,0|0,0|0,0.5|0,0|0,0|0,0|0,0.5|0,0|0,0|0,0|0,0|0,0|0,0|0,0|0,0|0,0|0,0|0,0|0,0|0,0|0,0|0,0|0,0|0,0|0,0|0,0|0,8
528d0115db330dc536d26b1ac2f3f48b6876a57c,0|0,0|0,0|0,0|0,0|0,1|1,0|0,0|0,0.5|1,0.5|1,0|0,0|0,0.5|1,0|0,0|0,0.5|1,0|1,0.5|1,0.5|1,0.5|0,0.5|0,0|0,0.5|0,0|0,0.5|0,0|0,0|0,0|0,0|0,0|0,0|0,0|0,0|0,0.5|0,0|0,0|0,0|0,0|0,0|0,0.5|0,0.5|0,0|0,0|0,0|0,0.5|0,0|0,0.5|0,0|0,0.5|0,0|0,0|0,0|0,0|0,0|0,0|0,0|0,0|0,0|0,0|0,0|0,0|0,0|0,0|0,0|0,0|0,0|0,0|0,0|0,8
c71fbe25cba8bfe6b0ef9aee2982cf2c5d53efe5,0|0,0|0,0|0,0|0,0|0,1|1,0|0,0|0,0.5|1,0.5|1,0|0,0|0,0.5|1,0|0,0.5|1,0.5|1,1|1,0.5|1,0.5|1,0.5|0,0.5|0,0|0,0|0,0|0,0.5|0,0.5|0,0|0,0|0,0|0,0|0,0|0,0|0,0|0,0|0,0|0,0|0,0|0,0|0,0|0,0.5|0,0.5|0,0|0,0|0,0|0,0.5|0,0|0,0|0,0|0,0.5|0,0|0,0|0,0|0,0|0,0|0,0|0,0|0,0|0,0|0,0|0,0|0,0|0,0|0,0|0,0|0,0|0,0|0,0|0,0|0,9
f46b3f0fa33bc4359a8a3f0c120ec54d84d6f8b7,0|0,0|0,0|0,0|0,0|0,1|1,0|0,0|0,0.5|1,0.5|1,0|0,0|0,0.5|1,0|0,0.5|1,0.5|1,1|1,0.5|1,0.5|1,0.5|0,0.5|0,0|0,0|0,0|0,0.5|0,0.5|0,0|0,0|0,0|0,0|0,0|0,0|0,0|0,0|0,0|0,0|0,0|0,0|0,0|0,0.5|0,0.5|0,0|0,0|0,0|0,0.5|0,0|0,0|0,0|0,0.5|0,0|0,0|0,0|0,0|0,0|0,0|0,0|0,0|0,0|0,0|0,0|0,0|0,0|0,0|0,0|0,0|0,0|0,0|0,0|0,9
7fa9f633631bc0eb703a33a0b1ed63aadbb386db,0|0,0|0,0|0,0|0,0|0,1|1,0|0,0|0,0.5|1,0|1,0|0,0|0,0.5|1,0|0,0.5|1,0.5|1,1|1,0.5|1,0.5|1,0.5|0,0.5|0,0|0,0|0,0|0,0.5|0,0.5|0,0|0,0|0,0|0,0|0,0|0,0|0,0|0,0|0,0|0,0|0,0|0,0|0,0|0,0.5|0,0.5|0,0|0,0|0,0|0,0.5|0,0|0,0|0,0|0,0.5|0,0|0,0|0,0|0,0|0,0|0,0|0,0|0,0|0,0|0,0|0,0|0,0|0,0|0,0|0,0|0,0|0,0|0,0|0,0|0,9
05bfb1f607ffaaeaa296b395772db2690fffd3ca,0|0,0|0,0|0,0|0,0|0,1|1,0|0,0|0,0.5|1,0|1,0|0,0|0,0.5|1,0|0,0.5|1,0.5|1,1|1,0.5|1,0.5|1,0.5|0,0.5|0,0|0,0|0,0|0,0.5|0,0.5|0,0|0,0|0,0|0,0|0,0|0,0|0,0|0,0|0,0|0,0|0,0|0,0|0,0|0,0.5|0,0.5|0,0|0,0|0,0|0,0.5|0,0|0,0|0,0|0,0.5|0,0|0,0|0,0|0,0|0,0|0,0|0,0|0,0|0,0|0,0|0,0|0,0|0,0|0,0|0,0|0,0|0,0|0,0|0,0|0,9
971c997d3f871509b9085e63cc1b61c492641776,0|0,0|0,0|0,0|0,0|0,1|1,0|0,0|0,0.5|1,0|1,0|0,0|0,0.5|1,0|0,0.5|1,0.5|1,1|1,0.5|1,0.5|0,0|0,0.5|0,0|0,0|0,0|0,0.5|0,0.5|0,0|0,0|0,0|0,0|0,0|0,0|0,0|0,0|0,0|0,0|0,0|0,0|0,0|0,0.5|0,0.5|0,0|0,0|0,0|0,0.5|0,0|0,0|0,0|0,0.5|0,0|0,0|0,0|0,0|0,0|0,0|0,0|0,0|0,0|0,0|0,0|0,0|0,0|0,0|0,0|0,0|0,0|0,0|0,0|0,8
3680a405ffa64fb7d00a447828d6d4e54e4defb1,0|0,0|0,0|0,0|0,0|0,1|1,0|0,0|0,0.5|1,0|1,0|0,0|0,0.5|1,0|0,0.5|1,0.5|1,1|1,0.5|1,0|0,0.5|0,0.5|0,0|0,0|0,0|0,0.5|0,0.5|0,0|0,0|0,0|0,0|0,0|0,0|0,0|0,0|0,0|0,0|0,0|0,0|0,0|0,0.5|0,0.5|0,0|0,0|0,0|0,0.5|0,0|0,0|0,0|0,0.5|0,0|0,0|0,0|0,0|0,0|0,0|0,0|0,0|0,0|0,0|0,0|0,0|0,0|0,0|0,0|0,0|0,0|0,0|0,0|0,8
9d2df138f002959fa0a86df2d3bd1e894a35456c,0|0,0|0,0|0,0|0,0|0,1|1,0|0,0|0,0.5|1,0.5|1,0|0,0|0,0.5|1,0|0,0.5|1,0.5|1,1|1,0.5|1,0.5|0,0|0,0.5|0,0|0,0.5|0,0|0,0.5|0,0.5|0,0|0,0|0,0|0,0|0,0|0,0|0,0|0,0|0,0|0,0|0,0|0,0|0,0|0,0.5|0,0.5|0,0|0,0|0,0|0,0.5|0,0|0,0|0,0|0,0.5|0,0|0,0|0,0|0,0|0,0|0,0|0,0|0,0|0,0|0,0|0,0|0,0|0,0|0,0|0,0|0,0|0,0|0,0|0,0|0,8
4a3332f086d0cf6caaf2e27e1e183ce43bd7330a,0|0,0|0,0|0,0|0,0|0,1|1,0|0,0|0,0.5|1,0.5|1,0|0,0|0,0.5|1,0|0,0.5|1,0.5|1,1|1,0.5|1,0.5|0,0|0,0.5|0,0|0,0.5|0,0|0,0.5|0,0.5|0,0|0,0|0,0|0,0|0,0|0,0|0,0|0,0|0,0|0,0|0,0|0,0|0,0|0,0.5|0,0.5|0,0|0,0|0,0|0,0.5|0,0|0,0|0,0|0,0.5|0,0|0,0|0,0|0,0|0,0|0,0|0,0|0,0|0,0|0,0|0,0|0,0|0,0|0,0|0,0|0,0|0,0|0,0|0,0|0,8
cc022d0f6baae2243cb4669d5be683c250f4cbed,0|0,0|0,0|0,0|0,0|0,1|1,0|0,0|0,0.5|1,0.5|1,0|0,0|0,0.5|1,0|0,0.5|1,0.5|1,0|0,0.5|1,0.5|0,0|0,0.5|0,0|0,0|0,0|0,0.5|0,0.5|0,0|0,0|0,0|0,0|0,0|0,0|0,0|0,0|0,0|0,0|0,0|0,0|0,0|0,0.5|0,0.5|0,0|0,0|0,0|0,0.5|0,0|0,0|0,0|0,0.5|0,0|0,0|0,0|0,0|0,0|0,0|0,0|0,0|0,0|0,0|0,0|0,0|0,0|0,0|0,0|0,0|0,0|0,0|0,0|0,7
4059a694cd0604b93b605f632d3ee1f9be0fdd43,0|0,0|0,0|0,0|0,0|0,1|1,0|0,0|0,0.5|1,0|0,0|0,0|0,0.5|1,0|0,0.5|1,0|0,0|0,0.5|1,0|0,0|0,0.5|0,0|0,0|0,0|0,0|0,0.5|0,0|0,0|0,0|0,0|0,0|0,0|0,0|0,0|0,0|0,0|0,0|0,0|0,0|0,0|0,0|0,0|0,0|0,0|0,0.5|0,0|0,0|0,0|0,0|0,0|0,0|0,0|0,0|0,0|0,0|0,0|0,0|0,0|0,0|0,0|0,0|0,0|0,0|0,0|0,0|0,0|0,0|0,0|0,5
77daa15471ba21ed5f4a0e40176d77a2c98dbb60,0|0,0|0,0|0,0|0,0|0,1|1,0|0,0|0,0.5|0,0|0,0|0,0|0,0.5|1,0|0,0.5|1,0|0,0|0,0.5|1,0|0,0|0,0.5|0,0|0,0|0,0|0,0|0,0.5|0,0|0,0|0,0|0,0|0,0|0,0|0,0|0,0|0,0|0,0|0,0|0,0|0,0|0,0|0,0|0,0|0,0|0,0|0,0.5|0,0|0,0|0,0|0,0|0,0|0,0|0,0|0,0|0,0|0,0|0,0|0,0|0,0|0,0|0,0|0,0|0,0|0,0|0,0|0,0|0,0|0,0|0,0|0,4
811e1cc422790d4fbe8266b44559641acc7b1a0a,0|0,0|0,0|0,0|0,0|0,1|1,0|0,0|0,0.5|0,0|0,0|0,0|0,0.5|1,0|0,0.5|1,0|0,0|0,0.5|1,0|0,0|0,0.5|0,0|0,0|0,0|0,0|0,0.5|0,0|0,0|0,0|0,0|0,0|0,0|0,0|0,0|0,0|0,0|0,0|0,0|0,0|0,0|0,0|0,0|0,0|0,0|0,0.5|0,0|0,0|0,0|0,0|0,0|0,0|0,0|0,0|0,0|0,0|0,0|0,0|0,0|0,0|0,0|0,0|0,0|0,0|0,0|0,0|0,0|0,0|0,0|0,4
d3fe1e5beeef91b68a0635815ad389aacf5d989c,0|0,0|0,0|0,0|0,0|0,1|1,0|0,0|0,0.5|0,0|0,0|0,0|0,0.5|1,0|0,0.5|1,0|0,0|0,0.5|1,0|0,0|0,0.5|0,0|0,0|0,0|0,0|0,0.5|0,0|0,0|0,0|0,0|0,0|0,0|0,0|0,0|0,0|0,0|0,0|0,0|0,0|0,0|0,0|0,0|0,0|0,0|0,0.5|0,0|0,0|0,0|0,0|0,0|0,0|0,0|0,0|0,0|0,0|0,0|0,0|0,0|0,0|0,0|0,0|0,0|0,0|0,0|0,0|0,0|0,0|0,0|0,4
c176ab1245d53c8e6316d0bb805dbb4886376e39,0|0,0|0,0|0,0|0,0|0,1|1,0|0,0|0,0.5|0,0|0,0|0,0|0,0.5|1,0|0,0.5|1,0|0,0|0,0.5|1,0|0,0|0,0.5|0,0|0,0|0,0|0,0|0,0.5|0,0|0,0|0,0|0,0|0,0|0,0|0,0|0,0|0,0|0,0|0,0|0,0|0,0|0,0|0,0|0,0|0,0|0,0|0,0.5|0,0|0,0|0,0|0,0|0,0|0,0|0,0|0,0|0,0|0,0|0,0|0,0|0,0|0,0|0,0|0,0|0,0|0,0|0,0|0,0|0,0|0,0|0,0|0,4
d31d11b8df12fd480239f1e4f502b94ac8ea2103,0|0,0|0,0|0,0|0,0|0,1|1,0.5|1,0|0,0.5|0,0|0,0|0,0|0,0.5|1,0.5|1,0.5|1,0|0,0|0,0.5|1,0|0,0|0,0.5|0,0|0,0|0,0|0,0|0,0.5|0,0|0,0|0,0|0,0|0,0|0,0|0,0|0,0|0,0|0,0|0,0|0,0|0,0|0,0|0,0|0,0|0,0|0,0|0,0.5|0,0|0,0|0,0|0,0|0,0|0,0|0,0|0,0|0,0|0,0|0,0|0,0|0,0|0,0|0,0|0,0|0,0|0,0|0,0|0,0|0,0|0,0|0,0|0,6
9d87c28be7ab60b6371725e9c6563742cf499517,0|0,0|0,0|0,0|0,0|0,1|1,0.5|1,0|0,0.5|0,0|0,0|0,0|0,0.5|1,0.5|1,0.5|1,0|0,0|0,0.5|1,0|0,0|0,0.5|0,0|0,0|0,0|0,0|0,0.5|0,0|0,0|0,0|0,0|0,0|0,0|0,0|0,0|0,0|0,0|0,0|0,0|0,0|0,0|0,0|0,0|0,0|0,0|0,0.5|0,0|0,0|0,0|0,0|0,0|0,0|0,0|0,0|0,0|0,0|0,0|0,0|0,0|0,0|0,0|0,0|0,0|0,0|0,0|0,0|0,0|0,0|0,0|0,6
57fc3228c5de853e366ffe5c7b21d30615356634,0|0,0|0,0|0,0|0,0|0,1|1,0.5|1,0|0,0|0,0|0,0|0,0|0,0.5|1,0.5|1,0.5|1,0|0,0|0,0|0,0|0,0|0,0.5|0,0|0,0|0,0|0,0|0,0.5|0,0|0,0|0,0|0,0|0,0|0,0|0,0|0,0|0,0|0,0|0,0|0,0|0,0|0,0|0,0|0,0|0,0|0,0|0,0.5|0,0|0,0|0,0|0,0|0,0|0,0|0,0|0,0|0,0|0,0|0,0|0,0|0,0|0,0|0,0|0,0|0,0|0,0|0,0|0,0|0,0|0,0|0,0|0,5
cd9a4b6ab28eab1d977f5745fd1fa91d74cffc4d,0|0,0|0,0|0,0|0,0|0,1|1,0.5|1,0|0,0|0,0|0,0|0,0|0,0.5|1,0.5|1,0.5|1,0|0,0|0,0|0,0|0,0|0,0.5|0,0|0,0|0,0|0,0|0,0.5|0,0|0,0|0,0|0,0|0,0|0,0|0,0|0,0|0,0|0,0|0,0|0,0|0,0|0,0|0,0|0,0|0,0|0,0|0,0.5|0,0|0,0|0,0|0,0|0,0|0,0|0,0|0,0|0,0|0,0|0,0|0,0|0,0|0,0|0,0|0,0|0,0|0,0|0,0|0,0|0,0|0,0|0,0|0,5
57bb15440d21e162be500f0c311b7ac5765b0bb9,0|0,0|0,0|0,0|0,0|0,1|1,0.5|1,0|0,0|0,0|0,0|0,0|0,0.5|1,0.5|1,0.5|1,0|0,0|0,0|0,0|0,0|0,0.5|0,0|0,0|0,0|0,0|0,0.5|0,0|0,0|0,0|0,0|0,0|0,0|0,0|0,0|0,0|0,0|0,0|0,0|0,0|0,0|0,0|0,0|0,0|0,0|0,0.5|0,0|0,0|0,0|0,0|0,0|0,0|0,0|0,0|0,0|0,0|0,0|0,0|0,0|0,0|0,0|0,0|0,0|0,0|0,0|0,0|0,0|0,0|0,0|0,5
762f4af3c628e37976ded2ec83b8f3caf7566851,0|0,0|0,0|0,0|0,0|0,1|1,0.5|1,0|0,0|0,0|0,0|0,0|0,0.5|1,0.5|1,0.5|1,0|0,0|0,0|0,0|0,0|0,0.5|0,0|0,0|0,0|0,0|0,0.5|0,0|0,0|0,0|0,0|0,0|0,0|0,0|0,0|0,0|0,0|0,0|0,0|0,0|0,0|0,0|0,0|0,0|0,0|0,0.5|0,0|0,0|0,0|0,0|0,0|0,0|0,0|0,0|0,0|0,0|0,0|0,0|0,0|0,0|0,0|0,0|0,0|0,0|0,0|0,0|0,0|0,0|0,0|0,5
e95cc1eea8744c40e298208679eda14039b9b5d3,0|0,0|0,0|0,0|0,0|0,1|1,0.5|1,0|0,0|0,0|0,0|0,0|0,0.5|1,0.5|1,0.5|1,0|0,0|0,0|0,0|0,0|0,0.5|0,0|0,0|0,0|0,0|0,0.5|0,0|0,0|0,0|0,0|0,0|0,0|0,0|0,0|0,0|0,0|0,0|0,0|0,0|0,0|0,0|0,0|0,0|0,0|0,0.5|0,0|0,0|0,0|0,0|0,0|0,0|0,0|0,0|0,0|0,0|0,0|0,0|0,0|0,0|0,0|0,0|0,0|0,0|0,0|0,0|0,0|0,0|0,0|0,5
98a95f7de998e21e668f3ee956df21f4c52ae5d0,0|0,0|0,0|0,0|0,0|0,1|1,0.5|1,0.5|1,0|0,0|0,0|0,0|0,0|0,0.5|1,0.5|1,0|0,0|0,0|0,0|0,0|0,0.5|0,0|0,0|0,0|0,0|0,0.5|0,0|0,0|0,0|0,0|0,0|0,0|0,0|0,0|0,0|0,0|0,0|0,0|0,0|0,0|0,0|0,0|0,0|0,0|0,0.5|0,0|0,0|0,0|0,0|0,0|0,0|0,0|0,0|0,0|0,0|0,0|0,0|0,0|0,0|0,0|0,0|0,0|0,0|0,0|0,0|0,0|0,0|0,0|0,5
faeb714b199800b55337a9a848ab5407a0015eb6,0|0,0|0,0|0,0|0,0|0,1|1,0.5|1,0.5|1,0|0,0|0,0|0,0|0,0|0,0.5|1,0.5|1,0|0,0|0,0|0,0|0,0|0,0.5|0,0|0,0|0,0|0,0|0,0.5|0,0|0,0|0,0|0,0|0,0|0,0|0,0|0,0|0,0|0,0|0,0|0,0|0,0|0,0|0,0|0,0|0,0|0,0|0,0.5|0,0|0,0|0,0|0,0|0,0|0,0|0,0|0,0|0,0|0,0|0,0|0,0|0,0|0,0|0,0|0,0|0,0|0,0|0,0|0,0|0,0|0,0|0,0|0,5
36e947b8f0113bcad71d733e03d63cbca874779d,0|0,0|0,0|0,0|0,0|0,1|1,0.5|1,0.5|1,0|0,0|0,0|0,0|0,0|0,0.5|1,0.5|1,0|0,0|0,0|0,0|0,0|0,0.5|0,0|0,0|0,0|0,0|0,0.5|0,0|0,0|0,0|0,0|0,0|0,0|0,0|0,0|0,0|0,0|0,0|0,0|0,0|0,0|0,0|0,0|0,0|0,0|0,0.5|0,0|0,0|0,0|0,0|0,0|0,0|0,0|0,0|0,0|0,0|0,0|0,0|0,0|0,0|0,0|0,0|0,0|0,0|0,0|0,0|0,0|0,0|0,0|0,5
f935bb2ac059fc48281cd7b69d39d71af2e89288,0|0,0|0,0|0,0|0,0|0,1|1,0.5|1,0.5|1,0|0,0|0,0|0,0|0,0|0,0.5|1,0.5|1,0|0,0|0,0|0,0|0,0|0,0.5|0,0|0,0|0,0|0,0|0,0.5|0,0|0,0|0,0|0,0|0,0|0,0|0,0|0,0|0,0|0,0|0,0|0,0|0,0|0,0|0,0|0,0|0,0|0,0|0,0.5|0,0|0,0|0,0|0,0|0,0|0,0|0,0|0,0|0,0|0,0|0,0|0,0|0,0|0,0|0,0|0,0|0,0|0,0|0,0|0,0|0,0|0,0|0,0|0,5
b299f91af2236acb4737cf0200fbf8c47095746b,0|0,0|0,0|0,0|0,0|0,1|1,0.5|1,0.5|1,0|0,0|0,0|0,0|0,0|0,0.5|1,0.5|1,0|0,0|0,0|0,0|0,0|0,0.5|0,0|0,0|0,0|0,0|0,0.5|0,0|0,0|0,0|0,0|0,0|0,0|0,0|0,0|0,0|0,0|0,0|0,0|0,0|0,0|0,0|0,0|0,0|0,0|0,0.5|0,0|0,0|0,0|0,0|0,0|0,0|0,0|0,0|0,0|0,0|0,0|0,0|0,0|0,0|0,0|0,0|0,0|0,0|0,0|0,0|0,0|0,0|0,0|0,5
f91af3aea77382d4ca88bc228f16ed1047634ed7,0|0,0|0,0|0,0|0,0|0,1|1,0.5|1,0.5|1,0|0,0|0,0|0,0|0,0|0,0.5|1,0.5|1,0|0,0|0,0|0,0|0,0|0,0.5|0,0|0,0|0,0|0,0|0,0.5|0,0|0,0|0,0|0,0|0,0|0,0|0,0|0,0|0,0|0,0|0,0|0,0|0,0|0,0|0,0|0,0|0,0|0,0|0,0.5|0,0|0,0|0,0|0,0|0,0|0,0|0,0|0,0|0,0|0,0|0,0|0,0|0,0|0,0|0,0|0,0|0,0|0,0|0,0|0,0|0,0|0,0|0,0|0,5
fef6deb79aa7b3df67ff61b8a2a00e13faaa32cf,0|0,0|0,0|0,0|0,0|0,1|1,0.5|1,0.5|0,0|0,0|0,0|0,0|0,0|0,0.5|1,0.5|1,0|0,0|0,0|0,0|0,0|0,0.5|0,0|0,0|0,0|0,0|0,0.5|0,0|0,0|0,0|0,0|0,0|0,0|0,0|0,0|0,0|0,0|0,0|0,0|0,0|0,0|0,0|0,0|0,0|0,0|0,0.5|0,0|0,0|0,0|0,0|0,0|0,0|0,0|0,0|0,0|0,0|0,0|0,0|0,0|0,0|0,0|0,0|0,0|0,0|0,0|0,0|0,0|0,0|0,0|0,4
23faa7f0ee9660980ad666713d0516a8f8234f67,0|0,0|0,0|0,0|0,0|0,1|1,0.5|1,0.5|0,0|0,0|0,0|0,0|0,0|0,0.5|1,0.5|1,0|0,0|0,0|0,0|0,0|0,0.5|0,0|0,0|0,0|0,0|0,0.5|0,0|0,0|0,0|0,0|0,0|0,0|0,0|0,0|0,0|0,0|0,0|0,0|0,0|0,0|0,0|0,0|0,0|0,0|0,0.5|0,0|0,0|0,0|0,0|0,0|0,0|0,0|0,0|0,0|0,0|0,0|0,0|0,0|0,0|0,0|0,0|0,0|0,0|0,0|0,0|0,0|0,0|0,0|0,4
85b1abf3aad0add9336c5876ea892013aa63e4e6,0|0,0|0,0|0,0|0,1|1,1|1,0.5|1,0.5|0,0|0,0|0,0|0,0|0,0|0,0.5|1,0.5|1,0|0,0|0,0|0,0|0,0|0,0.5|0,0|0,0|0,0|0,0|0,0.5|0,0|0,0|0,0|0,0|0,0|0,0|0,0|0,0|0,0|0,0|0,0|0,0|0,0|0,0|0,0|0,0|0,0|0,0|0,0.5|0,0|0,0|0,0|0,0|0,0|0,0|0,0|0,0|0,0|0,0|0,0|0,0|0,0|0,0|0,0|0,0|0,0|0,0|0,0|0,0|0,0|0,0|0,0|0,5
084083ce54e59b5a43e6eb936868ef4bd037c7e2,0|0,0|0,0|0,0.5|1,1|1,1|1,0.5|1,0.5|0,0|0,0|0,0|0,0|0,0|0,0.5|1,0.5|1,0|0,0|0,0|0,0|0,0|0,0.5|0,0|0,0|0,0|0,0|0,0.5|0,0|0,0|0,0|0,0|0,0|0,0|0,0|0,0|0,0|0,0|0,0|0,0|0,0|0,0|0,0|0,0|0,0|0,0.5|0,0.5|0,0|0,0|0,0|0,0|0,0|0,0|0,0|0,0|0,0|0,0|0,0|0,0|0,0|0,0|0,0|0,0|0,0|0,0|0,0|0,0|0,0|0,0|0,0|0,6
837c8bf8c486da9f39313e06750a5b257af09db8,0|0,0|0,0.5|1,0|0,1|1,1|1,0.5|1,0.5|0,0|0,0|0,0|0,0|0,0|0,0.5|1,0.5|1,0|0,0|0,0|0,0|0,0|0,0.5|0,0|0,0|0,0|0,0|0,0.5|0,0|0,0|0,0|0,0|0,0|0,0|0,0|0,0|0,0|0,0|0,0|0,0|0,0|0,0|0,0|0,0|0,0|0,0.5|0,0.5|0,0|0,0|0,0|0,0|0,0|0,0|0,0|0,0|0,0|0,0|0,0|0,0|0,0|0,0|0,0|0,0|0,0|0,0|0,0|0,0|0,0|0,0|0,0|0,6
569fdca5a1724b2905e89daa6079f365afff41d0,0|0,0|0,0.5|1,0|0,1|1,1|1,0.5|1,0.5|0,0|0,0|0,0|0,0|0,0|0,0.5|1,0.5|1,0|0,0|0,0|0,0|0,0|0,0.5|0,0|0,0|0,0|0,0|0,0.5|0,0|0,0|0,0|0,0|0,0|0,0|0,0|0,0|0,0|0,0|0,0|0,0|0,0|0,0|0,0|0,0|0,0|0,0.5|0,0.5|0,0|0,0|0,0|0,0|0,0|0,0|0,0|0,0|0,0|0,0|0,0|0,0|0,0|0,0|0,0|0,0|0,0|0,0|0,0|0,0|0,0|0,0|0,0|0,6
73a91a984ebfb651dc4d6f127b70cf130757de41,0|0,0|0,0.5|1,0|0,1|1,1|1,0.5|1,0.5|0,0|0,0|0,0|0,0|0,0|0,0.5|1,0.5|1,0|0,0|0,0|0,0|0,0|0,0.5|0,0|0,0|0,0|0,0|0,0.5|0,0|0,0|0,0|0,0|0,0|0,0|0,0|0,0|0,0|0,0|0,0|0,0|0,0|0,0|0,0|0,0|0,0|0,0|0,0.5|0,0|0,0|0,0|0,0|0,0|0,0|0,0|0,0|0,0|0,0|0,0|0,0|0,0|0,0|0,0|0,0|0,0|0,0|0,0|0,0|0,0|0,0|0,0|0,6
ea0b9522f63d049ded2c3cff8d9a8c360119951c,0.5|1,0.5|1,0.5|1,0|0,1|1,1|1,0.5|1,0.5|0,0|0,0|0,0|0,0|0,0|0,0.5|1,0.5|1,0|0,0|0,0|0,0|0,0|0,0.5|0,0|0,0|0,0|0,0|0,0.5|0,0|0,0|0,0|0,0|0,0|0,0|0,0|0,0|0,0|0,0|0,0|0,0|0,0|0,0|0,0|0,0|0,0|0,0|0,0.5|0,0|0,0|0,0|0,0|0,0|0,0|0,0|0,0|0,0|0,0|0,0|0,0|0,0|0,0|0,0|0,0|0,0|0,0|0,0|0,0|0,0|0,0|0,0|0,8
22c8a85c9609f1e6cbca8f89de36a2e6b51b07a7,0.5|1,0.5|1,0.5|1,0|0,1|1,1|1,0.5|1,0.5|0,0|0,0|0,0|0,0|0,0|0,0.5|1,0.5|1,0|0,0|0,0|0,0|0,0|0,0.5|0,0|0,0|0,0|0,0|0,0.5|0,0|0,0|0,0|0,0|0,0|0,0|0,0|0,0|0,0|0,0|0,0|0,0|0,0|0,0|0,0|0,0|0,0|0,0|0,0.5|0,0|0,0|0,0|0,0|0,0|0,0|0,0|0,0|0,0|0,0|0,0|0,0|0,0|0,0|0,0|0,0|0,0|0,0|0,0|0,0|0,0|0,0|0,0|0,8
e5de783437e60d90530bdbb1da04aa1c11b8d6f6,0.5|1,0|0,0.5|1,0|0,0|0,0|0,0|0,0.5|0,0|0,0|0,0|0,0|0,0|0,0|0,0|0,0|0,0|0,0|0,0|0,0|0,0.5|0,0|0,0|0,0|0,0|0,0|0,0|0,0|0,0|0,0|0,0|0,0|0,0|0,0|0,0|0,0|0,0|0,0|0,0|0,0|0,0|0,0|0,0|0,0|0,0.5|0,0|0,0|0,0|0,0|0,0|0,0|0,0|0,0|0,0|0,0|0,0|0,0|0,0|0,0|0,0|0,0|0,0|0,0|0,0|0,0|0,0|0,0|0,0|0,2