commit id,OSV-2023-1160,OSV-2023-1214,OSV-2023-1352,OSV-2023-1360,OSV-2023-1375,OSV-2023-1381,OSV-2023-423,OSV-2023-425,OSV-2023-462,OSV-2023-480,OSV-2023-507,OSV-2023-688,OSV-2023-697,OSV-2023-710,OSV-2023-726,OSV-2023-741,OSV-2023-761,OSV-2023-976,OSV-2025-84,OSV-2025-88,poc count
08a87f27fdc339d9979eed95832cb7ca885b16ba,0|0,0|0,0|0,0|0,0|0,0|0,0|0,0|0,0|0,0|0,0|0,0|0,0|0,0|0,0|0,0|0,0|0,0|0,0|0,0|0,0
c907e4292692af8fc7a09c14c9093dce44f08dc1,0|0,0|0,0|0,0|0,0|0,0.5|1,0|0,0|0,0|0,0|0,0|0,0|0,0|0,0|0,0|0,0|0,0|0,0|0,0|0,0|0,1
bb028d7271dc3e2cfead4592ecbf0594a81ae710,0|0,0|0,0|0,0|0,0.5|1,0.5|1,0|0,0|0,0|0,0|0,0|0,0|0,0|0,0|0,0|0,0|0,0|0,0|0,0|0,0|0,2
6d5a494c4a32406311850b78c372ec4a2534d285,0|0,0|0,0|0,0|0,0.5|1,0.5|1,0|0,0|0,0|0,0|0,0|0,0|0,0|0,0|0,0|0,0|0,0|0,0|0,0|0,0|0,2
bfc67588eb3f60f1f24a4596e87edcdb7ec254ab,0|0,0|0,0|0,0|0,0.5|1,0.5|1,0|0,0|0,0|0,0|0,0|0,0|0,0|0,0|0,0|0,0|0,0|0,0|0,0|0,0|0,2
4084c291321bc6d152f3926a465f5fb1679f849f,0|0,0|0,0|0,0.5|1,0.5|1,0.5|1,0|0,0|0,0|0,0|0,0|0,0|0,0|0,0|0,0|0,0|0,0|0,0|0,0|0,0|0,3
6a91951fd6056db92bf661fdca4c9b4b439a8992,0|0,0|0,0|0,0.5|1,0.5|1,0.5|1,0|0,0|0,0|0,0|0,0|0,0|0,0|0,0|0,0|0,0|0,0|0,0|0,0|0,0|0,3
35b09487b9e38f11e5e01fc3cf9eb60b1b493f7c,0|0,0|0,0.5|1,0.5|1,0.5|1,0.5|1,0|0,0|0,0|0,0|0,0|0,0|0,0|0,0|0,0|0,0|0,0|0,0|0,0|0,0|0,4
8051475c9a8270a4f6c90625f3387ede8c6b25b0,0.5|1,0.5|1,0|0,0|0,0|0,0|0,0|0,0|0,0|0,0|0,0|0,0|0,0|0,0|0,0|0,0|0,0|0,0|0,0|0,0|0,2
39e289c3ec7907cd24b16afb0a3eeeb52bc01d8f,0.5|1,0.5|1,0|0,0|0,0|0,0|0,0|0,0|0,0|0,0|0,0|0,0|0,0|0,0|0,0|0,0|0,0|0,0|0,0|0,0|0,2
afc9cc2241fa997742453f93b03f29c1ed7d55b8,0.5|1,0.5|1,0|0,0|0,0|0,0|0,0|0,0|0,0|0,0|0,0|0,0|0,0|0,0|0,0|0,0|0,0|0,0|0,0|0,0|0,2
a60435e7abe4adef6966787924b173a509bd4396,0.5|1,0.5|1,0|0,0|0,0|0,0|0,0|0,0|0,0|0,0|0,0|0,0|0,0|0,0|0,0|0,0|0,0|0,0|0,0|0,0|0,2
2ed9ef0368968f90b7b7d8cff69ba9b51a9cc385,0.5|1,0.5|1,0|0,0|0,0|0,0|0,0|0,0|0,0|0,0|0,0|0,0|0,0|0,0|0,0|0,0|0,0|0,0|0,0|0,0|0,2
3b8bec2df0542c6a2ef9783bb117621f62eabfb4,0.5|1,0.5|1,0|0,0|0,0|0,0|0,0|0,0|0,0|0,0|0,0|0,0|0,0|0,0|0,0|0,0|0,0|0,0|0,0|0,0|0,2
547de6a6c1acbf3a70c3111def710b466f1c58d7,0.5|1,0.5|1,0|0,0|0,0|0,0|0,0|0,0|0,0|0,0|0,0|0,0|0,0|0,0|0,0|0,0|0,0|0,0|0,0|0,0|0,2
8315e61fd47c6e5a4d716b6f586e14ef2e84bcf9,0.5|1,0.5|1,0|0,0|0,0|0,0|0,0|0,0|0,0|0,0|0,0|0,0|0,0|0,0|0,0|0,0|0,0|0,0|0,0|0,0|0,2
588a649642b90d8b64d5b974ac2bec6b5d1e4f83,0.5|1,0.5|1,0|0,0|0,0|0,0|0,0|0,0|0,0|0,0|0,0|0,0|0,0|0,0|0,0|0,0|0,0|0,0|0,0|0,0|0,2
692c1d4d4a7fe5a2483ec74ffe6792359462b408,0.5|1,0.5|1,0|0,0|0,0|0,0|0,0|0,0|0,0|0,0|0,0|0,0|0,0|0,0|0,0|0,0|0,0|0,0|0,0|0,0|0,2
82671f742514280068f866537742ce6f53cc4be6,0.5|1,0.5|1,0|0,0|0,0|0,0|0,0|0,0|0,0|0,0|0,0|0,0|0,0|0,0|0,0|0,0|0,0|0,0|0,0|0,0|0,2
9b0be32c881baead069cd2b64e2d80f63c874a6e,0.5|1,0.5|1,0|0,0|0,0|0,0|0,0|0,0|0,0|0,0|0,0|0,0|0,0|0,0|0,0|0,0|0,0|0,0|0,0|0,0|0,2
d16242eb2c85aecc15710f733188391f04d9fd7a,0.5|1,0.5|1,0|0,0|0,0|0,0|0,0|0,0|0,0|0,0|0,0|0,0|0,0|0,0|0,0|0,0|0,0|0,0|0,0|0,0|0,2
1e6b38bb2f0de7876190d94bcf97474a2b9be894,0.5|1,0.5|1,0|0,0|0,0|0,0|0,0|0,0|0,0|0,0|0,0|0,0|0,0|0,0|0,0|0,0|0,0|0,0|0,0|0,0|0,2
5a3d1543b0982c84456ae4af3704abd0b9961e67,0.5|1,0.5|1,0|0,0|0,0|0,0|0,0|0,0|0,0|0,0|0,0|0,0|0,0|0,0|0,0|0,0|0,0|0,0|0,0|0,0|0,2
0e02bcc4f696f623c0bf6fcef05aeb097f39b8ef,0.5|1,0.5|1,0|0,0|0,0|0,0|0,0|0,0|0,0|0,0|0,0|0,0|0,0|0,0|0,0|0,0|0,0|0,0|0,0|0,0|0,2
7b66ca5f6fd3b57a347cd1c009874cba076f88e7,0.5|1,0.5|1,0|0,0|0,0|0,0|0,0|0,0|0,0|0,0|0,0|0,0|0,0|0,0|0,0|0,0|0,0.5|1,0|0,0|0,0|0,3
440a8e0c873b5792d9d5b03557d8db211a29fb3c,0.5|1,0.5|1,0|0,0|0,0|0,0|0,0|0,0|0,0|0,0|0,0|0,0|0,0|0,0|0,0|0,0|0,0.5|1,0|0,0|0,0|0,3
6d3013cb1435fc3da218de7cb4c622a2093a726f,0.5|1,0.5|1,0|0,0|0,0|0,0|0,0|0,0|0,0|0,0|0,0|0,0|0,0|0,0|0,0|0,0|0,0.5|1,0|0,0|0,0|0,3
061e031eba53fb9ee66c9e1cd3d561b86a6a54a5,0.5|1,0.5|1,0|0,0|0,0|0,0|0,0|0,0|0,0|0,0|0,0|0,0|0,0|0,0|0,0|0,0|0,0.5|1,0|0,0|0,0|0,3
bb4bd92eac6046c3084923cb7d9d0dabd8ffaa7f,0.5|1,0.5|1,0|0,0|0,0|0,0|0,0|0,0|0,0|0,0|0,0|0,0|0,0|0,0|0,0|0,0|0,0.5|1,0|0,0|0,0|0,3
9e3adc817f37b71368b577dda0e53ccc132e9401,0.5|1,0.5|1,0|0,0|0,0|0,0|0,0|0,0|0,0|0,0|0,0|0,0|0,0|0,0|0,0|0,0|0,0.5|1,0|0,0|0,0|0,3
463b906b5980cfb9426fe0959b00618c08c1c3c4,0.5|1,0.5|1,0|0,0|0,0|0,0|0,0|0,0|0,0|0,0|0,0|0,0|0,0|0,0|0,0|0,0|0,0.5|1,0|0,0|0,0|0,3
a0b411f8c40477a71dce8c9431bf878251a80ca0,0.5|1,0.5|1,0|0,0|0,0|0,0|0,0|0,0|0,0|0,0|0,0|0,0|0,0|0,0|0,0|0,0|0,0.5|1,0|0,0|0,0|0,3
102034711adf268c0a8ffacb52ce258a90eed226,0.5|1,0.5|1,0|0,0|0,0|0,0|0,0|0,0|0,0|0,0|0,0|0,0|0,0|0,0|0,0|0,0|0,0.5|1,0|0,0|0,0|0,3
edba6406c0f75fa0e3750419f3b41ddc488b39a4,0.5|1,0.5|1,0|0,0|0,0|0,0|0,0|0,0|0,0|0,0|0,0|0,0|0,0|0,0|0,0|0,0|0,0.5|1,0|0,0|0,0|0,3
5ad7b64874838cff43f0070b5475349af3c423d6,0.5|1,0.5|1,0|0,0|0,0|0,0|0,0|0,0|0,0|0,0|0,0|0,0|0,0|0,0|0,0|0,0|0,0.5|1,0|0,0|0,0|0,3
1e4210229727b725d13e0b77fe8097c3acac40c9,0.5|1,0.5|1,0|0,0|0,0|0,0|0,0|0,0|0,0|0,0|0,0|0,0|0,0|0,0|0,0|0,0|0,0.5|1,0|0,0|0,0|0,3
87e9e01f863586944cdb4457149d6f49bf0d7efd,0.5|1,0.5|1,0|0,0|0,0|0,0|0,0|0,0|0,0|0,0|0,0|0,0|0,0|0,0|0,0|0,0|0,0.5|1,0|0,0|0,0|0,3
4f2664e9a8af4c5c7e7f19655539780b5bcbbe65,0.5|1,0.5|1,0|0,0|0,0|0,0|0,0|0,0|0,0|0,0|0,0|0,0|0,0|0,0|0,0|0,0|0,0.5|1,0|0,0|0,0|0,3
24f3aab201da8eca45781b78b4c4fc72591fbbca,0.5|1,0.5|1,0|0,0|0,0|0,0|0,0|0,0|0,0|0,0|0,0|0,0|0,0|0,0|0,0|0,0|0,0.5|1,0|0,0|0,0|0,3
04b6b1c1f964f04e807031c47292ad073ad170c8,0.5|1,0.5|1,0|0,0|0,0|0,0|0,0|0,0|0,0|0,0|0,0|0,0|0,0|0,0|0,0|0,0|0,0.5|1,0|0,0|0,0|0,3
1efe883551f32a1598626577c1b2dfc34fcb8710,0.5|1,0.5|1,0|0,0|0,0|0,0|0,0|0,0|0,0|0,0|0,0|0,0|0,0|0,0|0,0|0,0|0,0.5|1,0|0,0|0,0|0,3
38062b1e754b65dbde341dce4b409b8e6824c2ba,0.5|1,0.5|1,0|0,0|0,0|0,0|0,0|0,0|0,0|0,0|0,0|0,0|0,0|0,0|0,0|0,0|0,0.5|1,0|0,0|0,0|0,3
b2a930212941feb2dc33d1cc3388e8eafc199138,0.5|1,0.5|1,0|0,0|0,0|0,0|0,0|0,0|0,0|0,0|0,0|0,0|0,0|0,0|0,0|0,0|0,0.5|1,0|0,0|0,0|0,3
3452ef67ccfdff612abad9820c163ae1129cb49e,0.5|1,0.5|1,0|0,0|0,0|0,0|0,0|0,0|0,0|0,0|0,0|0,0|0,0|0,0|0,0|0,0|0,0.5|1,0|0,0|0,0|0,3
8a8420e99e8a0773f91fdd3f61c1459d8b01a9f8,0.5|1,0.5|1,0|0,0|0,0|0,0|0,0|0,0|0,0|0,0|0,0|0,0|0,0|0,0|0,0|0,0|0,0.5|1,0|0,0|0,0|0,3
0df01f48c56135c2f1c5863a17a1e8ce2cc2b5e4,0.5|1,0.5|1,0|0,0|0,0|0,0|0,0|0,0|0,0|0,0|0,0|0,0|0,0|0,0|0,0|0,0|0,0.5|1,0|0,0|0,0|0,3
03fc5ec1bc8bf32e37b1d59957ce23cb71d518db,0.5|1,0.5|1,0|0,0|0,0|0,0|0,0|0,0|0,0|0,0|0,0|0,0|0,0|0,0|0,0|0,0|0,0.5|1,0|0,0|0,0|0,3
dbf7aece98d4718016f78242aa5e440942133e90,0.5|1,0.5|1,0|0,0|0,0|0,0|0,0|0,0|0,0|0,0|0,0|0,0|0,0|0,0|0,0|0,0|0,0.5|1,0|0,0|0,0|0,3
78e65569903996dc632d53ce720d30ed3c13b51d,0.5|1,0.5|1,0|0,0|0,0|0,0|0,0|0,0|0,0|0,0|0,0|0,0|0,0|0,0|0,0|0,0|0,0.5|1,0|0,0|0,0|0,3
616682496ae1e472a37880eb0f0c07bfc7092e8d,0.5|1,0.5|1,0|0,0|0,0|0,0|0,0|0,0|0,0|0,0|0,0|0,0|0,0|0,0|0,0|0,0|0,0.5|1,0|0,0|0,0|0,3
eba23dfd6cdebab6797954d36257f01e19e4deb7,0.5|1,0.5|1,0|0,0|0,0|0,0|0,0|0,0|0,0|0,0|0,0|0,0|0,0|0,0|0,0|0,0|0,0.5|1,0|0,0|0,0|0,3
00dab5e916addf844337f1c73bb9f33af8672962,0.5|1,0.5|1,0|0,0|0,0|0,0|0,0|0,0|0,0|0,0|0,0|0,0|0,0|0,0|0,0|0,0|0,0.5|1,0|0,0|0,0|0,3
9d5f1830d10daa11fdb1a8a551245a10484f1cbe,0.5|1,0.5|1,0|0,0|0,0|0,0|0,0|0,0|0,0|0,0|0,0|0,0|0,0|0,0|0,0|0,0|0,0.5|1,0|0,0|0,0|0,3
afae98faf64c2820816f859995afad93fe8ff80f,0.5|1,0.5|1,0|0,0|0,0|0,0|0,0|0,0|0,0|0,0|0,0|0,0|0,0|0,0|0,0|0,0|0,0.5|1,0|0,0|0,0|0,3
c195ad903cc9e24569cdfa6451764ce1d421a2f0,0.5|1,0.5|1,0|0,0|0,0|0,0|0,0|0,0|0,0|0,0|0,0|0,0|0,0|0,0|0,0|0,0|0,0.5|1,0|0,0|0,0|0,3
07dab33ff70dfbe52163a50732b02f3dfecbdb56,0.5|1,0.5|1,0|0,0|0,0|0,0|0,0|0,0|0,0|0,0|0,0|0,0|0,0|0,0|0,0|0,0|0,0.5|1,0|0,0|0,0|0,3
bb6bdf2f7bbaa06bc15346b0344a602aa5d07fb5,0.5|1,0.5|1,0|0,0|0,0|0,0|0,0|0,0|0,0|0,0|0,0|0,0|0,0|0,0|0,0|0,0|0,0.5|1,0|0,0|0,0|0,3
0eed163b19cb1b8ff46331e136d266a71d4d2213,0.5|1,0.5|1,0|0,0|0,0|0,0|0,0|0,0|0,0|0,0|0,0|0,0|0,0|0,0|0,0|0,0|0,0.5|1,0|0,0|0,0|0,3
69c33033e2548eef9349de4c50639a7ad272480b,0.5|1,0.5|1,0|0,0|0,0|0,0|0,0|0,0|0,0|0,0|0,0|0,0|0,0|0,0|0,0|0,0|0,0.5|1,0|0,0|0,0|0,3
359f9035b79e08da164983340ced016e6a89d271,0.5|1,0.5|1,0|0,0|0,0|0,0|0,0|0,0|0,0|0,0|0,0|0,0|0,0|0,0|0,0|0,0|0,0.5|1,0|0,0|0,0|0,3
d707740cf5d92297a6cecfa085dfcf288fad54d0,0.5|1,0.5|1,0|0,0|0,0|0,0|0,0|0,0|0,0|0,0|0,0|0,0|0,0|0,0|0,0|0,0|0,0.5|1,0|0,0|0,0|0,3
0d972fb4b7b54c8a1dd6526353015fbc9a58c54b,0.5|1,0.5|1,0|0,0|0,0|0,0|0,0|0,0|0,0|0,0|0,0|0,0|0,0|0,0|0,0|0,0|0,0.5|1,0|0,0|0,0|0,3
f35917a34b7b1caf0012a638702fdd705b8f659a,0.5|1,0.5|1,0|0,0|0,0|0,0|0,0|0,0|0,0|0,0|0,0|0,0|0,0|0,0|0,0|0,0|0,0.5|1,0|0,0|0,0|0,3
7672814a9c93550e00e0461e61d52a9950fdd387,0.5|1,0.5|1,0|0,0|0,0|0,0|0,0|0,0|0,0|0,0|0,0|0,0|0,0|0,0|0,0|0,0|0,0.5|1,0|0,0|0,0|0,3
a911a43746b0061e80802af1ffadc2995524b6ad,0.5|1,0.5|1,0|0,0|0,0|0,0|0,0|0,0|0,0|0,0|0,0|0,0|0,0|0,0|0,0|0,0|0,0.5|1,0.5|1,0|0,0|0,4
77d5d146fda3892eaa20e38db91f6ebdac544f49,0.5|1,0.5|1,0|0,0|0,0|0,0|0,0|0,0|0,0|0,0|0,0|0,0|0,0|0,0|0,0|0,0|0,0.5|1,0.5|1,0|0,0|0,4
fc03bc98c6f5b9265e25374fbdf97701001fd72b,0.5|1,0.5|1,0|0,0|0,0|0,0|0,0|0,0|0,0|0,0|0,0|0,0|0,0|0,0|0,0|0,0|0,0.5|1,0.5|1,0|0,0|0,4
849f45d30dd6660531d3ec1dcc964fecb4dd9e6b,0.5|1,0.5|1,0|0,0|0,0|0,0|0,0|0,0|0,0|0,0|0,0|0,0|0,0|0,0|0,0|0,0|0,0.5|1,0.5|1,0|0,0|0,4
b62e804738b74b619bc1e67877dceb494ab837d3,0.5|1,0.5|1,0|0,0|0,0|0,0|0,0|0,0|0,0|0,0|0,0|0,0|0,0|0,0|0,0|0,0|0,0.5|1,0.5|1,0|0,0|0,4
68ab1bd7c07ed1818be59990bfcf57a173a00dba,0.5|1,0.5|1,0|0,0|0,0|0,0|0,0|0,0|0,0|0,0|0,0|0,0|0,0|0,0|0,0|0,0|0,0.5|1,0.5|1,0|0,0|0,4
a517bc3d8ea714dd29cee1f4a5c269cc4608ad34,0.5|1,0.5|1,0|0,0|0,0|0,0|0,0|0,0|0,0|0,0|0,0|0,0|0,0|0,0|0,0|0,0|0,0.5|1,0.5|1,0|0,0|0,4
284b040130bc5ec421cbbd8f8c683be567ef2a51,0.5|1,0.5|1,0|0,0|0,0|0,0|0,0|0,0|0,0|0,0|0,0|0,0|0,0|0,0|0,0|0,0|0,0.5|1,0.5|1,0|0,0|0,4
989ef82663f195c40482e0c680f7bb01b86ef607,0.5|1,0.5|1,0|0,0|0,0|0,0|0,0|0,0|0,0|0,0|0,0|0,0|0,0|0,0|0,0|0,0|0,0.5|1,0.5|1,0|0,0|0,4
990596523b9fdd6ef0d51d80a6e0f84f98b6134f,0.5|1,0.5|1,0|0,0|0,0|0,0|0,0|0,0|0,0|0,0|0,0|0,0|0,0|0,0|0,0|0,0|0,0.5|1,0.5|1,0|0,0|0,4
96af8aa162e60f709aa0b023b227673f5a356089,0.5|1,0.5|1,0|0,0|0,0|0,0|0,0|0,0|0,0|0,0|0,0|0,0|0,0|0,0|0,0|0,0|0,0.5|1,0.5|1,0|0,0|0,4
05272e6c44a005ed004546100e2abe4860372a0e,0.5|1,0.5|1,0|0,0|0,0|0,0|0,0|0,0|0,0|0,0|0,0|0,0|0,0|0,0|0,0|0,0|0,0.5|1,0.5|1,0|0,0|0,4
1df4b43eff79475acc24163560ed3aa9d29f7054,0.5|1,0.5|1,0|0,0|0,0|0,0|0,0|0,0|0,0|0,0|0,0|0,0|0,0|0,0|0,0|0,0|0,0.5|1,0.5|1,0|0,0|0,4
8d30d2a5925654ec7a53e16f94a8c0ab370e7165,0.5|1,0.5|1,0|0,0|0,0|0,0|0,0|0,0|0,0|0,0|0,0|0,0|0,0|0,0|0,0|0,0|0,0.5|1,0.5|1,0|0,0|0,4
bb66f65eb3407281cb13435e8c4732f671934700,0.5|1,0.5|1,0|0,0|0,0|0,0|0,0|0,0|0,0|0,0|0,0|0,0|0,0|0,0|0,0|0,0|0,0.5|1,0.5|1,0|0,0|0,4
a70a54a32a87ab3e76fa2ef32dcc98b6ec8a8032,0.5|1,0.5|1,0|0,0|0,0|0,0|0,0|0,0|0,0|0,0|0,0|0,0|0,0|0,0|0,0|0,0|0,0.5|1,0.5|1,0|0,0|0,4
a834e3b5cb6f9cb7ec353c3086774c02448fe0f4,0.5|1,0.5|1,0|0,0|0,0|0,0|0,0|0,0|0,0|0,0|0,0|0,0|0,0|0,0|0,0|0,0|0,0.5|1,0.5|1,0|0,0|0,4
2d1eb76db54745916e095b85a5c0ef6b06fe1ac1,0.5|1,0.5|1,0|0,0|0,0|0,0|0,0|0,0|0,0|0,0|0,0|0,0|0,0|0,0|0,0|0,0|0,0.5|1,0.5|1,0|0,0|0,4
a77b26ad56da3a713d9543021e0e912c25a2b45f,0.5|1,0.5|1,0|0,0|0,0|0,0|0,0|0,0|0,0|0,0|0,0|0,0|0,0|0,0|0,0|0,0|0,0.5|1,0.5|1,0|0,0|0,4
6fa18515d0d4f06b0afcf268cf39c7277792d0dd,0.5|1,0.5|1,0|0,0|0,0|0,0|0,0|0,0|0,0|0,0|0,0|0,0|0,0|0,0|0,0|0,0|0,0.5|1,0.5|1,0|0,0|0,4
6978abfb53ffebb3d6919372a3e6e4109c2237cb,0.5|1,0.5|1,0|0,0|0,0|0,0|0,0|0,0|0,0|0,0|0,0|0,0|0,0|0,0|0,0|0,0|0,0.5|1,0.5|1,0|0,0|0,4
92ce0298d06b8a6aa54742f26a526e44ecef7830,0.5|1,0.5|1,0|0,0|0,0|0,0|0,0|0,0|0,0|0,0|0,0|0,0|0,0|0,0|0,0|0,0|0,0.5|1,0.5|1,0|0,0|0,4
2499e198ecc3bdff60979329e26a8797c92277cc,0.5|1,0.5|1,0|0,0|0,0|0,0|0,0|0,0|0,0|0,0|0,0|0,0|0,0|0,0|0,0|0,0|0,0.5|1,0.5|1,0|0,0|0,4
a69469c3aa1fab4e719e84caf6d8e3728732c5a6,0.5|1,0.5|1,0|0,0|0,0|0,0|0,0|0,0|0,0|0,0|0,0|0,0|0,0|0,0|0,0|0,0|0,0.5|1,0.5|1,0|0,0|0,4
7521ef1064c135431100a820feb5be5040c3066b,0.5|1,0.5|1,0|0,0|0,0|0,0|0,0|0,0|0,0|0,0|0,0|0,0|0,0|0,0|0,0|0,0|0,0.5|1,0.5|1,0|0,0|0,4
c1c283de47683528a6e8dd1b2c52b32dbc090723,0.5|1,0.5|1,0|0,0|0,0|0,0|0,0|0,0|0,0|0,0|0,0|0,0|0,0|0,0|0,0|0,0|0,0.5|1,0.5|1,0|0,0|0,4
5afa638ec029af0136c3aacc71ab9a4db263a3ec,0.5|1,0.5|1,0|0,0|0,0|0,0|0,0|0,0|0,0|0,0|0,0|0,0|0,0|0,0|0,0|0,0|0,0.5|1,0.5|1,0|0,0|0,4
a43ba0dc924b423bf18ca3854419cddd2bda15a2,0.5|1,0.5|1,0|0,0|0,0|0,0|0,0|0,0|0,0|0,0|0,0|0,0|0,0|0,0|0,0|0,0|0,0.5|1,0.5|1,0|0,0|0,4
ad06c59a321507d3a77ab82b7e9db84345c82d60,0.5|1,0.5|1,0|0,0|0,0|0,0|0,0|0,0|0,0|0,0|0,0|0,0|0,0|0,0|0,0|0,0|0,0.5|1,0.5|1,0|0,0|0,4
7e7088ca7540978a493ca8e3e94d4a19a2fed1f6,0.5|1,0.5|1,0|0,0|0,0|0,0|0,0|0,0|0,0|0,0|0,0|0,0|0,0|0,0|0,0|0,0|0,0.5|1,0.5|1,0|0,0|0,4
c05c6a99f9e2a47da45f752927a5cc2ee6219e3c,0.5|1,0.5|1,0|0,0|0,0|0,0|0,0|0,0|0,0|0,0|0,0|0,0|0,0|0,0|0,0|0,0|0,0.5|1,0.5|1,0|0,0|0,4
2b0d1e7c913e8fa1b65c0cef88da0b8ab103b2bf,0.5|1,0.5|1,0|0,0|0,0|0,0|0,0|0,0|0,0|0,0|0,0|0,0|0,0|0,0|0,0|0,0|0,0.5|1,0.5|1,0|0,0|0,4
08620ecdece46615cb413ed465be3c95fccb189c,0.5|1,0.5|1,0|0,0|0,0|0,0|0,0|0,0|0,0|0,0|0,0|0,0|0,0|0,0|0,0|0,0|0,0.5|1,0.5|1,0|0,0|0,4
faac3c60d3a55101b59d82177ae84e2ac39e7f5d,0.5|1,0.5|1,0|0,0|0,0|0,0|0,0|0,0|0,0|0,0|0,0|0,0|0,0|0,0|0,0|0,0|0,0.5|1,0.5|1,0|0,0|0,4
144de3a7e6c7d1caa6f6fe45a0566b108cc6708c,0.5|1,0.5|1,0|0,0|0,0|0,0|0,0|0,0|0,0|0,0|0,0|0,0|0,0|0,0|0,0|0,0.5|1,0.5|1,0.5|1,0|0,0|0,5
085564c3d7b341b088eb7898dbce98c009f7b306,0.5|1,0.5|1,0|0,0|0,0|0,0|0,0|0,0|0,0|0,0|0,0|0,0|0,0|0,0|0,0|0,0.5|1,0.5|1,0.5|1,0|0,0|0,5
69483b5a0bde4c360b08b8f09c822a1f132ccec7,0.5|1,0.5|1,0|0,0|0,0|0,0|0,0|0,0|0,0|0,0|0,0|0,0|0,0|0,0|0,0|0,0.5|1,0.5|1,0.5|1,0|0,0|0,5
77840ec220738417e8703c83a219d382b29309c4,0.5|1,0.5|1,0|0,0|0,0|0,0|0,0|0,0|0,0|0,0|0,0|0,0|0,0|0,0|0,0|0,0.5|1,0.5|1,0.5|1,0|0,0|0,5
8f25e6862cea7290812c2ba4e16496915fd22ab1,0.5|1,0.5|1,0|0,0|0,0|0,0|0,0|0,0|0,0|0,0|0,0|0,0|0,0|0,0|0,0.5|1,0.5|1,0.5|1,0.5|1,0|0,0|0,6
2539c1ef0af0a7fafeb8f26e1df33c5e7c28db45,0.5|1,0.5|1,0|0,0|0,0|0,0|0,0|0,0|0,0|0,0|0,0|0,0|0,0|0,0|0,0.5|1,0.5|1,0.5|1,0.5|1,0|0,0|0,6
dc291cf89e03e5deb077bbe456805213ea61bd11,0.5|1,0.5|1,0|0,0|0,0|0,0|0,0|0,0|0,0|0,0|0,0|0,0|0,0|0,0|0,0.5|1,0.5|1,0.5|1,0.5|1,0|0,0|0,6
75ccb84b31789d08bbcff4b012ecafeeffc7b057,0.5|1,0.5|1,0|0,0|0,0|0,0|0,0|0,0|0,0|0,0|0,0|0,0|0,0|0,0.5|1,0.5|1,0.5|1,0.5|1,0.5|1,0|0,0|0,7
dcfa82ed586a1920e9b86a74159762934e93f337,0.5|1,0.5|1,0|0,0|0,0|0,0|0,0|0,0|0,0|0,0|0,0|0,0|0,0|0,0.5|1,0.5|1,0.5|1,0.5|1,0.5|1,0|0,0|0,7
c0be0759f21d71dd0ede57ce836abdff1ee88054,0.5|1,0.5|1,0|0,0|0,0|0,0|0,0|0,0|0,0|0,0|0,0|0,0|0,0|0,0.5|1,0.5|1,0.5|1,0.5|1,0.5|1,0|0,0|0,7
afcfd059dd421ecd4f47447886dc96eb6acc3a39,0.5|1,0.5|1,0|0,0|0,0|0,0|0,0|0,0|0,0|0,0|0,0|0,0|0,0.5|1,0.5|1,0.5|1,0.5|1,0.5|1,0.5|1,0|0,0|0,8
e1c9f92c72fed4baa1f2998b3b50eea0987ae692,0.5|1,0.5|1,0.5|0,0.5|0,0.5|0,0.5|0,0.5|0,0.5|0,0.5|0,0.5|1,0.5|0,0.5|0,0.5|1,0.5|1,0.5|1,0.5|1,0.5|1,0.5|1,0.5|0,0.5|0,9
6790142885acac0159e65ac151efb304476c8201,0.5|1,0.5|1,0.5|0,0.5|0,0.5|0,0.5|0,0.5|0,0.5|0,0.5|0,0.5|1,0.5|1,0.5|0,0.5|1,0.5|1,0.5|1,0.5|1,0.5|1,0.5|1,0.5|0,0.5|0,10
f6296c76ea3c51ce2e602b3280c3df431a1820cd,0.5|1,0.5|1,0.5|0,0.5|0,0.5|0,0.5|0,0.5|0,0.5|0,0.5|0,0.5|1,0.5|1,0.5|1,0.5|1,0.5|1,0.5|1,0.5|1,0.5|1,0.5|1,0.5|0,0.5|0,11
8d9aa71568eca0038d2448511d94ce5acc06a858,0.5|1,0.5|1,0.5|0,0.5|0,0.5|0,0.5|0,0.5|0,0.5|0,0.5|0,0.5|1,0.5|1,0.5|0,0.5|1,0.5|1,0.5|1,0.5|1,0.5|1,0.5|1,0.5|0,0.5|0,10
cdaaa1e799e26a976b17fea99dc586fa59319163,0.5|1,0.5|1,0.5|0,0.5|0,0.5|0,0.5|0,0.5|0,0.5|0,0.5|0,0.5|1,0.5|1,0.5|0,0.5|1,0.5|1,0.5|1,0.5|1,0.5|1,0.5|1,0.5|0,0.5|0,10
693cb2460d6ca3a4e47d826d06e07d3df3c1bbdf,0.5|1,0.5|1,0.5|0,0.5|0,0.5|0,0.5|0,0.5|0,0.5|0,0.5|0,0.5|1,0.5|1,0.5|0,0.5|1,0.5|1,0.5|1,0.5|1,0.5|1,0.5|1,0.5|0,0.5|0,10
9c9b0b8f944a174f4e47531805ed5b68b9e5f21c,0.5|1,0.5|1,0.5|0,0.5|0,0.5|0,0.5|0,0.5|0,0.5|0,0.5|0,0.5|1,0.5|1,0.5|0,0.5|1,0.5|1,0.5|1,0.5|1,0.5|1,0.5|1,0.5|0,0.5|0,10
65e0f36233a7c7e9d4394732f9cb1bbc671ecba4,0.5|1,0.5|1,0.5|0,0.5|0,0.5|0,0.5|0,0.5|0,0.5|0,0.5|0,0.5|1,0.5|1,0.5|0,0.5|1,0.5|1,0.5|1,0.5|1,0.5|1,0.5|1,0.5|0,0.5|0,10
7fe08488d78f548f095e6f32e9f3c9b21937e242,0.5|1,0.5|1,0.5|0,0.5|0,0.5|0,0.5|0,0.5|0,0.5|0,0.5|0,0.5|1,0.5|1,0.5|0,0.5|1,0.5|1,0.5|1,0.5|1,0.5|1,0.5|1,0.5|0,0.5|0,10
f0dfc4ddb4d3182d36d979663d483448dc3e9a62,0.5|1,0.5|1,0.5|0,0.5|0,0.5|0,0.5|0,0.5|0,0.5|0,0.5|0,0.5|1,0.5|1,0.5|0,0.5|1,0.5|1,0.5|1,0.5|1,0.5|1,0.5|1,0.5|0,0.5|0,10
ec5d112ab524cd89166bed2a42bfbb992c04bf03,0.5|1,0.5|1,0.5|0,0.5|0,0.5|0,0.5|0,0.5|0,0.5|0,0.5|0,0.5|1,0.5|1,0.5|0,0.5|1,0.5|1,0.5|1,0.5|1,0.5|1,0.5|1,0.5|0,0.5|0,10
4b28d06955f246d6e61be93c692c95b425b64125,0.5|1,0.5|1,0.5|0,0.5|0,0.5|0,0.5|0,0.5|0,0.5|0,0.5|0,0.5|1,0.5|1,0.5|0,0.5|1,0.5|1,0.5|1,0.5|1,0.5|1,0.5|1,0.5|0,0.5|0,10
db0320791abb11f40586e4368da968472f56267e,0.5|1,0.5|1,0.5|0,0.5|0,0.5|0,0.5|0,0.5|0,0.5|0,0.5|0,0.5|1,0.5|1,0.5|0,0.5|1,0.5|1,0.5|1,0.5|1,0.5|1,0.5|1,0.5|0,0.5|0,10
de5a79ffd9438cded742e05e62361501ff13654d,0.5|1,0.5|1,0.5|0,0.5|0,0.5|0,0.5|0,0.5|0,0.5|0,0.5|0,0.5|1,0.5|1,0.5|0,0.5|1,0.5|1,0.5|1,0.5|1,0.5|1,0.5|1,0.5|0,0.5|0,10
823757f0a17443f743ecc05181100758e5f73763,0.5|1,0.5|1,0.5|0,0.5|0,0.5|0,0.5|0,0.5|0,0.5|0,0.5|0,0.5|1,0.5|1,0.5|0,0.5|1,0.5|1,0.5|1,0.5|1,0.5|1,0.5|1,0.5|0,0.5|0,10
45ed751ea72a5c4d94ed0b0515ef558e1f37eedd,0.5|1,0.5|1,0.5|0,0.5|0,0.5|0,0.5|0,0.5|0,0.5|0,0.5|0,0.5|1,0.5|1,0.5|0,0.5|1,0.5|1,0.5|1,0.5|1,0.5|1,0.5|1,0.5|0,0.5|0,10
528f7c59d47daa912bfa9ecccc6fd32f438a58f8,0.5|1,0.5|1,0.5|0,0.5|0,0.5|0,0.5|0,0.5|0,0.5|0,0.5|0,0.5|1,0.5|1,0.5|0,0.5|1,0.5|1,0.5|1,0.5|1,0.5|1,0.5|1,0.5|0,0.5|0,10
ca7ded97f6e85fdcc7f119f77b51a7607618dbbb,0.5|1,0.5|1,0.5|0,0.5|0,0.5|0,0.5|0,0.5|0,0.5|0,0.5|0,0.5|1,0.5|1,0.5|0,0.5|1,0.5|1,0.5|1,0.5|1,0.5|1,0.5|1,0.5|0,0.5|0,10
c43fa85fb7741b6ca0565be6bcc20574f7c5cf1e,0.5|1,0.5|1,0.5|0,0.5|0,0.5|0,0.5|0,0.5|0,0.5|0,0.5|0,0.5|1,0.5|1,0.5|0,0.5|1,0.5|1,0.5|1,0.5|1,0.5|1,0.5|1,0.5|0,0.5|0,10
c5e0107c4a1b7d53b8aaa8fb58db65709f73e28c,0.5|1,0.5|1,0.5|0,0.5|0,0.5|0,0.5|0,0.5|0,0.5|0,0.5|0,0.5|1,0.5|1,0.5|0,0.5|1,0.5|1,0.5|1,0.5|1,0.5|1,0.5|1,0.5|0,0.5|0,10
e99d541a43a5ea65bb705ca93b132f772451d3a7,0.5|1,0.5|1,0.5|0,0.5|0,0.5|0,0.5|0,0.5|0,0.5|0,0.5|0,0.5|1,0.5|1,0.5|0,0.5|1,0.5|1,0.5|1,0.5|1,0.5|1,0.5|1,0.5|0,0.5|0,10
06ceee61cca0fbdf54245435cf0ca615b43de9ab,0.5|1,0.5|1,0.5|0,0.5|0,0.5|0,0.5|0,0.5|0,0.5|0,0.5|0,0.5|1,0.5|1,0.5|0,0.5|1,0.5|1,0.5|1,0.5|1,0.5|1,0.5|1,0.5|0,0.5|0,10
6cf88c6d34a2f02c8af7f440f672d533b1fa143f,0.5|1,0.5|1,0.5|0,0.5|0,0.5|0,0.5|0,0.5|0,0.5|0,0.5|0,0.5|1,0.5|1,0.5|0,0.5|1,0.5|1,0.5|1,0.5|1,0.5|1,0.5|1,0.5|0,0.5|0,10
d6a835049637a4779edd6714a9eecca5ebc06f56,0.5|1,0.5|1,0.5|0,0.5|0,0.5|0,0.5|0,0.5|0,0.5|0,0.5|0,0.5|1,0.5|1,0.5|0,0.5|1,0.5|1,0.5|1,0.5|1,0.5|1,0.5|1,0.5|0,0.5|0,10
b71d874a4bb6153ad867a44425d5c69c952f9a64,0.5|1,0.5|1,0.5|0,0.5|0,0.5|0,0.5|0,0.5|0,0.5|0,0.5|0,0.5|1,0.5|1,0.5|0,0.5|1,0.5|1,0.5|1,0.5|1,0.5|1,0.5|1,0.5|0,0.5|0,10
318243002f5ea0760adcdd183a61b1d8a1b5193b,0.5|1,0.5|1,0.5|0,0.5|0,0.5|0,0.5|0,0.5|0,0.5|0,0.5|0,0.5|1,0.5|1,0.5|0,0.5|1,0.5|1,0.5|1,0.5|1,0.5|1,0.5|1,0.5|0,0.5|0,10
4662663681660c81cedffb7520d95f23632e1ede,0.5|1,0.5|1,0.5|0,0.5|0,0.5|0,0.5|0,0.5|0,0.5|0,0.5|0,0.5|1,0.5|1,0.5|0,0.5|1,0.5|1,0.5|1,0.5|1,0.5|1,0.5|1,0.5|0,0.5|0,10
907e5206510f7472989959083a5a39072fd58b54,0.5|1,0.5|1,0.5|0,0.5|0,0.5|0,0.5|0,0.5|0,0.5|0,0.5|0,0.5|1,0.5|1,0.5|0,0.5|1,0.5|1,0.5|1,0.5|1,0.5|1,0.5|1,0.5|0,0.5|0,10
afccbcf8124431eafee66cf9a914860f0feeca5e,0.5|1,0.5|1,0.5|0,0.5|0,0.5|0,0.5|0,0.5|0,0.5|0,0.5|0,0.5|1,0.5|1,0.5|0,0.5|1,0.5|1,0.5|1,0.5|1,0.5|1,0.5|1,0.5|0,0.5|0,10
2fcd0138f968e175b848ae8e366475e9cfa90b41,0.5|1,0.5|1,0.5|0,0.5|0,0.5|0,0.5|0,0.5|0,0.5|0,0.5|0,0.5|1,0.5|1,0.5|0,0.5|1,0.5|1,0.5|1,0.5|1,0.5|1,0.5|1,0.5|0,0.5|0,10
7f24b2cca4a116bb940b3369c9a580fcb646097b,0.5|1,0.5|1,0.5|0,0.5|0,0.5|0,0.5|0,0.5|0,0.5|0,0.5|0,0.5|1,0.5|1,0.5|0,0.5|1,0.5|1,0.5|1,0.5|1,0.5|1,0.5|1,0.5|0,0.5|0,10
7d727b3c16a97e30f19aa6b4f4fbf2b02f72b1d1,0.5|1,0.5|1,0.5|0,0.5|0,0.5|0,0.5|0,0.5|0,0.5|0,0.5|0,0.5|1,0.5|1,0.5|0,0.5|1,0.5|1,0.5|1,0.5|1,0.5|1,0.5|1,0.5|0,0.5|0,10
52e9fcf8a23a463f115fa6ec85ce2c3e35e53d09,0.5|1,0.5|1,0.5|0,0.5|0,0.5|0,0.5|0,0.5|0,0.5|0,0.5|0,0.5|1,0.5|1,0.5|0,0.5|1,0.5|1,0.5|1,0.5|1,0.5|1,0.5|1,0.5|0,0.5|0,10
e644911c988419e786bce261081c15cbf1d367be,0.5|1,0.5|1,0.5|0,0.5|0,0.5|0,0.5|0,0.5|0,0.5|0,0.5|0,0.5|1,0.5|1,0.5|0,0.5|1,0.5|1,0.5|1,0.5|1,0.5|1,0.5|1,0.5|0,0.5|0,10
4eec378afed78e06966be5037b3b33f16966ffe7,0.5|1,0.5|1,0.5|0,0.5|0,0.5|0,0.5|0,0.5|0,0.5|0,0.5|0,0.5|1,0.5|1,0.5|0,0.5|1,0.5|1,0.5|1,0.5|1,0.5|1,0.5|1,0.5|0,0.5|0,10
f7880465cad87bc01c0f8b5c26f6949e56b12b1b,0.5|1,0.5|1,0.5|0,0.5|0,0.5|0,0.5|0,0.5|0,0.5|0,0.5|0,0.5|1,0.5|1,0.5|0,0.5|1,0.5|1,0.5|1,0.5|1,0.5|1,0.5|1,0.5|0,0.5|0,10
829c46cf84e21684920f26c4159c92a0e0d2dfb7,0.5|1,0.5|1,0.5|0,0.5|0,0.5|0,0.5|0,0.5|0,0.5|0,0.5|0,0.5|1,0.5|1,0.5|0,0.5|1,0.5|1,0.5|1,0.5|1,0.5|1,0.5|1,0.5|0,0.5|0,10
5bcf10f6d327b6cd40ca0cd034e15092eb6096bd,0.5|1,0.5|1,0.5|0,0.5|0,0.5|0,0.5|0,0.5|0,0.5|0,0.5|0,0.5|1,0.5|1,0.5|0,0.5|1,0.5|1,0.5|1,0.5|1,0.5|1,0.5|1,0.5|0,0.5|0,10
348e63bdf54456cc757db821d000ee3c85a0843b,0.5|1,0.5|1,0.5|0,0.5|0,0.5|0,0.5|0,0.5|0,0.5|0,0.5|0,0.5|1,0.5|1,0.5|0,0.5|1,0.5|1,0.5|1,0.5|1,0.5|1,0.5|1,0.5|0,0.5|0,10
64d506a891e75a755f4dd6398a26cfa2092e3298,0.5|1,0.5|1,0.5|0,0.5|0,0.5|0,0.5|0,0.5|0,0.5|0,0.5|0,0.5|1,0.5|1,0.5|0,0.5|1,0.5|1,0.5|1,0.5|1,0.5|1,0.5|1,0.5|0,0.5|0,10
0844c780320b1e419b61642dab2d905bc4e55c8f,0.5|1,0.5|1,0.5|0,0.5|0,0.5|0,0.5|0,0.5|0,0.5|0,0.5|0,0.5|1,0.5|1,0.5|0,0.5|1,0.5|1,0.5|1,0.5|1,0.5|1,0.5|1,0.5|0,0.5|0,10
c075a35941ad6de8af2173970ff7ec86ccbf86db,0.5|1,0.5|1,0.5|0,0.5|0,0.5|0,0.5|0,0.5|0,0.5|0,0.5|0,0.5|1,0.5|1,0.5|0,0.5|1,0.5|1,0.5|1,0.5|1,0.5|1,0.5|1,0.5|0,0.5|0,10
e677012b8b67555ad4136beaeaf7a96831a35745,0.5|1,0.5|1,0.5|0,0.5|0,0.5|0,0.5|0,0.5|0,0.5|0,0.5|0,0.5|1,0.5|1,0.5|0,0.5|1,0.5|1,0.5|1,0.5|1,0.5|1,0.5|1,0.5|0,0.5|0,10
e719766a8d29d77841f2d42a0fc1c6de486b76aa,0.5|1,0.5|1,0.5|0,0.5|0,0.5|0,0.5|0,0.5|0,0.5|0,0.5|0,0.5|1,0.5|1,0.5|0,0.5|1,0.5|1,0.5|1,0.5|1,0.5|1,0.5|1,0.5|0,0.5|0,10
44192bf36918668d55952388677fff369fba1fa0,0.5|1,0.5|1,0.5|0,0.5|0,0.5|0,0.5|0,0.5|0,0.5|0,0.5|0,0.5|1,0.5|1,0.5|0,0.5|1,0.5|1,0.5|1,0.5|1,0.5|1,0.5|1,0.5|0,0.5|0,10
d09b9f077834452871bfe31133fa2dab09c259c3,0.5|1,0.5|1,0.5|0,0.5|0,0.5|0,0.5|0,0.5|0,0.5|0,0.5|0,0.5|1,0.5|1,0.5|0,0.5|1,0.5|1,0.5|1,0.5|1,0.5|1,0.5|1,0.5|0,0.5|0,10
338e8382d689de5a868d7f00e8093545f07ed8a4,0.5|1,0.5|1,0.5|0,0.5|0,0.5|0,0.5|0,0.5|0,0.5|0,0.5|0,0.5|1,0.5|1,0.5|0,0.5|1,0.5|1,0.5|1,0.5|1,0.5|1,0.5|1,0.5|0,0.5|0,10
de79b35a12d70da0b11a6355c161035ddbad374a,0.5|1,0.5|1,0.5|0,0.5|0,0.5|0,0.5|0,0.5|0,0.5|0,0.5|0,0.5|1,0.5|1,0.5|0,0.5|1,0.5|1,0.5|1,0.5|1,0.5|1,0.5|1,0.5|0,0.5|0,10
9fa2e96809885d828940c4e5ee0d0ddb762df423,0.5|1,0.5|1,0.5|0,0.5|0,0.5|0,0.5|0,0.5|0,0.5|0,0.5|0,0.5|1,0.5|1,0.5|0,0.5|1,0.5|1,0.5|1,0.5|1,0.5|1,0.5|1,0.5|0,0.5|0,10
969db1b2f92db6fdb97bddd32340752ccb30aa36,0.5|1,0.5|1,0.5|0,0.5|0,0.5|0,0.5|0,0.5|0,0.5|0,0.5|0,0.5|1,0.5|1,0.5|0,0.5|1,0.5|1,0.5|1,0.5|1,0.5|1,0.5|1,0.5|0,0.5|0,10
aa9851e048a2189e9d5aa914b381d49057619b8f,0.5|1,0.5|1,0.5|0,0.5|0,0.5|0,0.5|0,0.5|0,0.5|0,0.5|0,0.5|1,0.5|1,0.5|0,0.5|1,0.5|1,0.5|1,0.5|1,0.5|1,0.5|1,0.5|0,0.5|0,10
51170a7c31b8a9a02be615c4e8686aae3780c40e,0.5|1,0.5|1,0.5|0,0.5|0,0.5|0,0.5|0,0.5|0,0.5|0,0.5|0,0.5|1,0.5|1,0.5|0,0.5|1,0.5|1,0.5|1,0.5|1,0.5|1,0.5|1,0.5|0,0.5|0,10
444c66ebd2b8efec7ddc098466377f353c45a8e9,0.5|1,0.5|1,0.5|0,0.5|0,0.5|0,0.5|0,0.5|0,0.5|0,0.5|0,0.5|1,0.5|1,0.5|0,0.5|1,0.5|1,0.5|1,0.5|1,0.5|1,0.5|1,0.5|0,0.5|0,10
eb6f738d7692207adea0f9b61429b1c32d9bc3fa,0.5|1,0.5|1,0.5|0,0.5|0,0.5|0,0.5|0,0.5|0,0.5|0,0.5|0,0.5|1,0.5|1,0.5|0,0.5|1,0.5|1,0.5|1,0.5|1,0.5|1,0.5|1,0.5|0,0.5|0,10
5a9304f0f563f154d0b553c6a91366f81100b75f,0.5|1,0.5|1,0.5|0,0.5|0,0.5|0,0.5|0,0.5|0,0.5|0,0.5|0,0.5|1,0.5|1,0.5|0,0.5|1,0.5|1,0.5|1,0.5|1,0.5|1,0.5|1,0.5|0,0.5|0,10
9ed697d69ad3c233802c6249b6bf13f8ddc9e267,0.5|1,0.5|1,0.5|0,0.5|0,0.5|0,0.5|0,0.5|0,0.5|0,0.5|0,0.5|1,0.5|1,0.5|0,0.5|1,0.5|1,0.5|1,0.5|1,0.5|1,0.5|1,0.5|0,0.5|0,10
e5bc59bf6689f37bec21dc1567d1a1ceb67d4cab,0.5|1,0.5|1,0.5|0,0.5|0,0.5|0,0.5|0,0.5|0,0.5|0,0.5|0,0.5|1,0.5|1,0.5|0,0.5|1,0.5|1,0.5|1,0.5|1,0.5|1,0.5|1,0.5|0,0.5|0,10
1a5bb4ae5daff72469ad80dce07bb8067721d9d1,0.5|1,0.5|1,0.5|0,0.5|0,0.5|0,0.5|0,0.5|0,0.5|0,0.5|0,0.5|1,0.5|1,0.5|0,0.5|1,0.5|1,0.5|1,0.5|1,0.5|1,0.5|1,0.5|0,0.5|0,10
3d25958e8d0192efdd0114a188b9f3d46a32f396,0.5|1,0.5|1,0.5|0,0.5|0,0.5|0,0.5|0,0.5|0,0.5|0,0.5|0,0.5|1,0.5|1,0.5|0,0.5|1,0.5|1,0.5|1,0.5|1,0.5|1,0.5|1,0.5|0,0.5|0,10
ce442bad3e1f70b4384f9da4bb0d742efe6dde2d,0.5|1,0.5|1,0.5|0,0.5|0,0.5|0,0.5|0,0.5|0,0.5|0,0.5|0,0.5|1,0.5|1,0.5|0,0.5|1,0.5|1,0.5|1,0.5|1,0.5|1,0.5|1,0.5|0,0.5|0,10
9282581f3f974938dfff91e6dcd35a054fffb7f2,0.5|1,0.5|1,0.5|0,0.5|0,0.5|0,0.5|0,0.5|0,0.5|0,0.5|0,0.5|1,0.5|1,0.5|0,0.5|1,0.5|1,0.5|1,0.5|1,0.5|1,0.5|1,0.5|0,0.5|0,10
7a65f7f054238dc7296cae2a2ae6cc79fb4ce306,0.5|1,0.5|1,0.5|0,0.5|0,0.5|0,0.5|0,0.5|0,0.5|0,0.5|0,0.5|1,0.5|1,0.5|0,0.5|1,0.5|1,0.5|1,0.5|1,0.5|1,0.5|1,0.5|0,0.5|0,10
63e97ef2aed7257daf771b23166b4e20880e1a55,0.5|1,0.5|1,0|0,0|0,0|0,0|0,0|0,0|0,0.5|1,0.5|1,0.5|1,0|0,0.5|1,0.5|1,0.5|1,0.5|1,0.5|1,0.5|1,0|0,0|0,11
6f69e343db531191e2eef0118c4e0c15aeeaf88d,0.5|1,0.5|1,0|0,0|0,0|0,0|0,0|0,0|0,0.5|1,0.5|1,0.5|1,0|0,0.5|1,0.5|1,0.5|1,0.5|1,0.5|1,0.5|1,0|0,0|0,11
3e6987ebe628eb5bcdd54dc5d0372dcfb293eaa2,0.5|1,0.5|1,0|0,0|0,0|0,0|0,0|0,0|0,0.5|1,0.5|1,0.5|1,0|0,0.5|1,0.5|1,0.5|1,0.5|1,0.5|1,0.5|1,0|0,0|0,11
78565f9fc0ce8f0a2dd6f41c36777fffff077bec,0.5|1,0.5|1,0|0,0|0,0|0,0|0,0|0,0|0,0.5|1,0.5|1,0.5|1,0|0,0.5|1,0.5|1,0.5|1,0.5|1,0.5|1,0.5|1,0|0,0|0,11
b45da840082978f5d86c88728c447a75d425c4c7,0.5|1,0.5|1,0|0,0|0,0|0,0|0,0|0,0|0,0.5|1,0.5|1,0.5|1,0|0,0.5|1,0.5|1,0.5|1,0.5|1,0.5|1,0.5|1,0|0,0|0,11
83011ccf3c3c0d0632b88349db0b310c1ee168b9,0.5|1,0.5|1,0|0,0|0,0|0,0|0,0|0,0|0,0.5|1,0.5|1,0.5|1,0|0,0.5|1,0.5|1,0.5|1,0.5|1,0.5|1,0.5|1,0|0,0|0,11
cd1c66f3772e2052751a35aa35205957c735bd4d,0.5|1,0.5|1,0|0,0|0,0|0,0|0,0|0,0|0,0.5|1,0.5|1,0.5|1,0|0,0.5|1,0.5|1,0.5|1,0.5|1,0.5|1,0.5|1,0|0,0|0,11
fed7c2352af80b6d316894db0025ce244ee13af8,0.5|1,0.5|1,0|0,0|0,0|0,0|0,0|0,0|0,0.5|1,0.5|1,0.5|1,0|0,0.5|1,0.5|1,0.5|1,0.5|1,0.5|1,0.5|1,0|0,0|0,11
c70262435932dc84b7b4e9a1cd7b5911d34f4fe6,0.5|1,0.5|1,0|0,0|0,0|0,0|0,0|0,0|0,0.5|1,0.5|1,0.5|1,0|0,0.5|1,0.5|1,0.5|1,0.5|1,0.5|1,0.5|1,0|0,0|0,11
1379595c42ca9641dfcdc80c7f59139bc81c5e44,0.5|1,0.5|1,0|0,0|0,0|0,0|0,0|0,0|0,0.5|1,0.5|1,0.5|1,0|0,0.5|1,0.5|1,0.5|1,0.5|1,0.5|1,0.5|1,0|0,0|0,11
37ed10bfb3193fa9844e74fc894ae1d283b12797,0.5|1,0.5|1,0|0,0|0,0|0,0|0,0|0,0|0,0.5|1,0.5|1,0.5|1,0|0,0.5|1,0.5|1,0.5|1,0.5|1,0.5|1,0.5|1,0|0,0|0,11
16777c6aece92124f9254e54ae80eca6e199636e,0.5|1,0.5|1,0|0,0|0,0|0,0|0,0|0,0|0,0.5|1,0.5|1,0.5|1,0|0,0.5|1,0.5|1,0.5|1,0.5|1,0.5|1,0.5|1,0|0,0|0,11
86a21d79f1e3565d021ccca3f4f17fd63bd9f2ee,0.5|1,0.5|1,0|0,0|0,0|0,0|0,0|0,0|0,0.5|1,0.5|1,0.5|1,0|0,0.5|1,0.5|1,0.5|1,0.5|1,0.5|1,0.5|1,0|0,0|0,11
b8204e9e8adf707cc81bc2c00903ab43045298a7,0.5|1,0.5|1,0|0,0|0,0|0,0|0,0|0,0|0,0.5|1,0.5|1,0.5|1,0|0,0.5|1,0.5|1,0.5|1,0.5|1,0.5|1,0.5|1,0|0,0|0,11
e60a3317cbda08f3d04a085fb8497444596a439b,0.5|1,0.5|1,0|0,0|0,0|0,0|0,0|0,0|0,0.5|1,0.5|1,0.5|1,0|0,0.5|1,0.5|1,0.5|1,0.5|1,0.5|1,0.5|1,0|0,0|0,11
542824978efd9ca77ee042eb595fea06cac48133,0.5|1,0.5|1,0|0,0|0,0|0,0|0,0|0,0|0,0.5|1,0.5|1,0.5|1,0|0,0.5|1,0.5|1,0.5|1,0.5|1,0.5|1,0.5|1,0|0,0|0,11
15dd277bab0a61e458653a0f6e38697e824d29f7,0.5|1,0.5|1,0|0,0|0,0|0,0|0,0|0,0|0,0.5|1,0.5|1,0.5|1,0|0,0.5|1,0.5|1,0.5|1,0.5|1,0.5|1,0.5|1,0|0,0|0,11
ff9a60057e0085dd8ba2ceb2b43930f4abb3df8d,0.5|1,0.5|1,0|0,0|0,0|0,0|0,0|0,0|0,0.5|1,0.5|1,0.5|1,0|0,0.5|1,0.5|1,0.5|1,0.5|1,0.5|1,0.5|1,0|0,0|0,11
dca9746a9faabf872caebf9fa58b8ea1ebe355ee,0.5|1,0.5|1,0|0,0|0,0|0,0|0,0|0,0|0,0.5|1,0.5|1,0.5|1,0|0,0.5|1,0.5|1,0.5|1,0.5|1,0.5|1,0.5|1,0|0,0|0,11
faa69f3c85b765e50975c3ad4a072fe0aecf428f,0.5|1,0.5|1,0|0,0|0,0|0,0|0,0|0,0|0,0.5|1,0.5|1,0.5|1,0|0,0.5|1,0.5|1,0.5|1,0.5|1,0.5|1,0.5|1,0|0,0|0,11
4a8eafc30d78f34c1ec7822affa870a381d15e16,0.5|1,0.5|1,0|0,0|0,0|0,0|0,0|0,0|0,0.5|1,0.5|1,0.5|1,0|0,0.5|1,0.5|1,0.5|1,0.5|1,0.5|1,0.5|1,0|0,0|0,11
0f12da206191a7cbc981166681ad0f68b63219b6,0.5|1,0.5|1,0|0,0|0,0|0,0|0,0|0,0|0,0.5|1,0.5|1,0.5|1,0|0,0.5|1,0.5|1,0.5|1,0.5|1,0.5|1,0.5|1,0|0,0|0,11
b7b2810e617117c4420a5e1a4639515f2c45b26b,0.5|1,0.5|1,0|0,0|0,0|0,0|0,0.5|1,0.5|1,0.5|1,0.5|1,0.5|1,0|0,0.5|1,0.5|1,0.5|1,0.5|1,0.5|1,0.5|1,0|0,0|0,13
ab73418e29e000c54acb2a71d9f3bb57a779e792,0.5|1,0.5|1,0|0,0|0,0|0,0|0,0.5|1,0.5|1,0.5|1,0.5|1,0.5|1,0|0,0.5|1,0.5|1,0.5|1,0.5|1,0.5|1,0.5|1,0|0,0|0,13